t,exercise,source,raw,smoothed,confidence,face_x,face_y,face_w,face_h,face_conf,face_area,orientation,pose_nose_y,pose_shoulder_y,pose_hip_y,pose_conf,event,phase,armed,rep_count,state,low,high,pose_shoulder_w,pose_shoulder_conf,pose_orientation,luma_mean,luma_center
0.0000,squat,face,0.048309,0.042876,0.827388,0.165468,0.356092,0.293058,0.164845,0.827388,0.048309,5,0.453728,0.325396,,0.783691,,rest,0,0,debug,0.006000,0.012000,0.263043,0.438477,5,0.276345,0.263769
0.0333,squat,face,0.048843,0.044666,0.878620,0.173255,0.360637,0.294674,0.165754,0.878620,0.048843,5,0.459989,0.325216,0.028750,0.821777,,rest,0,0,debug,0.006000,0.012000,0.268381,0.469971,5,0.299544,0.275782
0.0667,squat,face,0.045374,0.044878,0.915097,0.187343,0.369723,0.284015,0.159759,0.915097,0.045374,5,0.463706,0.317688,0.031483,0.774414,,rest,0,0,debug,0.006000,0.012000,0.268310,0.475098,5,0.333312,0.306405
0.1000,squat,face,0.042633,0.044205,0.904362,0.195704,0.376165,0.275304,0.154858,0.904362,0.042633,5,0.465878,0.317153,0.033295,0.770996,,rest,0,0,debug,0.006000,0.012000,0.254420,0.419922,5,0.386212,0.385925
0.1333,squat,face,0.039015,0.042648,0.895954,0.211104,0.383844,0.263364,0.148142,0.895954,0.039015,5,0.471597,0.321864,0.034631,0.752441,,rest,0,0,debug,0.006000,0.012000,0.248562,0.516602,5,0.452685,0.469783
0.1667,squat,face,0.034935,0.040334,0.908134,0.225116,0.392708,0.249213,0.140182,0.908134,0.034935,5,0.475539,0.326918,0.037718,0.786133,,rest,0,0,debug,0.006000,0.012000,0.263596,0.526367,5,0.483475,0.519378
0.2000,squat,face,0.030980,0.037528,0.876951,0.239475,0.400780,0.234683,0.132009,0.876951,0.030980,5,0.477379,0.324601,0.041029,0.770996,,rest,0,0,debug,0.006000,0.012000,0.270854,0.526855,5,0.497825,0.542809
0.2333,squat,face,0.028180,0.034724,0.898404,0.254249,0.406433,0.223826,0.125902,0.898404,0.028180,5,0.480290,0.326116,0.039038,0.841309,,rest,0,0,debug,0.006000,0.012000,0.278965,0.441406,5,0.505551,0.547902
0.2667,squat,face,0.025421,0.031933,0.892405,0.268357,0.413911,0.212585,0.119579,0.892405,0.025421,5,0.486602,0.327568,0.046205,0.830566,,rest,0,0,debug,0.006000,0.012000,0.272819,0.495605,5,0.507197,0.546426
0.3000,squat,face,0.023705,0.029464,0.903011,0.279550,0.416679,0.205285,0.115473,0.903011,0.023705,5,0.487413,0.331852,0.035464,0.801270,,rest,0,0,debug,0.006000,0.012000,0.260763,0.501953,5,0.509591,0.548276
0.3333,squat,face,0.022071,0.027246,0.914830,0.290600,0.422098,0.198085,0.111423,0.914830,0.022071,5,0.490292,0.336353,0.036208,0.829590,,rest,0,0,debug,0.006000,0.012000,0.246310,0.512695,5,0.511050,0.550578
0.3667,squat,face,0.020069,0.025093,0.877786,0.304418,0.426663,0.188885,0.106248,0.877786,0.020069,5,0.490825,0.338932,0.042937,0.793945,,rest,0,0,debug,0.006000,0.012000,0.241176,0.536133,5,0.510530,0.553771
0.4000,squat,face,0.018119,0.023001,0.873045,0.318778,0.428697,0.179477,0.100956,0.873045,0.018119,5,0.492693,0.340468,0.040361,0.863770,,rest,0,0,debug,0.006000,0.012000,0.231331,0.535156,5,0.509410,0.558039
0.4334,squat,face,0.016555,0.021067,0.856672,0.332605,0.432714,0.171553,0.096499,0.856672,0.016555,5,0.492915,0.343525,0.043088,0.826172,,rest,0,0,debug,0.006000,0.012000,0.225171,0.568359,5,0.508812,0.561705
0.4667,squat,face,0.014764,0.019176,0.887742,0.344942,0.433669,0.162008,0.091129,0.887742,0.014764,5,0.490898,0.344677,0.044638,0.829102,,rest,0,0,debug,0.006000,0.012000,0.216819,0.576660,5,0.508845,0.564790
0.5000,squat,face,0.013471,0.017465,0.897860,0.359824,0.434804,0.154755,0.087050,0.897860,0.013471,5,0.489187,0.345047,0.049987,0.801758,,rest,0,0,debug,0.006000,0.012000,0.212467,0.601074,5,0.509867,0.570313
0.5334,squat,face,0.012242,0.015898,0.823246,0.372339,0.432768,0.147526,0.082984,0.823246,0.012242,5,0.485942,0.346407,0.054264,0.826172,,rest,0,0,debug,0.006000,0.012000,0.204021,0.640137,5,0.510912,0.575262
0.5667,squat,face,0.010934,0.014409,0.851527,0.385333,0.431113,0.139419,0.078423,0.851527,0.010934,5,0.483915,0.346177,0.055753,0.914062,,rest,0,0,debug,0.006000,0.012000,0.201052,0.616211,5,0.512801,0.581498
0.6000,squat,face,0.009171,0.012837,0.860369,0.398594,0.432297,0.127689,0.071825,0.860369,0.009171,5,0.474898,0.345042,0.059437,0.757812,,rest,0,0,debug,0.006000,0.012000,0.195503,0.633789,5,0.514979,0.587525
0.6334,squat,face,0.008815,0.011631,0.842012,0.412962,0.425894,0.125182,0.070415,0.842012,0.008815,5,0.472239,0.342700,0.058178,0.866211,,rest,0,0,debug,0.006000,0.012000,0.193513,0.646973,5,0.517825,0.594868
0.6667,squat,face,0.008566,0.010711,0.845484,0.418139,0.420765,0.123402,0.069414,0.845484,0.008566,5,0.463483,0.340605,0.061200,0.793945,,rest,0,0,debug,0.006000,0.012000,0.189416,0.638672,5,0.520342,0.601163
0.7000,squat,face,0.007261,0.009676,0.881394,0.430561,0.419424,0.113616,0.063909,0.881394,0.007261,5,0.460401,0.336619,0.060700,0.828613,,rest,0,0,debug,0.006000,0.012000,0.183556,0.646973,5,0.522244,0.606001
0.7334,squat,face,0.008384,0.009288,0.796415,0.431140,0.409906,0.122084,0.068672,0.796415,0.008384,5,0.453016,0.333830,0.069416,0.779297,,rest,0,0,debug,0.006000,0.012000,0.178272,0.667969,5,0.524150,0.611809
0.7667,squat,face,0.007581,0.008776,0.850092,0.439278,0.404553,0.116091,0.065301,0.850092,0.007581,5,0.447604,0.330453,0.073362,0.889648,,rest,0,0,debug,0.006000,0.012000,0.175173,0.680176,5,0.525917,0.617633
0.8000,squat,face,0.006278,0.008027,0.860085,0.451321,0.405883,0.105641,0.059423,0.860085,0.006278,5,0.441958,0.327219,0.075102,0.829590,,rest,0,0,debug,0.006000,0.012000,0.175610,0.698242,5,0.527647,0.621890
0.8334,squat,face,0.007549,0.007883,0.900033,0.444206,0.394207,0.115848,0.065164,0.900033,0.007549,5,0.436241,0.324672,0.085511,0.840820,,rest,0,0,debug,0.006000,0.012000,0.172595,0.725586,5,0.529528,0.627305
0.8667,squat,face,0.006423,0.007445,0.853531,0.453871,0.393653,0.106861,0.060109,0.853531,0.006423,5,0.433699,0.321543,0.083705,0.815918,,rest,0,0,debug,0.006000,0.012000,0.169347,0.693359,5,0.531289,0.631525
0.9000,squat,face,0.006511,0.007165,0.826502,0.455053,0.386451,0.107592,0.060520,0.826502,0.006511,5,0.425237,0.318841,0.081684,0.785645,,rest,0,0,debug,0.006000,0.012000,0.166980,0.674805,5,0.532428,0.635242
0.9334,squat,face,0.007260,0.007194,0.850953,0.449805,0.380440,0.113608,0.063904,0.850953,0.007260,5,0.422857,0.314331,0.093737,0.835449,,rest,0,0,debug,0.006000,0.012000,0.164832,0.683594,5,0.531508,0.636436
0.9667,squat,face,0.006558,0.007003,0.817891,0.454649,0.376483,0.107977,0.060737,0.817891,0.006558,5,0.417787,0.310799,0.094469,0.819336,,rest,0,0,debug,0.006000,0.012000,0.164041,0.687988,5,0.530190,0.636974
1.0000,squat,face,0.007146,0.007046,0.869121,0.451011,0.371578,0.112714,0.063401,0.869121,0.007146,5,0.411497,0.307603,0.100276,0.838379,,rest,0,0,debug,0.006000,0.012000,0.159860,0.670410,5,0.529312,0.638807
1.0334,squat,face,0.007160,0.007080,0.833268,0.452151,0.366182,0.112822,0.063463,0.833268,0.007160,5,0.408814,0.303217,0.106440,0.852051,,rest,0,0,debug,0.006000,0.012000,0.158606,0.658203,5,0.528139,0.639051
1.0667,squat,face,0.007032,0.007066,0.792112,0.452978,0.362162,0.111808,0.062892,0.792112,0.007032,5,0.401879,0.300487,0.106506,0.778320,,rest,0,0,debug,0.006000,0.012000,0.158217,0.686523,5,0.526877,0.639361
1.1000,squat,face,0.007105,0.007077,0.870805,0.449620,0.358786,0.112386,0.063217,0.870805,0.007105,5,0.398300,0.297491,0.114317,0.861328,,rest,0,0,debug,0.006000,0.012000,0.154805,0.695312,5,0.525538,0.641144
1.1334,squat,face,0.007168,0.007105,0.876951,0.448904,0.354335,0.112888,0.063499,0.876951,0.007168,5,0.396493,0.295463,0.111249,0.827637,,rest,0,0,debug,0.006000,0.012000,0.153937,0.686523,5,0.524257,0.641806
1.1667,squat,face,0.007130,0.007112,0.854675,0.448043,0.351851,0.112588,0.063331,0.854675,0.007130,5,0.391318,0.292487,0.111886,0.782715,,rest,0,0,debug,0.006000,0.012000,0.155287,0.707520,5,0.522815,0.641265
1.2001,squat,face,0.007394,0.007197,0.837360,0.444040,0.347471,0.114654,0.064493,0.837360,0.007394,5,0.388851,0.289826,0.109769,0.783203,,rest,0,0,debug,0.006000,0.012000,0.154958,0.727539,5,0.520749,0.640754
1.2334,squat,face,0.006866,0.007098,0.903011,0.446636,0.344502,0.110481,0.062145,0.903011,0.006866,5,0.385938,0.288042,0.110519,0.825195,,rest,0,0,debug,0.006000,0.012000,0.153075,0.680176,5,0.520363,0.641684
1.2667,squat,face,0.007139,0.007110,0.872765,0.444398,0.340340,0.112659,0.063371,0.872765,0.007139,5,0.381945,0.286371,0.121616,0.854492,,rest,0,0,debug,0.006000,0.012000,0.150721,0.675781,5,0.519000,0.641812
1.3001,squat,face,0.007194,0.007135,0.841142,0.442084,0.336451,0.113089,0.063612,0.841142,0.007194,5,0.379908,0.283546,0.112607,0.875488,,rest,0,0,debug,0.006000,0.012000,0.150607,0.733398,5,0.518228,0.641693
1.3334,squat,face,0.007148,0.007139,0.863767,0.438802,0.334817,0.112726,0.063409,0.863767,0.007148,5,0.374395,0.280567,0.124456,0.859863,,rest,0,0,debug,0.006000,0.012000,0.148547,0.694824,5,0.516932,0.642512
1.3667,squat,face,0.007249,0.007172,0.877229,0.435749,0.331039,0.113520,0.063855,0.877229,0.007249,5,0.372479,0.278080,0.123921,0.897949,,rest,0,0,debug,0.006000,0.012000,0.145694,0.703125,5,0.515364,0.641607
1.4001,squat,face,0.007139,0.007162,0.868559,0.433295,0.329215,0.112654,0.063368,0.868559,0.007139,5,0.369405,0.275764,0.117029,0.892578,,rest,0,0,debug,0.006000,0.012000,0.146252,0.640625,5,0.514762,0.641479
1.4334,squat,face,0.007057,0.007130,0.818189,0.431311,0.327708,0.112008,0.063004,0.818189,0.007057,5,0.366571,0.274850,0.115788,0.855957,,rest,0,0,debug,0.006000,0.012000,0.146652,0.654785,5,0.514622,0.641947
1.4667,squat,face,0.006885,0.007057,0.774975,0.431212,0.325489,0.110632,0.062231,0.774975,0.006885,5,0.363333,0.273479,0.119298,0.813965,,rest,0,0,debug,0.006000,0.012000,0.145629,0.658203,5,0.514315,0.639954
1.5001,squat,face,0.006683,0.006945,0.793652,0.430298,0.324519,0.109003,0.061314,0.793652,0.006683,5,0.361129,0.270773,0.116154,0.818848,,rest,0,0,debug,0.006000,0.012000,0.145251,0.618652,5,0.513925,0.637317
1.5334,squat,face,0.006524,0.006819,0.819084,0.428310,0.324023,0.107696,0.060579,0.819084,0.006524,5,0.361440,0.269702,0.116443,0.776367,,rest,0,0,debug,0.006000,0.012000,0.146341,0.640137,5,0.514124,0.636539
1.5667,squat,face,0.006306,0.006665,0.830039,0.427849,0.324103,0.105882,0.059559,0.830039,0.006306,5,0.361272,0.268747,0.118165,0.823242,,rest,0,0,debug,0.006000,0.012000,0.143971,0.662109,5,0.513950,0.635310
1.6001,squat,face,0.006533,0.006625,0.853817,0.424192,0.323412,0.107765,0.060618,0.853817,0.006533,5,0.360451,0.268598,0.117787,0.854980,,rest,0,0,debug,0.006000,0.012000,0.146062,0.669434,5,0.513696,0.634176
1.6334,squat,face,0.006246,0.006511,0.869963,0.423747,0.324091,0.105375,0.059273,0.869963,0.006246,5,0.359939,0.266622,0.113633,0.894043,,rest,0,0,debug,0.006000,0.012000,0.142985,0.645508,5,0.513523,0.633170
1.6667,squat,face,0.006625,0.006546,0.895137,0.420518,0.321947,0.108527,0.061047,0.895137,0.006625,5,0.359969,0.266888,0.114558,0.896973,,rest,0,0,debug,0.006000,0.012000,0.143561,0.629395,5,0.513785,0.633394
1.7001,squat,face,0.006868,0.006642,0.884988,0.415514,0.321495,0.110496,0.062154,0.884988,0.006868,5,0.360155,0.266802,0.097923,0.886719,,rest,0,0,debug,0.006000,0.012000,0.144511,0.666504,5,0.513790,0.633371
1.7334,squat,face,0.006489,0.006596,0.892131,0.416283,0.322312,0.107403,0.060414,0.892131,0.006489,5,0.360207,0.266290,0.096461,0.875977,,rest,0,0,debug,0.006000,0.012000,0.143900,0.597168,5,0.513484,0.632739
1.7667,squat,face,0.006906,0.006689,0.887192,0.411907,0.321400,0.110806,0.062328,0.887192,0.006906,5,0.359971,0.265641,,0.876465,,rest,0,0,debug,0.006000,0.012000,0.144801,0.613770,5,0.512929,0.631606
1.8001,squat,face,0.006709,0.006695,0.846927,0.412405,0.320949,0.109211,0.061431,0.846927,0.006709,5,0.359707,0.266146,0.099175,0.857910,,rest,0,0,debug,0.006000,0.012000,0.144517,0.631836,5,0.511615,0.630016
1.8334,squat,face,0.006893,0.006754,0.812800,0.409537,0.320755,0.110695,0.062266,0.812800,0.006893,5,0.359795,0.266358,,0.813965,,rest,0,0,debug,0.006000,0.012000,0.143553,0.621094,5,0.510496,0.629232
1.8667,squat,face,0.006656,0.006725,0.830921,0.404679,0.321870,0.108777,0.061187,0.830921,0.006656,5,0.360309,0.267557,,0.797852,,rest,0,0,debug,0.006000,0.012000,0.143260,0.628418,5,0.509830,0.629903
1.9001,squat,face,0.006994,0.006805,0.837068,0.403544,0.321314,0.111503,0.062721,0.837068,0.006994,5,0.360543,0.268153,,0.847168,,rest,0,0,debug,0.006000,0.012000,0.141072,0.590332,5,0.509389,0.630359
1.9334,squat,face,0.006796,0.006803,0.857811,0.399913,0.321785,0.109916,0.061828,0.857811,0.006796,5,0.360407,0.267977,,0.874023,,rest,0,0,debug,0.006000,0.012000,0.144738,0.606934,5,0.508898,0.630004
1.9667,squat,face,0.007274,0.006944,0.866307,0.397070,0.319698,0.113719,0.063967,0.866307,0.007274,5,0.360169,0.269791,0.107146,0.886230,,rest,0,0,debug,0.006000,0.012000,0.143062,0.592285,5,0.508821,0.631268
2.0001,squat,face,0.006929,0.006940,0.846062,0.396986,0.322564,0.110987,0.062430,0.846062,0.006929,5,0.360725,0.271159,0.121035,0.875488,,rest,0,0,debug,0.006000,0.012000,0.142767,0.627930,5,0.508967,0.631471
2.0334,squat,face,0.007211,0.007021,0.842882,0.397740,0.322633,0.113220,0.063687,0.842882,0.007211,5,0.361491,0.270649,0.130570,0.842773,,rest,0,0,debug,0.006000,0.012000,0.137822,0.581055,5,0.509354,0.631492
2.0668,squat,face,0.006829,0.006963,0.853245,0.400422,0.325935,0.110183,0.061978,0.853245,0.006829,5,0.362854,0.272742,0.123205,0.817871,,rest,0,0,debug,0.006000,0.012000,0.143706,0.605957,5,0.509370,0.631851
2.1001,squat,face,0.006568,0.006845,0.843171,0.402937,0.326831,0.108055,0.060781,0.843171,0.006568,5,0.366157,0.274849,0.108142,0.827637,,rest,0,0,debug,0.006000,0.012000,0.144879,0.662598,5,0.508008,0.629922
2.1334,squat,face,0.006858,0.006849,0.806771,0.405815,0.328053,0.110420,0.062111,0.806771,0.006858,5,0.367894,0.275451,0.111583,0.778809,,rest,0,0,debug,0.006000,0.012000,0.145187,0.647949,5,0.507704,0.630468
2.1668,squat,face,0.007197,0.006953,0.848079,0.411337,0.327852,0.113116,0.063628,0.848079,0.007197,5,0.368131,0.275506,0.097026,0.843262,,rest,0,0,debug,0.006000,0.012000,0.144780,0.650391,5,0.506810,0.631950
2.2001,squat,face,0.006841,0.006920,0.892405,0.418320,0.330521,0.110281,0.062033,0.892405,0.006841,5,0.370536,0.278686,0.124624,0.886230,,rest,0,0,debug,0.006000,0.012000,0.141926,0.682617,5,0.505725,0.631765
2.2334,squat,face,0.006778,0.006877,0.886366,0.424176,0.333818,0.109772,0.061747,0.886366,0.006778,5,0.373218,0.280021,0.126147,0.832031,,rest,0,0,debug,0.006000,0.012000,0.143835,0.681641,5,0.504585,0.631688
2.2668,squat,face,0.007230,0.006983,0.807376,0.431977,0.332662,0.113372,0.063772,0.807376,0.007230,5,0.372430,0.282834,0.138125,0.890625,,rest,0,0,debug,0.006000,0.012000,0.145008,0.642578,5,0.503602,0.633187
2.3001,squat,face,0.007099,0.007018,0.834147,0.440752,0.334531,0.112340,0.063191,0.834147,0.007099,5,0.374952,0.285543,0.138086,0.833984,,rest,0,0,debug,0.006000,0.012000,0.142274,0.606934,5,0.501443,0.632507
2.3334,squat,face,0.007153,0.007058,0.819382,0.451743,0.337088,0.112769,0.063433,0.819382,0.007153,5,0.377089,0.286083,0.143731,0.789551,,rest,0,0,debug,0.006000,0.012000,0.142059,0.585449,5,0.500121,0.634608
2.3668,squat,face,0.006961,0.007029,0.842882,0.462705,0.339797,0.111242,0.062574,0.842882,0.006961,5,0.381465,0.289245,0.131392,0.895020,,rest,0,0,debug,0.006000,0.012000,0.137656,0.681152,5,0.498261,0.634999
2.4001,squat,face,0.007142,0.007063,0.868278,0.469677,0.341374,0.112678,0.063382,0.868278,0.007142,5,0.382673,0.293493,0.141612,0.894043,,rest,0,0,debug,0.006000,0.012000,0.142078,0.666504,5,0.496552,0.636053
2.4334,squat,face,0.006730,0.006963,0.865743,0.482516,0.346484,0.109382,0.061527,0.865743,0.006730,5,0.385090,0.296677,,0.906738,,rest,0,0,debug,0.006000,0.012000,0.140085,0.554199,5,0.495251,0.636293
2.4668,squat,face,0.006790,0.006911,0.840271,0.492168,0.348883,0.109872,0.061803,0.840271,0.006790,5,0.386350,0.299990,,0.830566,,rest,0,0,debug,0.006000,0.012000,0.136758,0.633789,5,0.493303,0.635260
2.5001,squat,face,0.006838,0.006889,0.769918,0.499606,0.351163,0.110257,0.062019,0.769918,0.006838,5,0.392610,0.301943,,0.858887,,rest,0,0,debug,0.006000,0.012000,0.137838,0.589844,5,0.491777,0.634755
2.5334,squat,face,0.006799,0.006862,0.852100,0.507887,0.354039,0.109940,0.061841,0.852100,0.006799,5,0.394383,0.304934,,0.851562,,rest,0,0,debug,0.006000,0.012000,0.139152,0.643066,5,0.491216,0.635477
2.5668,squat,face,0.006840,0.006856,0.896772,0.511338,0.356439,0.110273,0.062029,0.896772,0.006840,5,0.396351,0.308160,,0.862305,,rest,0,0,debug,0.006000,0.012000,0.136399,0.644531,5,0.490759,0.635350
2.6001,squat,face,0.007225,0.006966,0.905441,0.513375,0.356346,0.113334,0.063750,0.905441,0.007225,5,0.397259,0.311681,,0.891113,,rest,0,0,debug,0.006000,0.012000,0.137497,0.650879,5,0.490230,0.634440
2.6334,squat,face,0.006924,0.006954,0.869402,0.518484,0.359843,0.110943,0.062406,0.869402,0.006924,5,0.399695,0.313891,,0.834473,,rest,0,0,debug,0.006000,0.012000,0.135825,0.655762,5,0.489581,0.634295
2.6668,squat,face,0.007133,0.007007,0.820573,0.519784,0.361511,0.112609,0.063343,0.820573,0.007133,5,0.404898,0.315604,,0.864258,,rest,0,0,debug,0.006000,0.012000,0.136170,0.633301,5,0.488348,0.631552
2.7001,squat,face,0.006598,0.006885,0.830627,0.521394,0.364092,0.108304,0.060921,0.830627,0.006598,5,0.406821,0.316959,,0.893066,,rest,0,0,debug,0.006000,0.012000,0.135510,0.668457,5,0.487736,0.629887
2.7334,squat,face,0.006480,0.006763,0.845484,0.520985,0.365865,0.107327,0.060372,0.845484,0.006480,5,0.407801,0.318988,,0.901855,,rest,0,0,debug,0.006000,0.012000,0.132707,0.624023,5,0.487149,0.627820
2.7668,squat,face,0.006598,0.006714,0.861786,0.518683,0.366380,0.108308,0.060923,0.861786,0.006598,5,0.406317,0.322088,,0.886230,,rest,0,0,debug,0.006000,0.012000,0.129087,0.638672,5,0.485797,0.624899
2.8001,squat,face,0.006675,0.006702,0.877229,0.515663,0.368224,0.108932,0.061274,0.877229,0.006675,5,0.407564,0.323895,,0.889648,,rest,0,0,debug,0.006000,0.012000,0.127837,0.568359,5,0.485395,0.625269
2.8335,squat,face,0.005992,0.006489,0.879731,0.517430,0.370374,0.103208,0.058055,0.879731,0.005992,5,0.409504,0.324649,0.197075,0.819336,,rest,0,0,debug,0.006000,0.012000,0.125640,0.574707,5,0.485335,0.625194
2.8668,squat,face,0.006795,0.006581,0.885539,0.508876,0.369812,0.109911,0.061825,0.885539,0.006795,5,0.410491,0.326313,0.203370,0.847656,,rest,0,0,debug,0.006000,0.012000,0.129278,0.595703,5,0.484635,0.622505
2.9001,squat,face,0.006277,0.006490,0.813101,0.508664,0.372129,0.105633,0.059419,0.813101,0.006277,5,0.410203,0.327056,0.203010,0.893066,,rest,0,0,debug,0.006000,0.012000,0.130071,0.602539,5,0.484005,0.619267
2.9335,squat,face,0.006176,0.006395,0.814001,0.503674,0.372577,0.104783,0.058941,0.814001,0.006176,5,0.410970,0.329267,0.208514,0.880371,,rest,0,0,debug,0.006000,0.012000,0.131043,0.661133,5,0.484567,0.620194
2.9668,squat,face,0.005842,0.006230,0.843171,0.501610,0.374609,0.101915,0.057327,0.843171,0.005842,5,0.411579,0.330026,0.201902,0.856445,,rest,0,0,debug,0.006000,0.012000,0.131367,0.711914,5,0.484850,0.619472
3.0001,squat,face,0.007015,0.006465,0.863485,0.491995,0.372450,0.111673,0.062816,0.863485,0.007015,5,0.412140,0.330358,0.198692,0.792480,,rest,0,0,debug,0.006000,0.012000,0.130426,0.707520,5,0.485176,0.619590
3.0335,squat,face,0.006826,0.006573,0.851527,0.487886,0.374062,0.110159,0.061964,0.851527,0.006826,5,0.414460,0.331168,0.200868,0.788086,,rest,0,0,debug,0.006000,0.012000,0.132143,0.675293,5,0.485258,0.619265
3.0668,squat,face,0.006948,0.006686,0.851813,0.487264,0.373601,0.111143,0.062518,0.851813,0.006948,5,0.416476,0.331066,0.191081,0.854980,,rest,0,0,debug,0.006000,0.012000,0.134682,0.670410,5,0.485493,0.618531
3.1001,squat,face,0.007002,0.006781,0.814900,0.482256,0.375103,0.111569,0.062757,0.814900,0.007002,5,0.416218,0.331540,0.197173,0.856445,,rest,0,0,debug,0.006000,0.012000,0.134731,0.679688,5,0.485696,0.617930
3.1335,squat,face,0.006659,0.006744,0.758416,0.483227,0.377217,0.108807,0.061204,0.758416,0.006659,5,0.418698,0.332272,,0.874512,,rest,0,0,debug,0.006000,0.012000,0.133076,0.630371,5,0.485678,0.617221
3.1668,squat,face,0.006718,0.006736,0.787785,0.477752,0.377605,0.109283,0.061472,0.787785,0.006718,5,0.416414,0.331940,0.195960,0.836426,,rest,0,0,debug,0.006000,0.012000,0.130563,0.628418,5,0.486218,0.617516
3.2001,squat,face,0.006601,0.006696,0.825320,0.477332,0.378095,0.108330,0.060935,0.825320,0.006601,5,0.416815,0.333621,0.207752,0.833984,,rest,0,0,debug,0.006000,0.012000,0.126454,0.622070,5,0.487037,0.618979
3.2335,squat,face,0.006026,0.006495,0.843461,0.475499,0.379095,0.103503,0.058220,0.843461,0.006026,5,0.416053,0.334057,0.185061,0.828125,,rest,0,0,debug,0.006000,0.012000,0.130008,0.633789,5,0.487727,0.619879
3.2668,squat,face,0.005802,0.006287,0.857242,0.475628,0.379927,0.101559,0.057127,0.857242,0.005802,5,0.418379,0.334032,0.192585,0.826172,,rest,0,0,debug,0.006000,0.012000,0.129952,0.613770,5,0.488126,0.620046
3.3001,squat,face,0.006590,0.006378,0.858949,0.471349,0.378222,0.108239,0.060884,0.858949,0.006590,5,0.418246,0.334411,0.188600,0.790527,,rest,0,0,debug,0.006000,0.012000,0.129142,0.587891,5,0.488502,0.620538
3.3335,squat,face,0.006490,0.006412,0.867434,0.470941,0.378619,0.107415,0.060421,0.867434,0.006490,5,0.419129,0.334913,0.194293,0.813965,,rest,0,0,debug,0.006000,0.012000,0.132186,0.600586,5,0.488844,0.620257
3.3668,squat,face,0.006275,0.006370,0.871085,0.470457,0.379234,0.105617,0.059410,0.871085,0.006275,5,0.419867,0.334824,0.191981,0.844727,,rest,0,0,debug,0.006000,0.012000,0.134834,0.604980,5,0.489257,0.620330
3.4001,squat,face,0.006541,0.006422,0.856102,0.465891,0.378233,0.107835,0.060657,0.856102,0.006541,5,0.419938,0.335200,0.194762,0.860352,,rest,0,0,debug,0.006000,0.012000,0.134218,0.581543,5,0.489535,0.620646
3.4335,squat,face,0.007013,0.006599,0.844329,0.465768,0.376280,0.111658,0.062808,0.844329,0.007013,5,0.420249,0.335935,0.195270,0.863770,,rest,0,0,debug,0.006000,0.012000,0.132290,0.575684,5,0.489770,0.621024
3.4668,squat,face,0.006491,0.006567,0.833561,0.464640,0.379718,0.107426,0.060427,0.833561,0.006491,5,0.419473,0.335670,0.194944,0.867188,,rest,0,0,debug,0.006000,0.012000,0.132269,0.602539,5,0.489831,0.621065
3.5001,squat,face,0.006391,0.006514,0.822059,0.465560,0.379286,0.106594,0.059959,0.822059,0.006391,5,0.420581,0.335787,0.196314,0.894043,,rest,0,0,debug,0.006000,0.012000,0.131159,0.598633,5,0.489849,0.621052
3.5335,squat,face,0.006375,0.006472,0.822059,0.462663,0.379729,0.106461,0.059884,0.822059,0.006375,5,0.420574,0.336421,0.200681,0.885742,,rest,0,0,debug,0.006000,0.012000,0.129302,0.567383,5,0.489786,0.620765
3.5668,squat,face,0.006519,0.006486,0.815499,0.463629,0.378380,0.107652,0.060554,0.815499,0.006519,5,0.419932,0.336395,0.195040,0.882812,,rest,0,0,debug,0.006000,0.012000,0.130817,0.564941,5,0.489794,0.620517
3.6001,squat,face,0.006158,0.006388,0.816696,0.466720,0.379937,0.104634,0.058857,0.816696,0.006158,5,0.420132,0.336082,0.194733,0.893555,,rest,0,0,debug,0.006000,0.012000,0.130070,0.565918,5,0.489767,0.620163
3.6335,squat,face,0.006160,0.006320,0.810093,0.465241,0.380725,0.104648,0.058865,0.810093,0.006160,5,0.420141,0.337176,0.195680,0.893555,,rest,0,0,debug,0.006000,0.012000,0.130010,0.620117,5,0.489572,0.620142
3.6668,squat,face,0.005981,0.006218,0.813101,0.467329,0.380834,0.103115,0.058002,0.813101,0.005981,5,0.420424,0.337548,0.187621,0.888184,,rest,0,0,debug,0.006000,0.012000,0.129375,0.589355,5,0.489506,0.620003
3.7002,squat,face,0.005967,0.006143,0.825024,0.466479,0.382019,0.102995,0.057935,0.825024,0.005967,5,0.420414,0.338097,0.195692,0.871094,,rest,0,0,debug,0.006000,0.012000,0.129354,0.631836,5,0.489050,0.619142
3.7335,squat,face,0.006073,0.006122,0.840271,0.467718,0.381319,0.103902,0.058445,0.840271,0.006073,5,0.420418,0.337925,0.191181,0.864258,,rest,0,0,debug,0.006000,0.012000,0.129999,0.598145,5,0.488643,0.617723
3.7668,squat,face,0.006107,0.006117,0.844907,0.470346,0.382324,0.104194,0.058609,0.844907,0.006107,5,0.421137,0.338284,0.194974,0.854492,,rest,0,0,debug,0.006000,0.012000,0.129214,0.565918,5,0.488118,0.617528
3.8002,squat,face,0.006159,0.006130,0.853245,0.471692,0.383348,0.104636,0.058857,0.853245,0.006159,5,0.421435,0.337956,0.192594,0.835449,,rest,0,0,debug,0.006000,0.012000,0.135082,0.554688,5,0.487692,0.618029
3.8335,squat,face,0.006300,0.006181,0.856387,0.470517,0.381489,0.105828,0.059528,0.856387,0.006300,5,0.421684,0.338956,,0.822266,,rest,0,0,debug,0.006000,0.012000,0.129953,0.528320,5,0.487451,0.617832
3.8668,squat,face,0.006527,0.006284,0.858949,0.471588,0.379881,0.107717,0.060591,0.858949,0.006527,5,0.420974,0.339517,0.179703,0.816895,,rest,0,0,debug,0.006000,0.012000,0.128365,0.557129,5,0.487489,0.617574
3.9002,squat,face,0.006670,0.006400,0.861220,0.473952,0.380131,0.108894,0.061253,0.861220,0.006670,5,0.420766,0.339470,,0.845215,,rest,0,0,debug,0.006000,0.012000,0.128950,0.553711,5,0.487865,0.618099
3.9335,squat,face,0.006467,0.006420,0.855816,0.475265,0.379847,0.107227,0.060315,0.855816,0.006467,5,0.420210,0.339183,,0.846191,,rest,0,0,debug,0.006000,0.012000,0.128645,0.554688,5,0.487796,0.619000
3.9668,squat,face,0.006552,0.006460,0.847215,0.475801,0.381149,0.107929,0.060710,0.847215,0.006552,5,0.419976,0.339217,,0.858887,,rest,0,0,debug,0.006000,0.012000,0.129127,0.584473,5,0.487299,0.618600
4.0002,squat,face,0.006416,0.006447,0.831802,0.474932,0.380686,0.106796,0.060073,0.831802,0.006416,5,0.419861,0.339053,,0.841309,,rest,0,0,debug,0.006000,0.012000,0.124113,0.525879,5,0.486895,0.618444
4.0335,squat,face,0.006297,0.006402,0.816696,0.477056,0.379875,0.105808,0.059517,0.816696,0.006297,5,0.418559,0.339435,,0.824707,,rest,0,0,debug,0.006000,0.012000,0.122589,0.532715,5,0.487237,0.618783
4.0668,squat,face,0.005882,0.006246,0.804650,0.479210,0.381761,0.102258,0.057520,0.804650,0.005882,5,0.417271,0.338664,,0.816895,,rest,0,0,debug,0.006000,0.012000,0.125386,0.497803,5,0.487992,0.618554
4.1002,squat,face,0.005629,0.006061,0.764189,0.481233,0.381358,0.100032,0.056268,0.764189,0.005629,5,0.416786,0.339518,,0.825195,,rest,0,0,debug,0.006000,0.012000,0.126957,0.502441,5,0.488494,0.617424
4.1335,squat,face,0.005445,0.005876,0.747391,0.481791,0.381951,0.098386,0.055342,0.747391,0.005445,5,0.417492,0.339722,,0.833008,,rest,0,0,debug,0.006000,0.012000,0.122670,0.562988,5,0.488551,0.616347
4.1668,squat,face,0.005610,0.005796,0.731877,0.480057,0.379827,0.099866,0.056175,0.731877,0.005610,5,0.417479,0.339954,,0.850586,,rest,0,0,debug,0.006000,0.012000,0.123997,0.572266,5,0.488188,0.615766
4.2002,squat,face,0.005316,0.005652,0.711581,0.480952,0.381109,0.097213,0.054682,0.711581,0.005316,5,0.417838,0.339326,,0.854004,,rest,0,0,debug,0.006000,0.012000,0.127946,0.555664,5,0.488228,0.615886
4.2335,squat,face,0.005162,0.005505,0.664200,0.481800,0.379675,0.095798,0.053886,0.664200,0.005162,5,0.418202,0.339598,,0.831055,,rest,0,0,debug,0.006000,0.012000,0.126589,0.483398,5,0.488510,0.616770
4.2668,squat,face,0.005312,0.005447,0.591278,0.484351,0.377262,0.097174,0.054661,0.591278,0.005312,5,0.421779,0.338968,,0.750000,,rest,0,0,debug,0.006000,0.012000,0.127191,0.469971,5,0.488458,0.618056
4.3002,squat,face,,0.005447,0.000000,,,,,,,,0.421408,0.338902,,0.767578,,rest,0,0,debug,0.006000,0.012000,0.127322,0.383301,5,0.488508,0.618980
4.3335,squat,face,,0.005447,0.000000,,,,,,,,0.421717,0.337997,,0.710449,,rest,0,0,debug,0.006000,0.012000,0.134065,0.374268,5,0.487862,0.617830
4.3668,squat,face,,0.005447,0.000000,,,,,,,,0.553531,0.536280,,0.341797,,rest,0,0,debug,0.006000,0.012000,0.099712,0.170166,4,0.487409,0.616144
4.4002,squat,face,,0.005447,0.000000,,,,,,,,0.560141,0.538614,,0.407227,,rest,0,0,debug,0.006000,0.012000,0.106644,0.256836,4,0.486803,0.614431
4.4335,squat,face,,0.005447,0.000000,,,,,,,,,,,,,rest,0,0,debug,0.006000,0.012000,,,,0.486354,0.612949
4.4669,squat,face,,0.005447,0.000000,,,,,,,,,,,,,rest,0,0,debug,0.006000,0.012000,,,,0.485603,0.611600
4.5002,squat,face,,0.005447,0.000000,,,,,,,,,,,,,rest,0,0,debug,0.006000,0.012000,,,,0.485351,0.610569
4.5669,squat,face,,0.005447,0.000000,,,,,,,,,,,,,rest,0,0,debug,0.006000,0.012000,,,,0.484832,0.608634
4.6002,squat,face,,0.005447,0.000000,,,,,,,,,,,,,rest,0,0,debug,0.006000,0.012000,,,,0.484591,0.608094
4.6335,squat,face,,0.005447,0.000000,,,,,,,,,,,,,rest,0,0,debug,0.006000,0.012000,,,,0.484028,0.606296
4.7002,squat,face,,0.005447,0.000000,,,,,,,,,,,,,rest,0,0,debug,0.006000,0.012000,,,,0.483494,0.604674
4.7335,squat,face,,0.005447,0.000000,,,,,,,,,,,,,rest,0,0,debug,0.006000,0.012000,,,,0.483099,0.603198
4.8002,squat,face,,0.005447,0.000000,,,,,,,,,,,,,rest,0,0,debug,0.006000,0.012000,,,,0.482752,0.602198
4.8335,squat,face,,0.005447,0.000000,,,,,,,,,0.347389,,0.371094,,rest,0,0,debug,0.006000,0.012000,0.120753,0.354248,5,0.482748,0.602345
4.8669,squat,face,,0.005447,0.000000,,,,,,,,,,,,,rest,0,0,debug,0.006000,0.012000,,,,0.482503,0.602548
4.9002,squat,face,,0.005447,0.000000,,,,,,,,0.316330,0.347680,,0.358887,,rest,0,0,debug,0.006000,0.012000,0.117852,0.357178,5,0.482687,0.603815
4.9335,squat,face,,0.005447,0.000000,,,,,,,,,,,,,rest,0,0,debug,0.006000,0.012000,,,,0.482853,0.605454
4.9669,squat,face,,0.005447,0.000000,,,,,,,,,,,,,rest,0,0,debug,0.006000,0.012000,,,,0.482730,0.606489
5.0335,squat,face,,0.005447,0.000000,,,,,,,,0.411721,0.345536,0.180114,0.592285,,rest,0,0,debug,0.006000,0.012000,0.133082,0.573242,5,0.483056,0.611239
5.0669,squat,face,,0.005447,0.000000,,,,,,,,0.415086,0.343648,0.182204,0.645020,,rest,0,0,debug,0.006000,0.012000,0.130944,0.597168,5,0.483508,0.613525
5.1002,squat,face,,0.005447,0.000000,,,,,,,,0.419169,0.344967,0.170248,0.704102,,rest,0,0,debug,0.006000,0.012000,0.133408,0.592285,5,0.484606,0.617108
5.1335,squat,face,,0.005447,0.000000,,,,,,,,0.420861,0.345764,,0.625000,,rest,0,0,debug,0.006000,0.012000,0.135468,0.594727,5,0.487336,0.622997
5.1669,squat,face,,0.005447,0.000000,,,,,,,,0.423969,0.345234,,0.575684,,rest,0,0,debug,0.006000,0.012000,0.141662,0.526367,5,0.490459,0.628176
5.2002,squat,face,,0.005447,0.000000,,,,,,,,0.427112,0.345944,0.210624,0.714355,,rest,0,0,debug,0.006000,0.012000,0.143479,0.612305,5,0.494168,0.633417
5.2335,squat,face,0.024437,0.011144,0.595802,0.099747,-0.031434,0.208431,0.117242,0.595802,0.024437,5,0.430301,0.347121,0.201827,0.718750,,rest,0,0,debug,0.006000,0.012000,0.148268,0.539551,5,0.497754,0.634868
5.2669,squat,face,0.029426,0.016629,0.628894,0.078450,-0.028156,0.228722,0.128656,0.628894,0.029426,5,0.431637,0.346384,0.173453,0.625000,,rest,0,0,debug,0.006000,0.012000,0.149655,0.582031,5,0.500812,0.633476
5.3002,squat,face,,0.016629,0.000000,,,,,,,,0.438994,0.347247,0.160612,0.701660,,rest,0,0,debug,0.006000,0.012000,0.152473,0.623535,5,0.503165,0.629159
5.3336,squat,face,,0.016629,0.000000,,,,,,,,0.440968,0.346379,0.154612,0.725098,,rest,0,0,debug,0.006000,0.012000,0.155016,0.578125,5,0.504937,0.624264
5.3669,squat,face,,0.016629,0.000000,,,,,,,,0.413196,0.345884,0.139640,0.610840,,rest,0,0,debug,0.006000,0.012000,0.163770,0.581055,5,0.502017,0.616779
5.4002,squat,face,,0.016629,0.000000,,,,,,,,0.448298,0.350103,0.119719,0.607910,,rest,0,0,debug,0.006000,0.012000,0.167183,0.553223,5,0.496556,0.607430
5.4336,squat,face,,0.016629,0.000000,,,,,,,,0.454687,0.348980,0.112825,0.697754,,rest,0,0,debug,0.006000,0.012000,0.175715,0.495117,5,0.488753,0.599813
5.4669,squat,face,,0.016629,0.000000,,,,,,,,0.456411,0.349620,0.103627,0.629883,,rest,0,0,debug,0.006000,0.012000,0.184586,0.481201,5,0.480277,0.589698
5.5002,squat,face,,0.016629,0.000000,,,,,,,,0.461816,0.351793,,0.602539,,rest,0,0,debug,0.006000,0.012000,0.203296,0.420898,5,0.474557,0.582525
5.5336,squat,face,,0.016629,0.000000,,,,,,,,0.465787,0.350727,,0.624512,,rest,0,0,debug,0.006000,0.012000,0.196201,0.260498,5,0.469026,0.574597
5.5669,squat,face,,0.016629,0.000000,,,,,,,,0.473811,0.352710,,0.466064,,rest,0,0,debug,0.006000,0.012000,0.222944,0.187500,5,0.463529,0.569388
5.6002,squat,face,,0.016629,0.000000,,,,,,,,0.474712,0.346548,,0.275146,,rest,0,0,debug,0.006000,0.012000,0.212339,0.121094,5,0.458173,0.563415
5.6336,squat,face,,0.016629,0.000000,,,,,,,,0.479096,0.351488,,0.479004,,rest,0,0,debug,0.006000,0.012000,0.218725,0.226318,5,0.454812,0.561422
5.6669,squat,face,,0.016629,0.000000,,,,,,,,0.482298,0.349888,,0.447266,,rest,0,0,debug,0.006000,0.012000,0.196644,0.250488,5,0.452415,0.560083
5.7002,squat,face,,0.016629,0.000000,,,,,,,,,,,,,rest,0,0,debug,0.006000,0.012000,,,,0.450524,0.559978
5.7336,squat,face,,0.016629,0.000000,,,,,,,,,,,,,rest,0,0,debug,0.006000,0.012000,,,,0.449093,0.560366
5.7669,squat,face,,0.016629,0.000000,,,,,,,,,,,,,rest,0,0,debug,0.006000,0.012000,,,,0.447398,0.560648
5.8002,squat,face,,0.016629,0.000000,,,,,,,,,,,,,rest,0,0,debug,0.006000,0.012000,,,,0.444728,0.560643
5.8669,squat,face,,0.016629,0.000000,,,,,,,,0.461560,0.334791,,0.213623,,rest,0,0,debug,0.006000,0.012000,0.199235,0.178955,5,0.440360,0.555014
5.9002,squat,face,,0.016629,0.000000,,,,,,,,,,,,,rest,0,0,debug,0.006000,0.012000,,,,0.439393,0.550678
5.9336,squat,face,,0.016629,0.000000,,,,,,,,,,,,,rest,0,0,debug,0.006000,0.012000,,,,0.439074,0.546220
5.9669,squat,face,,0.016629,0.000000,,,,,,,,,,,,,rest,0,0,debug,0.006000,0.012000,,,,0.439933,0.541215
6.0336,squat,face,,0.016629,0.000000,,,,,,,,,,,,,rest,0,0,debug,0.006000,0.012000,,,,0.446682,0.536886
6.0669,squat,face,,0.016629,0.000000,,,,,,,,,,,,,rest,0,0,debug,0.006000,0.012000,,,,0.455544,0.544289
6.1336,squat,face,,0.016629,0.000000,,,,,,,,,,,,,rest,0,0,debug,0.006000,0.012000,,,,0.469642,0.561483
6.1669,squat,face,,0.016629,0.000000,,,,,,,,,,,,,rest,0,0,debug,0.006000,0.012000,,,,0.478562,0.571387
6.2003,squat,face,,0.016629,0.000000,,,,,,,,0.489042,0.342294,,0.461426,,rest,0,0,debug,0.006000,0.012000,0.213011,0.210938,5,0.486926,0.584102
6.2336,squat,face,,0.016629,0.000000,,,,,,,,,,,,,rest,0,0,debug,0.006000,0.012000,,,,0.492726,0.594326
6.2669,squat,face,,0.016629,0.000000,,,,,,,,0.485213,0.348547,,0.468994,,rest,0,0,debug,0.006000,0.012000,0.216227,0.343262,5,0.497028,0.602578
6.3003,squat,face,,0.016629,0.000000,,,,,,,,0.484681,0.347786,,0.439697,,rest,0,0,debug,0.006000,0.012000,0.215257,0.399414,5,0.501224,0.610228
6.3336,squat,face,,0.016629,0.000000,,,,,,,,0.482386,0.346047,,0.512207,,rest,0,0,debug,0.006000,0.012000,0.203132,0.385254,5,0.507217,0.622240
6.3669,squat,face,,0.016629,0.000000,,,,,,,,0.428500,0.348330,,0.635742,,rest,0,0,debug,0.006000,0.012000,0.190292,0.418213,5,0.515549,0.637310
6.4003,squat,face,,0.016629,0.000000,,,,,,,,0.476945,0.351597,,0.581055,,rest,0,0,debug,0.006000,0.012000,0.189617,0.511719,5,0.522327,0.647476
6.4336,squat,face,,0.016629,0.000000,,,,,,,,0.472007,0.354199,0.092462,0.593750,,rest,0,0,debug,0.006000,0.012000,0.186144,0.522949,5,0.526574,0.657258
6.4669,squat,face,,0.016629,0.000000,,,,,,,,0.467607,0.356994,0.107304,0.640137,,rest,0,0,debug,0.006000,0.012000,0.183942,0.609375,5,0.530039,0.662792
6.5003,squat,face,,0.016629,0.000000,,,,,,,,0.463899,0.360652,0.129222,0.570312,,rest,0,0,debug,0.006000,0.012000,0.182069,0.501953,5,0.533006,0.667411
6.5336,squat,face,,0.016629,0.000000,,,,,,,,0.458821,0.360822,,0.562988,,rest,0,0,debug,0.006000,0.012000,0.180418,0.470703,5,0.535386,0.672961
6.5669,squat,face,,0.016629,0.000000,,,,,,,,,0.361192,0.146726,0.593262,,rest,0,0,debug,0.006000,0.012000,0.177651,0.518555,5,0.536792,0.677943
6.6003,squat,face,,0.016629,0.000000,,,,,,,,0.453799,0.361846,0.161604,0.662109,,rest,0,0,debug,0.006000,0.012000,0.174511,0.655762,5,0.537296,0.680991
6.6336,squat,face,,0.016629,0.000000,,,,,,,,0.450550,0.363005,0.172790,0.672363,,rest,0,0,debug,0.006000,0.012000,0.169879,0.634277,5,0.536161,0.681216
6.6669,squat,face,,0.016629,0.000000,,,,,,,,0.443901,0.360167,0.177306,0.678711,,rest,0,0,debug,0.006000,0.012000,0.165172,0.648438,5,0.532654,0.677144
6.7003,squat,face,,0.016629,0.000000,,,,,,,,0.439911,0.358805,0.188704,0.645020,,rest,0,0,debug,0.006000,0.012000,0.159842,0.630859,5,0.528632,0.672481
6.7336,squat,face,0.025703,0.019351,0.636227,0.093639,-0.014360,0.213762,0.120241,0.636227,0.025703,5,,0.361844,0.209051,0.623535,,rest,0,0,debug,0.006000,0.012000,0.156823,0.366699,5,0.523382,0.666639
6.7669,squat,face,0.021511,0.019999,0.614760,0.142961,0.872296,0.195553,0.109999,0.614760,0.021511,7,,0.360183,0.218608,0.691895,,rest,0,0,debug,0.006000,0.012000,0.153477,0.620117,5,0.516594,0.660076
6.8003,squat,face,,0.019999,0.000000,,,,,,,,,0.358744,,0.623047,,rest,0,0,debug,0.006000,0.012000,0.151586,0.440430,5,0.508013,0.647864
6.8336,squat,face,,0.019999,0.000000,,,,,,,,,0.358528,,0.385254,,rest,0,0,debug,0.006000,0.012000,0.143179,0.272461,5,0.500925,0.638120
6.8669,squat,face,,0.019999,0.000000,,,,,,,,,0.357793,,0.395996,,rest,0,0,debug,0.006000,0.012000,0.138618,0.287354,5,0.495811,0.629951
6.9003,squat,face,,0.019999,0.000000,,,,,,,,,0.356903,0.246122,0.670410,,rest,0,0,debug,0.006000,0.012000,0.132580,0.455322,5,0.493176,0.623694
6.9336,squat,face,,0.019999,0.000000,,,,,,,,,0.356477,,0.540527,,rest,0,0,debug,0.006000,0.012000,0.130095,0.408447,5,0.492401,0.617991
6.9670,squat,face,,0.019999,0.000000,,,,,,,,,0.357934,0.230609,0.613281,,rest,0,0,debug,0.006000,0.012000,0.126430,0.546387,5,0.491683,0.612375
7.0003,squat,face,,0.019999,0.000000,,,,,,,,,0.358033,0.231025,0.615723,,rest,0,0,debug,0.006000,0.012000,0.123276,0.538574,5,0.490393,0.607041
7.0336,squat,face,,0.019999,0.000000,,,,,,,,,0.357756,0.235339,0.581543,,rest,0,0,debug,0.006000,0.012000,0.122854,0.523438,5,0.488331,0.602317
7.0670,squat,face,,0.019999,0.000000,,,,,,,,,0.358620,0.244851,0.494141,,rest,0,0,debug,0.006000,0.012000,0.117860,0.447021,5,0.486083,0.598873
7.1003,squat,face,,0.019999,0.000000,,,,,,,,,,,,,rest,0,0,debug,0.006000,0.012000,,,,0.483893,0.595966
7.1336,squat,face,,0.019999,0.000000,,,,,,,,,0.359759,0.249480,0.645996,,rest,0,0,debug,0.006000,0.012000,0.126319,0.491455,5,0.482426,0.595432
7.1670,squat,face,,0.019999,0.000000,,,,,,,,,0.360755,0.236106,0.674805,,rest,0,0,debug,0.006000,0.012000,0.127051,0.562500,5,0.481041,0.595531
7.2003,squat,face,,0.019999,0.000000,,,,,,,,,0.359896,0.223070,0.655273,,rest,0,0,debug,0.006000,0.012000,0.133824,0.506836,5,0.479880,0.596825
7.2336,squat,face,,0.019999,0.000000,,,,,,,,,0.359332,0.192854,0.642578,,rest,0,0,debug,0.006000,0.012000,0.136799,0.518555,5,0.478671,0.597374
7.2670,squat,face,,0.019999,0.000000,,,,,,,,,0.359910,,0.455322,,rest,0,0,debug,0.006000,0.012000,0.137552,0.350098,5,0.478514,0.600345
7.3003,squat,face,,0.019999,0.000000,,,,,,,,,,,,,rest,0,0,debug,0.006000,0.012000,,,,0.478422,0.602377
7.3336,squat,face,,0.019999,0.000000,,,,,,,,,0.362945,,0.659180,,rest,0,0,debug,0.006000,0.012000,0.142754,0.444092,5,0.479170,0.605368
7.3670,squat,face,,0.019999,0.000000,,,,,,,,,0.365860,,0.721680,,rest,0,0,debug,0.006000,0.012000,0.151897,0.661621,5,0.481397,0.610380
7.4003,squat,face,,0.019999,0.000000,,,,,,,,,0.368050,0.094577,0.636230,,rest,0,0,debug,0.006000,0.012000,0.154005,0.562500,5,0.484143,0.615521
7.4336,squat,face,0.022913,0.020873,0.582961,0.895615,0.096659,0.113527,0.201826,0.582961,0.022913,4,,0.371575,,0.418945,,rest,0,0,debug,0.006000,0.012000,0.156554,0.318359,5,0.486780,0.616928
7.4670,squat,face,,0.020873,0.000000,,,,,,,,0.465065,0.372180,0.181704,0.607910,,rest,0,0,debug,0.006000,0.012000,0.156397,0.429688,5,0.487655,0.611538
7.5003,squat,face,,0.020873,0.000000,,,,,,,,0.474115,0.372649,0.178458,0.610352,,rest,0,0,debug,0.006000,0.012000,0.164750,0.535156,5,0.488583,0.605706
7.5336,squat,face,,0.020873,0.000000,,,,,,,,0.482078,0.373519,0.172846,0.645508,,rest,0,0,debug,0.006000,0.012000,0.169817,0.448242,5,0.487645,0.599328
7.5670,squat,face,,0.020873,0.000000,,,,,,,,0.483244,0.373742,0.155939,0.603027,,rest,0,0,debug,0.006000,0.012000,0.177171,0.437256,5,0.482292,0.589868
7.6003,squat,face,,0.020873,0.000000,,,,,,,,0.492751,0.374888,0.147272,0.614746,,rest,0,0,debug,0.006000,0.012000,0.185443,0.562012,5,0.475660,0.580271
7.6336,squat,face,,0.020873,0.000000,,,,,,,,0.496514,0.375787,0.136257,0.590332,,rest,0,0,debug,0.006000,0.012000,0.192011,0.520996,5,0.469050,0.572479
7.6670,squat,face,,0.020873,0.000000,,,,,,,,0.495988,0.376138,,0.485107,,rest,0,0,debug,0.006000,0.012000,0.200276,0.382812,5,0.462881,0.566372
7.7003,squat,face,,0.020873,0.000000,,,,,,,,,0.375519,,0.417725,,rest,0,0,debug,0.006000,0.012000,0.211418,0.207764,5,0.456185,0.561709
7.7336,squat,face,,0.020873,0.000000,,,,,,,,,0.376834,0.067359,0.541504,,rest,0,0,debug,0.006000,0.012000,0.228424,0.325928,5,0.449781,0.558058
7.7670,squat,face,,0.020873,0.000000,,,,,,,,,0.377059,,0.489502,,rest,0,0,debug,0.006000,0.012000,0.234025,0.217285,5,0.444794,0.555947
7.8003,squat,face,,0.020873,0.000000,,,,,,,,0.506960,0.371369,,0.333252,,rest,0,0,debug,0.006000,0.012000,0.250720,0.318848,5,0.439644,0.551765
7.8670,squat,face,,0.020873,0.000000,,,,,,,,0.528991,0.362569,,0.402344,,rest,0,0,debug,0.006000,0.012000,0.261150,0.312012,5,0.428217,0.535254
7.9003,squat,face,,0.020873,0.000000,,,,,,,,,,,,,rest,0,0,debug,0.006000,0.012000,,,,0.421154,0.520924
7.9337,squat,face,,0.020873,0.000000,,,,,,,,0.534863,0.350003,,0.354004,,rest,0,0,debug,0.006000,0.012000,0.298142,0.291260,5,0.414480,0.502890
7.9670,squat,face,,0.020873,0.000000,,,,,,,,,0.350417,,0.449707,,rest,0,0,debug,0.006000,0.012000,0.314038,0.170166,5,0.407991,0.476204
8.0003,squat,face,,0.020873,0.000000,,,,,,,,,,,,,rest,0,0,debug,0.006000,0.012000,,,,0.404352,0.452724
8.0337,squat,face,0.022963,0.021500,0.590658,0.383805,0.454991,0.202049,0.113652,0.590658,0.022963,7,,,,,,rest,0,0,debug,0.006000,0.012000,,,,0.406980,0.445515
8.0670,squat,face,0.020313,0.021144,0.597439,0.389838,0.454042,0.190033,0.106894,0.597439,0.020313,7,,,,,,rest,0,0,debug,0.006000,0.012000,,,,0.410032,0.443183
8.1003,squat,face,,0.021144,0.000000,,,,,,,,,,,,,rest,0,0,debug,0.006000,0.012000,,,,0.413169,0.443275
8.1337,squat,face,0.020299,0.020891,0.601512,0.395405,0.459427,0.189966,0.106856,0.601512,0.020299,7,,,,,,rest,0,0,debug,0.006000,0.012000,,,,0.417391,0.447988
8.1670,squat,face,0.020013,0.020627,0.628117,0.393882,0.455587,0.188621,0.106099,0.628117,0.020013,7,,,,,,rest,0,0,debug,0.006000,0.012000,,,,0.423785,0.459534
8.2003,squat,face,0.019435,0.020269,0.650270,0.399178,0.457500,0.185879,0.104557,0.650270,0.019435,7,,,,,,rest,0,0,debug,0.006000,0.012000,,,,0.432279,0.476224
8.2670,squat,face,,0.020269,0.000000,,,,,,,,0.501530,0.343055,,0.378418,,rest,0,0,debug,0.006000,0.012000,0.286783,0.320557,5,0.448921,0.511568
8.3003,squat,face,,0.020269,0.000000,,,,,,,,,,,,,rest,0,0,debug,0.006000,0.012000,,,,0.457048,0.533061
8.3337,squat,face,,0.020269,0.000000,,,,,,,,0.512352,0.349314,,0.282227,,rest,0,0,debug,0.006000,0.012000,0.267063,0.259033,5,0.466878,0.554901
8.3670,squat,face,,0.020269,0.000000,,,,,,,,0.512814,0.353762,,0.466309,,rest,0,0,debug,0.006000,0.012000,0.255110,0.384766,5,0.477367,0.575644
8.4003,squat,face,,0.020269,0.000000,,,,,,,,,,,,,rest,0,0,debug,0.006000,0.012000,,,,0.486375,0.596439
8.4670,squat,face,,0.020269,0.000000,,,,,,,,0.498179,0.362704,,0.401855,,rest,0,0,debug,0.006000,0.012000,0.218423,0.266357,5,0.499979,0.621827
8.5003,squat,face,,0.020269,0.000000,,,,,,,,0.462421,0.365290,0.097913,0.595703,,rest,0,0,debug,0.006000,0.012000,0.215323,0.548340,5,0.507189,0.628936
8.5337,squat,face,,0.020269,0.000000,,,,,,,,0.465204,0.369578,0.104632,0.638184,,rest,0,0,debug,0.006000,0.012000,0.209258,0.579590,5,0.513789,0.631273
8.5670,squat,face,,0.020269,0.000000,,,,,,,,,0.372969,,0.544922,,rest,0,0,debug,0.006000,0.012000,0.201949,0.411865,5,0.519530,0.635157
8.6003,squat,face,,0.020269,0.000000,,,,,,,,,0.370999,0.095293,0.472656,,rest,0,0,debug,0.006000,0.012000,0.194753,0.247314,5,0.524302,0.638268
8.6337,squat,face,,0.020269,0.000000,,,,,,,,,0.378342,0.115598,0.479248,,rest,0,0,debug,0.006000,0.012000,0.195627,0.202393,5,0.528593,0.641422
8.6670,squat,face,,0.020269,0.000000,,,,,,,,,0.377423,0.127023,0.663086,,rest,0,0,debug,0.006000,0.012000,0.190460,0.202881,5,0.532174,0.645851
8.7004,squat,face,,0.020269,0.000000,,,,,,,,,0.369438,0.149719,0.608887,,rest,0,0,debug,0.006000,0.012000,0.178511,0.322510,5,0.534183,0.649158
8.7337,squat,face,,0.020269,0.000000,,,,,,,,,,,,,rest,0,0,debug,0.006000,0.012000,,,,0.535066,0.653329
8.7670,squat,face,0.026564,0.022158,0.588588,0.145279,0.886341,0.217314,0.122239,0.588588,0.026564,7,,,,,,rest,0,0,debug,0.006000,0.012000,,,,0.533750,0.657646
8.8004,squat,face,0.023220,0.022477,0.602120,0.146356,0.888105,0.203176,0.114287,0.602120,0.023220,7,,0.370870,0.171759,0.602539,,rest,0,0,debug,0.006000,0.012000,0.163617,0.423584,5,0.530158,0.659146
8.8337,squat,face,,0.022477,0.000000,,,,,,,,,0.368876,0.179936,0.540039,,rest,0,0,debug,0.006000,0.012000,0.158969,0.385010,5,0.524930,0.657911
8.8670,squat,face,,0.022477,0.000000,,,,,,,,,0.366667,0.198736,0.514160,,rest,0,0,debug,0.006000,0.012000,0.155273,0.435547,5,0.519297,0.658304
8.9004,squat,face,,0.022477,0.000000,,,,,,,,,0.366922,,0.387939,,rest,0,0,debug,0.006000,0.012000,0.006222,0.229736,5,0.511075,0.656670
8.9337,squat,face,,0.022477,0.000000,,,,,,,,,0.364176,0.224000,0.499512,,rest,0,0,debug,0.006000,0.012000,0.153685,0.267822,5,0.502887,0.647230
8.9670,squat,face,,0.022477,0.000000,,,,,,,,,0.361097,0.210890,0.676758,,rest,0,0,debug,0.006000,0.012000,0.149346,0.546387,5,0.496236,0.637221
9.0004,squat,face,,0.022477,0.000000,,,,,,,,,0.357961,0.192310,0.712891,,rest,0,0,debug,0.006000,0.012000,0.148384,0.562500,5,0.491498,0.629318
9.0337,squat,face,,0.022477,0.000000,,,,,,,,,0.356695,0.206441,0.707031,,rest,0,0,debug,0.006000,0.012000,0.138336,0.554199,5,0.489423,0.622640
9.0670,squat,face,,0.022477,0.000000,,,,,,,,,0.356892,0.206533,0.632812,,rest,0,0,debug,0.006000,0.012000,0.136879,0.576660,5,0.488928,0.616575
9.1004,squat,face,,0.022477,0.000000,,,,,,,,,0.355736,0.220342,0.636230,,rest,0,0,debug,0.006000,0.012000,0.136660,0.591797,5,0.487346,0.609743
9.1337,squat,face,,0.022477,0.000000,,,,,,,,,0.355863,0.237507,0.595703,,rest,0,0,debug,0.006000,0.012000,0.133488,0.574219,5,0.484909,0.602967
9.1670,squat,face,,0.022477,0.000000,,,,,,,,,0.355998,0.235875,0.611816,,rest,0,0,debug,0.006000,0.012000,0.134808,0.542480,5,0.482661,0.598858
9.2004,squat,face,,0.022477,0.000000,,,,,,,,,0.358371,0.236543,0.575684,,rest,0,0,debug,0.006000,0.012000,0.128752,0.509277,5,0.480589,0.594927
9.2337,squat,face,,0.022477,0.000000,,,,,,,,,0.360446,0.242989,0.576172,,rest,0,0,debug,0.006000,0.012000,0.124814,0.543457,5,0.479492,0.593833
9.2670,squat,face,,0.022477,0.000000,,,,,,,,,0.361825,0.226281,0.536133,,rest,0,0,debug,0.006000,0.012000,0.119086,0.533691,5,0.477868,0.593456
9.3004,squat,face,,0.022477,0.000000,,,,,,,,,0.363299,0.226158,0.543945,,rest,0,0,debug,0.006000,0.012000,0.116001,0.510742,5,0.476263,0.592977
9.3337,squat,face,,0.022477,0.000000,,,,,,,,,0.361579,0.219515,0.658691,,rest,0,0,debug,0.006000,0.012000,0.132611,0.554688,5,0.475177,0.592736
9.3670,squat,face,,0.022477,0.000000,,,,,,,,,0.363183,0.218686,0.646484,,rest,0,0,debug,0.006000,0.012000,0.140287,0.610840,5,0.474091,0.591663
9.4004,squat,face,,0.022477,0.000000,,,,,,,,,0.364580,0.218205,0.673340,,rest,0,0,debug,0.006000,0.012000,0.139544,0.599121,5,0.473946,0.592991
9.4337,squat,face,,0.022477,0.000000,,,,,,,,,0.366321,0.215575,0.709473,,rest,0,0,debug,0.006000,0.012000,0.144282,0.652832,5,0.474400,0.596105
9.4670,squat,face,,0.022477,0.000000,,,,,,,,,0.367990,0.179538,0.699219,,rest,0,0,debug,0.006000,0.012000,0.143616,0.637695,5,0.474765,0.598349
9.5004,squat,face,,0.022477,0.000000,,,,,,,,,0.370602,0.164530,0.673828,,rest,0,0,debug,0.006000,0.012000,0.151517,0.669434,5,0.475638,0.601589
9.5337,squat,face,,0.022477,0.000000,,,,,,,,,0.374835,0.180758,0.635254,,rest,0,0,debug,0.006000,0.012000,0.153695,0.534180,5,0.477132,0.604806
9.5671,squat,face,0.027975,0.024126,0.590865,0.882609,0.089850,0.125444,0.223011,0.590865,0.027975,4,,0.378212,0.186258,0.655762,,rest,0,0,debug,0.006000,0.012000,0.159914,0.548828,5,0.478884,0.608382
9.6004,squat,face,,0.024126,0.000000,,,,,,,,0.412263,0.377406,,0.546875,,rest,0,0,debug,0.006000,0.012000,0.159126,0.450684,5,0.480203,0.606864
9.6337,squat,face,,0.024126,0.000000,,,,,,,,,0.383939,0.184593,0.561035,,rest,0,0,debug,0.006000,0.012000,0.163333,0.523438,5,0.480865,0.601033
9.6671,squat,face,,0.024126,0.000000,,,,,,,,0.473260,0.385955,0.175082,0.640625,,rest,0,0,debug,0.006000,0.012000,0.165507,0.621094,5,0.480523,0.595068
9.7004,squat,face,,0.024126,0.000000,,,,,,,,0.482030,0.388870,0.168079,0.624512,,rest,0,0,debug,0.006000,0.012000,0.169477,0.594238,5,0.476304,0.589545
9.7337,squat,face,,0.024126,0.000000,,,,,,,,0.487642,0.391163,0.158377,0.616699,,rest,0,0,debug,0.006000,0.012000,0.173120,0.518555,5,0.469315,0.581499
9.7671,squat,face,,0.024126,0.000000,,,,,,,,0.497149,0.391269,0.152742,0.609863,,rest,0,0,debug,0.006000,0.012000,0.182612,0.503906,5,0.461678,0.573575
9.8004,squat,face,,0.024126,0.000000,,,,,,,,,0.388327,,0.409180,,rest,0,0,debug,0.006000,0.012000,0.183910,0.367432,5,0.453709,0.566520
9.8337,squat,face,,0.024126,0.000000,,,,,,,,,0.389126,0.157446,0.488770,,rest,0,0,debug,0.006000,0.012000,0.201334,0.337158,5,0.441184,0.553859
9.8671,squat,face,,0.024126,0.000000,,,,,,,,0.508067,0.389363,,0.505371,,rest,0,0,debug,0.006000,0.012000,0.203553,0.500488,5,0.432259,0.543499
9.9004,squat,face,,0.024126,0.000000,,,,,,,,0.509649,0.390299,,0.474609,,rest,0,0,debug,0.006000,0.012000,0.214492,0.441162,5,0.421033,0.524477
9.9337,squat,face,,0.024126,0.000000,,,,,,,,0.509747,0.390357,,0.424561,,rest,0,0,debug,0.006000,0.012000,0.195429,0.293457,5,0.413415,0.513167
9.9671,squat,face,,0.024126,0.000000,,,,,,,,,,,,,rest,0,0,debug,0.006000,0.012000,,,,0.409956,0.509068
10.0004,squat,face,,0.024126,0.000000,,,,,,,,,,,,,rest,0,0,debug,0.006000,0.012000,,,,0.409842,0.507935
10.0671,squat,face,,0.024126,0.000000,,,,,,,,,,,,,rest,0,0,debug,0.006000,0.012000,,,,0.414103,0.506429
10.1004,squat,face,,0.024126,0.000000,,,,,,,,,,,,,rest,0,0,debug,0.006000,0.012000,,,,0.414050,0.502209
10.1671,squat,face,,0.024126,0.000000,,,,,,,,,,,,,rest,0,0,debug,0.006000,0.012000,,,,0.416186,0.492503
10.2004,squat,face,,0.024126,0.000000,,,,,,,,,,,,,rest,0,0,debug,0.006000,0.012000,,,,0.419413,0.489603
10.2671,squat,face,,0.024126,0.000000,,,,,,,,,,,,,rest,0,0,debug,0.006000,0.012000,,,,0.427733,0.490042
10.3004,squat,face,,0.024126,0.000000,,,,,,,,,,,,,rest,0,0,debug,0.006000,0.012000,,,,0.432488,0.493974
10.3671,squat,face,,0.024126,0.000000,,,,,,,,,,,,,rest,0,0,debug,0.006000,0.012000,,,,0.443624,0.502533
10.4004,squat,face,,0.024126,0.000000,,,,,,,,,,,,,rest,0,0,debug,0.006000,0.012000,,,,0.450919,0.508278
10.4671,squat,face,,0.024126,0.000000,,,,,,,,,,,,,rest,0,0,debug,0.006000,0.012000,,,,0.468106,0.519671
10.5004,squat,face,,0.024126,0.000000,,,,,,,,0.475312,0.390379,,0.413574,,rest,0,0,debug,0.006000,0.012000,0.214518,0.219971,5,0.477083,0.528795
10.5338,squat,face,,0.024126,0.000000,,,,,,,,0.488156,0.392896,,0.448730,,rest,0,0,debug,0.006000,0.012000,0.210137,0.292236,5,0.485565,0.537082
10.5671,squat,face,,0.024126,0.000000,,,,,,,,0.491543,0.392380,,0.475830,,rest,0,0,debug,0.006000,0.012000,0.193537,0.355469,5,0.492718,0.547068
10.6004,squat,face,,0.024126,0.000000,,,,,,,,0.506139,0.394614,0.112164,0.590332,,rest,0,0,debug,0.006000,0.012000,0.197090,0.512207,5,0.496739,0.556014
10.6338,squat,face,,0.024126,0.000000,,,,,,,,0.480946,0.393777,0.111094,0.623535,,rest,0,0,debug,0.006000,0.012000,0.188527,0.574707,5,0.502411,0.565243
10.6671,squat,face,,0.024126,0.000000,,,,,,,,0.490537,0.394921,0.116686,0.643555,,rest,0,0,debug,0.006000,0.012000,0.185331,0.560059,5,0.508791,0.577861
10.7004,squat,face,,0.024126,0.000000,,,,,,,,0.490275,0.397926,0.127983,0.616699,,rest,0,0,debug,0.006000,0.012000,0.187236,0.506836,5,0.515476,0.592747
10.7338,squat,face,,0.024126,0.000000,,,,,,,,,0.397935,0.145565,0.578613,,rest,0,0,debug,0.006000,0.012000,0.179463,0.503418,5,0.521625,0.607516
10.7671,squat,face,,0.024126,0.000000,,,,,,,,0.485735,0.395915,0.153595,0.634766,,rest,0,0,debug,0.006000,0.012000,0.174819,0.577148,5,0.526602,0.620860
10.8004,squat,face,0.039912,0.028862,0.631799,0.724710,0.829178,0.266372,0.149834,0.631799,0.039912,7,0.477763,0.396061,0.155275,0.637207,,rest,0,0,debug,0.006000,0.012000,0.171972,0.601074,5,0.529933,0.633876
10.8338,squat,face,,0.028862,0.000000,,,,,,,,0.431594,0.396328,0.172554,0.648926,,rest,0,0,debug,0.006000,0.012000,0.166427,0.575195,5,0.532191,0.645905
10.8671,squat,face,0.030725,0.029421,0.583798,0.876565,0.096563,0.131463,0.233712,0.583798,0.030725,4,0.422224,0.396259,0.175267,0.686523,,rest,0,0,debug,0.006000,0.012000,0.162852,0.627441,5,0.532821,0.653711
10.9004,squat,face,,0.029421,0.000000,,,,,,,,,0.394667,0.176831,0.575684,,rest,0,0,debug,0.006000,0.012000,0.155309,0.356689,5,0.532182,0.661035
10.9338,squat,face,0.028290,0.029081,0.608974,0.881006,0.134343,0.126147,0.224261,0.608974,0.028290,4,0.422367,0.393051,0.183254,0.553223,,rest,0,0,debug,0.006000,0.012000,0.152788,0.355713,5,0.529323,0.663026
10.9671,squat,face,,0.029081,0.000000,,,,,,,,0.409118,0.387670,,0.516602,,rest,0,0,debug,0.006000,0.012000,0.149668,0.358643,5,0.525119,0.664610
11.0004,squat,face,0.020539,0.026519,0.606966,0.895705,0.113840,0.107487,0.191088,0.606966,0.020539,4,,,,,,rest,0,0,debug,0.006000,0.012000,,,,0.518934,0.663133
11.0671,squat,face,,0.026519,0.000000,,,,,,,,,0.379967,,0.624023,,rest,0,0,debug,0.006000,0.012000,0.144825,0.462402,5,0.505012,0.648772
11.1004,squat,face,,0.026519,0.000000,,,,,,,,,0.375327,0.248529,0.682617,,rest,0,0,debug,0.006000,0.012000,0.143455,0.566895,5,0.499568,0.642712
11.1338,squat,face,,0.026519,0.000000,,,,,,,,,0.372499,0.245103,0.593750,,rest,0,0,debug,0.006000,0.012000,0.141753,0.587891,5,0.494327,0.634759
11.1671,squat,face,,0.026519,0.000000,,,,,,,,,0.370528,0.230166,0.632324,,rest,0,0,debug,0.006000,0.012000,0.139010,0.610840,5,0.491441,0.633121
11.2004,squat,face,,0.026519,0.000000,,,,,,,,,0.368385,0.181829,0.607422,,rest,0,0,debug,0.006000,0.012000,0.137580,0.579590,5,0.490126,0.631304
11.2338,squat,face,,0.026519,0.000000,,,,,,,,,0.364729,0.215077,0.684570,,rest,0,0,debug,0.006000,0.012000,0.142760,0.584961,5,0.490422,0.628985
11.2671,squat,face,,0.026519,0.000000,,,,,,,,,0.361428,,0.610352,,rest,0,0,debug,0.006000,0.012000,0.137420,0.586426,5,0.490412,0.628645
11.3004,squat,face,,0.026519,0.000000,,,,,,,,,0.360028,0.212808,0.653320,,rest,0,0,debug,0.006000,0.012000,0.140843,0.636230,5,0.489506,0.626229
11.3338,squat,face,,0.026519,0.000000,,,,,,,,,0.357359,0.193758,0.622070,,rest,0,0,debug,0.006000,0.012000,0.139342,0.617188,5,0.488603,0.626125
11.3671,squat,face,,0.026519,0.000000,,,,,,,,,0.355475,0.207701,0.645508,,rest,0,0,debug,0.006000,0.012000,0.143344,0.633789,5,0.487630,0.625245
11.4005,squat,face,,0.026519,0.000000,,,,,,,,,0.353705,0.168927,0.626465,,rest,0,0,debug,0.006000,0.012000,0.145609,0.604980,5,0.486729,0.626908
11.4338,squat,face,,0.026519,0.000000,,,,,,,,,0.352448,0.159590,0.654297,,rest,0,0,debug,0.006000,0.012000,0.145344,0.648438,5,0.485896,0.627190
11.4671,squat,face,,0.026519,0.000000,,,,,,,,,0.350989,0.166078,0.652344,,rest,0,0,debug,0.006000,0.012000,0.147744,0.626953,5,0.485529,0.628329
11.5005,squat,face,,0.026519,0.000000,,,,,,,,,0.350205,,0.646973,,rest,0,0,debug,0.006000,0.012000,0.149668,0.499023,5,0.485712,0.628529
11.5338,squat,face,,0.026519,0.000000,,,,,,,,,0.350127,,0.537109,,rest,0,0,debug,0.006000,0.012000,0.149520,0.342773,5,0.486779,0.631340
11.5671,squat,face,,0.026519,0.000000,,,,,,,,,0.351093,,0.622559,,rest,0,0,debug,0.006000,0.012000,0.149967,0.399414,5,0.487176,0.630914
11.6005,squat,face,,0.026519,0.000000,,,,,,,,,0.351898,0.174722,0.710449,,rest,0,0,debug,0.006000,0.012000,0.150353,0.445312,5,0.487902,0.630683
11.6338,squat,face,,0.026519,0.000000,,,,,,,,,0.355077,0.198426,0.689453,,rest,0,0,debug,0.006000,0.012000,0.152534,0.455078,5,0.488642,0.627870
11.6671,squat,face,,0.026519,0.000000,,,,,,,,,0.357092,,0.614746,,rest,0,0,debug,0.006000,0.012000,0.154593,0.361328,5,0.490242,0.623102
11.7005,squat,face,,0.026519,0.000000,,,,,,,,,0.361428,,0.501953,,rest,0,0,debug,0.006000,0.012000,0.010588,0.171631,5,0.492033,0.618448
11.7338,squat,face,0.030215,0.027628,0.610776,0.873307,0.066715,0.130368,0.231766,0.610776,0.030215,4,0.451247,0.357369,0.158737,0.599121,,rest,0,0,debug,0.006000,0.012000,0.160221,0.457520,5,0.492824,0.612450
11.7671,squat,face,,0.027628,0.000000,,,,,,,,0.446838,0.356846,0.153530,0.654297,,rest,0,0,debug,0.006000,0.012000,0.158065,0.493896,5,0.490619,0.603928
11.8005,squat,face,,0.027628,0.000000,,,,,,,,0.448254,0.360389,0.143773,0.622559,,rest,0,0,debug,0.006000,0.012000,0.163238,0.606445,5,0.484693,0.593620
11.8338,squat,face,,0.027628,0.000000,,,,,,,,0.461560,0.366392,0.134225,0.592773,,rest,0,0,debug,0.006000,0.012000,0.168233,0.569336,5,0.478117,0.581894
11.8671,squat,face,,0.027628,0.000000,,,,,,,,0.467039,0.362296,0.115984,0.641113,,rest,0,0,debug,0.006000,0.012000,0.175028,0.628418,5,0.472086,0.570730
11.9005,squat,face,,0.027628,0.000000,,,,,,,,0.474475,0.362251,0.095741,0.650879,,rest,0,0,debug,0.006000,0.012000,0.186834,0.595703,5,0.466383,0.559127
11.9338,squat,face,,0.027628,0.000000,,,,,,,,0.478106,0.359789,,0.689453,,rest,0,0,debug,0.006000,0.012000,0.192834,0.514648,5,0.459295,0.545979
11.9671,squat,face,,0.027628,0.000000,,,,,,,,0.477966,0.360423,,0.551270,,rest,0,0,debug,0.006000,0.012000,0.214091,0.396973,5,0.449525,0.527751
12.0005,squat,face,,0.027628,0.000000,,,,,,,,0.472922,0.362755,,0.465332,,rest,0,0,debug,0.006000,0.012000,0.210979,0.360107,5,0.444368,0.514485
12.0338,squat,face,,0.027628,0.000000,,,,,,,,,,,,,rest,0,0,debug,0.006000,0.012000,,,,0.438391,0.501427
12.0671,squat,face,,0.027628,0.000000,,,,,,,,,,,,,rest,0,0,debug,0.006000,0.012000,,,,0.435812,0.497244
12.1338,squat,face,,0.027628,0.000000,,,,,,,,,,,,,rest,0,0,debug,0.006000,0.012000,,,,0.430550,0.499635
12.1671,squat,face,,0.027628,0.000000,,,,,,,,,,,,,rest,0,0,debug,0.006000,0.012000,,,,0.429119,0.500624
12.2338,squat,face,,0.027628,0.000000,,,,,,,,,,,,,rest,0,0,debug,0.006000,0.012000,,,,0.429262,0.503160
12.2672,squat,face,,0.027628,0.000000,,,,,,,,,,,,,rest,0,0,debug,0.006000,0.012000,,,,0.432632,0.501765
12.3338,squat,face,,0.027628,0.000000,,,,,,,,,,,,,rest,0,0,debug,0.006000,0.012000,,,,0.436364,0.501124
12.3672,squat,face,,0.027628,0.000000,,,,,,,,,,,,,rest,0,0,debug,0.006000,0.012000,,,,0.439711,0.503353
12.4338,squat,face,,0.027628,0.000000,,,,,,,,,,,,,rest,0,0,debug,0.006000,0.012000,,,,0.452372,0.519901
12.4672,squat,face,,0.027628,0.000000,,,,,,,,,,,,,rest,0,0,debug,0.006000,0.012000,,,,0.460678,0.529619
12.5338,squat,face,,0.027628,0.000000,,,,,,,,,,,,,rest,0,0,debug,0.006000,0.012000,,,,0.474479,0.542305
12.5672,squat,face,,0.027628,0.000000,,,,,,,,,,,,,rest,0,0,debug,0.006000,0.012000,,,,0.482014,0.551733
12.6338,squat,face,,0.027628,0.000000,,,,,,,,,,,,,rest,0,0,debug,0.006000,0.012000,,,,0.492856,0.568749
12.6672,squat,face,,0.027628,0.000000,,,,,,,,0.480071,0.355479,,0.363037,,rest,0,0,debug,0.006000,0.012000,0.228861,0.168701,5,0.496629,0.576835
12.7005,squat,face,,0.027628,0.000000,,,,,,,,0.431790,0.357363,,0.432129,,rest,0,0,debug,0.006000,0.012000,0.216302,0.290527,5,0.501447,0.591470
12.7338,squat,face,,0.027628,0.000000,,,,,,,,0.470442,0.359009,,0.436523,,rest,0,0,debug,0.006000,0.012000,0.209568,0.407227,5,0.510461,0.611520
12.7672,squat,face,,0.027628,0.000000,,,,,,,,0.464588,0.361641,0.095049,0.626465,,rest,0,0,debug,0.006000,0.012000,0.198866,0.555664,5,0.518565,0.626817
12.8005,squat,face,,0.027628,0.000000,,,,,,,,0.465782,0.363193,0.097941,0.587402,,rest,0,0,debug,0.006000,0.012000,0.192925,0.521973,5,0.524567,0.638919
12.8338,squat,face,,0.027628,0.000000,,,,,,,,0.454959,0.366645,0.114020,0.588867,,rest,0,0,debug,0.006000,0.012000,0.185624,0.519043,5,0.530104,0.648150
12.8672,squat,face,,0.027628,0.000000,,,,,,,,,0.367405,0.127471,0.557129,,rest,0,0,debug,0.006000,0.012000,0.181034,0.408936,5,0.535489,0.658574
12.9005,squat,face,,0.027628,0.000000,,,,,,,,,0.369064,0.131576,0.588867,,rest,0,0,debug,0.006000,0.012000,0.176245,0.448486,5,0.538992,0.667492
12.9338,squat,face,,0.027628,0.000000,,,,,,,,,0.370887,0.148876,0.612305,,rest,0,0,debug,0.006000,0.012000,0.169749,0.472168,5,0.541043,0.673729
12.9672,squat,face,,0.027628,0.000000,,,,,,,,,,,,,rest,0,0,debug,0.006000,0.012000,,,,0.540732,0.675618
13.0338,squat,face,,0.027628,0.000000,,,,,,,,,0.371137,,0.423828,,rest,0,0,debug,0.006000,0.012000,0.160737,0.255859,5,0.534989,0.672736
13.0672,squat,face,,0.027628,0.000000,,,,,,,,,0.367099,0.201917,0.693848,,rest,0,0,debug,0.006000,0.012000,0.157166,0.468750,5,0.526547,0.669948
13.1005,squat,face,,0.027628,0.000000,,,,,,,,,0.362984,0.216800,0.731445,,rest,0,0,debug,0.006000,0.012000,0.149308,0.601074,5,0.517510,0.668758
13.1338,squat,face,,0.027628,0.000000,,,,,,,,,0.359201,0.213696,0.706055,,rest,0,0,debug,0.006000,0.012000,0.152777,0.649902,5,0.509271,0.661470
13.1672,squat,face,,0.027628,0.000000,,,,,,,,,0.356014,0.215603,0.699707,,rest,0,0,debug,0.006000,0.012000,0.149704,0.619629,5,0.503307,0.654162
13.2005,squat,face,,0.027628,0.000000,,,,,,,,,0.354595,0.225778,0.692383,,rest,0,0,debug,0.006000,0.012000,0.148757,0.644531,5,0.499920,0.648273
13.2339,squat,face,,0.027628,0.000000,,,,,,,,,0.352905,0.223966,0.701172,,rest,0,0,debug,0.006000,0.012000,0.146499,0.625488,5,0.496337,0.636591
13.2672,squat,face,,0.027628,0.000000,,,,,,,,,0.350859,0.205087,0.672363,,rest,0,0,debug,0.006000,0.012000,0.143606,0.607422,5,0.494520,0.629326
13.3005,squat,face,,0.027628,0.000000,,,,,,,,,0.348178,0.168122,0.631348,,rest,0,0,debug,0.006000,0.012000,0.141841,0.597656,5,0.493575,0.625300
13.3339,squat,face,,0.027628,0.000000,,,,,,,,,0.348151,0.190669,0.597656,,rest,0,0,debug,0.006000,0.012000,0.135921,0.582031,5,0.491385,0.619516
13.3672,squat,face,,0.027628,0.000000,,,,,,,,,0.348096,0.191054,0.578613,,rest,0,0,debug,0.006000,0.012000,0.133243,0.545410,5,0.489774,0.616625
13.4005,squat,face,,0.027628,0.000000,,,,,,,,,0.346935,0.191796,0.618652,,rest,0,0,debug,0.006000,0.012000,0.133981,0.571777,5,0.488155,0.614702
13.4339,squat,face,,0.027628,0.000000,,,,,,,,,0.347341,0.167477,0.638184,,rest,0,0,debug,0.006000,0.012000,0.137893,0.617188,5,0.485816,0.613054
13.4672,squat,face,,0.027628,0.000000,,,,,,,,,0.347165,0.169981,0.625977,,rest,0,0,debug,0.006000,0.012000,0.139681,0.582520,5,0.483776,0.611041
13.5005,squat,face,,0.027628,0.000000,,,,,,,,,0.348282,0.171285,0.627930,,rest,0,0,debug,0.006000,0.012000,0.140398,0.624512,5,0.482164,0.609979
13.5339,squat,face,,0.027628,0.000000,,,,,,,,,0.349353,0.204166,0.634766,,rest,0,0,debug,0.006000,0.012000,0.140976,0.600586,5,0.480732,0.610254
13.5672,squat,face,,0.027628,0.000000,,,,,,,,,0.350507,0.169958,0.633789,,rest,0,0,debug,0.006000,0.012000,0.141214,0.579102,5,0.479726,0.612149
13.6005,squat,face,,0.027628,0.000000,,,,,,,,,0.351476,0.167815,0.722168,,rest,0,0,debug,0.006000,0.012000,0.144961,0.602051,5,0.478953,0.614598
13.6339,squat,face,,0.027628,0.000000,,,,,,,,,0.352417,0.166783,0.758301,,rest,0,0,debug,0.006000,0.012000,0.145155,0.604980,5,0.478492,0.616287
13.6672,squat,face,,0.027628,0.000000,,,,,,,,,0.353612,0.164572,0.736328,,rest,0,0,debug,0.006000,0.012000,0.147159,0.611328,5,0.478575,0.618818
13.7005,squat,face,,0.027628,0.000000,,,,,,,,,0.354801,0.157056,0.630371,,rest,0,0,debug,0.006000,0.012000,0.150869,0.482666,5,0.479886,0.623620
13.7339,squat,face,,0.027628,0.000000,,,,,,,,,0.358026,,0.501953,,rest,0,0,debug,0.006000,0.012000,0.152006,0.303223,5,0.481529,0.628245
13.7672,squat,face,,0.027628,0.000000,,,,,,,,,0.356665,,0.440186,,rest,0,0,debug,0.006000,0.012000,0.151128,0.276367,5,0.483334,0.626309
13.8005,squat,face,0.025900,0.027109,0.607770,0.887510,0.092624,0.120701,0.214580,0.607770,0.025900,4,0.446939,0.359308,,0.589844,,rest,0,0,debug,0.006000,0.012000,0.150024,0.531738,5,0.485156,0.621484
13.8339,squat,face,,0.027109,0.000000,,,,,,,,0.448592,0.360237,0.175490,0.593262,,rest,0,0,debug,0.006000,0.012000,0.151060,0.582520,5,0.486380,0.616283
13.8672,squat,face,,0.027109,0.000000,,,,,,,,0.415245,0.363570,0.155797,0.633301,,rest,0,0,debug,0.006000,0.012000,0.152469,0.612305,5,0.486907,0.608366
13.9005,squat,face,,0.027109,0.000000,,,,,,,,0.460804,0.365576,0.146947,0.626465,,rest,0,0,debug,0.006000,0.012000,0.158617,0.550781,5,0.483479,0.594343
13.9339,squat,face,,0.027109,0.000000,,,,,,,,0.462326,0.367677,0.129930,0.583496,,rest,0,0,debug,0.006000,0.012000,0.166108,0.579102,5,0.478325,0.576743
13.9672,squat,face,,0.027109,0.000000,,,,,,,,0.460063,0.364431,0.116822,0.547852,,rest,0,0,debug,0.006000,0.012000,0.174185,0.450439,5,0.473185,0.561602
14.0005,squat,face,,0.027109,0.000000,,,,,,,,0.467016,0.361185,,0.428955,,rest,0,0,debug,0.006000,0.012000,0.188593,0.374512,5,0.466862,0.546542
14.0339,squat,face,,0.027109,0.000000,,,,,,,,0.474557,0.369459,,0.489014,,rest,0,0,debug,0.006000,0.012000,0.198759,0.319580,5,0.461956,0.535065
14.0672,squat,face,,0.027109,0.000000,,,,,,,,0.474691,0.368637,,0.445557,,rest,0,0,debug,0.006000,0.012000,0.200918,0.266357,5,0.457320,0.525036
14.1006,squat,face,,0.027109,0.000000,,,,,,,,0.478641,0.368811,,0.360596,,rest,0,0,debug,0.006000,0.012000,0.215993,0.305908,5,0.453672,0.517399
14.1339,squat,face,,0.027109,0.000000,,,,,,,,,,,,,rest,0,0,debug,0.006000,0.012000,,,,0.450710,0.510700
14.1672,squat,face,,0.027109,0.000000,,,,,,,,,,,,,rest,0,0,debug,0.006000,0.012000,,,,0.447448,0.504359
14.2339,squat,face,,0.027109,0.000000,,,,,,,,,,,,,rest,0,0,debug,0.006000,0.012000,,,,0.439646,0.497224
14.2672,squat,face,,0.027109,0.000000,,,,,,,,,,,,,rest,0,0,debug,0.006000,0.012000,,,,0.433538,0.493234
14.3339,squat,face,,0.027109,0.000000,,,,,,,,,,,,,rest,0,0,debug,0.006000,0.012000,,,,0.427708,0.489402
14.4006,squat,face,,0.027109,0.000000,,,,,,,,,,,,,rest,0,0,debug,0.006000,0.012000,,,,0.427385,0.487461
14.4339,squat,face,,0.027109,0.000000,,,,,,,,,,,,,rest,0,0,debug,0.006000,0.012000,,,,0.431033,0.489923
14.4672,squat,face,,0.027109,0.000000,,,,,,,,,,,,,rest,0,0,debug,0.006000,0.012000,,,,0.434984,0.493917
14.5339,squat,face,,0.027109,0.000000,,,,,,,,,,,,,rest,0,0,debug,0.006000,0.012000,,,,0.448321,0.510596
14.5672,squat,face,,0.027109,0.000000,,,,,,,,,,,,,rest,0,0,debug,0.006000,0.012000,,,,0.456887,0.520979
14.6339,squat,face,,0.027109,0.000000,,,,,,,,,,,,,rest,0,0,debug,0.006000,0.012000,,,,0.472766,0.539222
14.6672,squat,face,,0.027109,0.000000,,,,,,,,,,,,,rest,0,0,debug,0.006000,0.012000,,,,0.477512,0.543341
14.7339,squat,face,,0.027109,0.000000,,,,,,,,,,,,,rest,0,0,debug,0.006000,0.012000,,,,0.490992,0.559153
14.7672,squat,face,,0.027109,0.000000,,,,,,,,,,,,,rest,0,0,debug,0.006000,0.012000,,,,0.495219,0.566208
14.8339,squat,face,,0.027109,0.000000,,,,,,,,0.481205,0.355232,,0.516602,,rest,0,0,debug,0.006000,0.012000,0.206479,0.461914,5,0.501572,0.581095
14.8672,squat,face,,0.027109,0.000000,,,,,,,,0.478425,0.357348,0.091959,0.567383,,rest,0,0,debug,0.006000,0.012000,0.200400,0.548828,5,0.506074,0.594344
14.9006,squat,face,,0.027109,0.000000,,,,,,,,0.475405,0.360411,0.087860,0.603027,,rest,0,0,debug,0.006000,0.012000,0.193504,0.579102,5,0.512503,0.610836
14.9339,squat,face,,0.027109,0.000000,,,,,,,,0.460117,0.362728,0.097437,0.647461,,rest,0,0,debug,0.006000,0.012000,0.190571,0.597656,5,0.518774,0.626127
14.9672,squat,face,,0.027109,0.000000,,,,,,,,0.455189,0.365682,0.109271,0.564941,,rest,0,0,debug,0.006000,0.012000,0.183527,0.492920,5,0.524367,0.638590
15.0006,squat,face,,0.027109,0.000000,,,,,,,,0.406104,0.366279,0.120675,0.562988,,rest,0,0,debug,0.006000,0.012000,0.178826,0.461670,5,0.529773,0.650051
15.0339,squat,face,,0.027109,0.000000,,,,,,,,0.409462,0.365980,0.124394,0.546875,,rest,0,0,debug,0.006000,0.012000,0.168374,0.508789,5,0.532996,0.657257
15.0673,squat,face,,0.027109,0.000000,,,,,,,,0.406248,0.367143,0.141960,0.540527,,rest,0,0,debug,0.006000,0.012000,0.166515,0.535645,5,0.534438,0.664986
15.1006,squat,face,,0.027109,0.000000,,,,,,,,0.399263,0.369500,0.157755,0.551758,,rest,0,0,debug,0.006000,0.012000,0.164638,0.551270,5,0.534284,0.671321
15.1339,squat,face,,0.027109,0.000000,,,,,,,,0.389719,0.368874,0.169064,0.625488,,rest,0,0,debug,0.006000,0.012000,0.162460,0.572754,5,0.532501,0.672858
15.1673,squat,face,,0.027109,0.000000,,,,,,,,,,,,,rest,0,0,debug,0.006000,0.012000,,,,0.530239,0.671483
15.2006,squat,face,,0.027109,0.000000,,,,,,,,,0.368207,0.213316,0.584473,,rest,0,0,debug,0.006000,0.012000,0.152053,0.438721,5,0.524921,0.669190
15.2339,squat,face,,0.027109,0.000000,,,,,,,,,0.365951,0.220496,0.635254,,rest,0,0,debug,0.006000,0.012000,0.149226,0.453369,5,0.517106,0.669234
15.2673,squat,face,,0.027109,0.000000,,,,,,,,,0.362550,0.211322,0.718262,,rest,0,0,debug,0.006000,0.012000,0.147343,0.578125,5,0.508014,0.661731
15.3006,squat,face,,0.027109,0.000000,,,,,,,,,0.359940,0.223176,0.724121,,rest,0,0,debug,0.006000,0.012000,0.149990,0.631836,5,0.499993,0.650436
15.3339,squat,face,,0.027109,0.000000,,,,,,,,,0.358630,0.229580,0.663574,,rest,0,0,debug,0.006000,0.012000,0.139284,0.571289,5,0.495353,0.643005
15.3673,squat,face,,0.027109,0.000000,,,,,,,,,0.357984,0.239549,0.663574,,rest,0,0,debug,0.006000,0.012000,0.137450,0.562500,5,0.492769,0.636719
15.4006,squat,face,,0.027109,0.000000,,,,,,,,,0.357532,0.236214,0.675293,,rest,0,0,debug,0.006000,0.012000,0.130692,0.572266,5,0.491613,0.631576
15.4339,squat,face,,0.027109,0.000000,,,,,,,,,0.356563,0.218054,0.653320,,rest,0,0,debug,0.006000,0.012000,0.126647,0.584961,5,0.491234,0.624727
15.4673,squat,face,,0.027109,0.000000,,,,,,,,,0.354771,0.231377,0.664062,,rest,0,0,debug,0.006000,0.012000,0.128972,0.581055,5,0.490701,0.619252
15.5006,squat,face,,0.027109,0.000000,,,,,,,,,0.355888,0.236757,0.591309,,rest,0,0,debug,0.006000,0.012000,0.117952,0.551270,5,0.488481,0.612518
15.5339,squat,face,,0.027109,0.000000,,,,,,,,,0.356279,0.243771,0.582520,,rest,0,0,debug,0.006000,0.012000,0.112674,0.558594,5,0.486246,0.609331
15.5673,squat,face,,0.027109,0.000000,,,,,,,,,0.356995,0.275206,0.526855,,rest,0,0,debug,0.006000,0.012000,0.112090,0.524902,5,0.484094,0.605641
15.6006,squat,face,,0.027109,0.000000,,,,,,,,,0.357416,0.272645,0.526855,,rest,0,0,debug,0.006000,0.012000,0.110677,0.480957,5,0.482025,0.602442
15.6339,squat,face,,0.027109,0.000000,,,,,,,,,0.355824,0.192585,0.507324,,rest,0,0,debug,0.006000,0.012000,0.114750,0.482178,5,0.480314,0.600856
15.6673,squat,face,,0.027109,0.000000,,,,,,,,,0.355176,,0.473633,,rest,0,0,debug,0.006000,0.012000,0.112453,0.441162,5,0.478655,0.599364
15.7006,squat,face,,0.027109,0.000000,,,,,,,,,0.354538,,0.446045,,rest,0,0,debug,0.006000,0.012000,0.122175,0.398438,5,0.477599,0.597600
15.7339,squat,face,,0.027109,0.000000,,,,,,,,,0.355280,,0.542480,,rest,0,0,debug,0.006000,0.012000,0.126258,0.492920,5,0.477029,0.596413
15.7673,squat,face,,0.027109,0.000000,,,,,,,,,,,,,rest,0,0,debug,0.006000,0.012000,,,,0.476556,0.595763
15.8006,squat,face,,0.027109,0.000000,,,,,,,,0.561799,0.540049,,0.556152,,rest,0,0,debug,0.006000,0.012000,0.101407,0.176025,4,0.476009,0.595383
15.8673,squat,face,,0.027109,0.000000,,,,,,,,,0.359854,,0.413330,,rest,0,0,debug,0.006000,0.012000,0.120672,0.386963,5,0.474832,0.594325
15.9340,squat,face,,0.027109,0.000000,,,,,,,,,0.360210,,0.392578,,rest,0,0,debug,0.006000,0.012000,0.116957,0.333252,5,0.474453,0.593864
15.9673,squat,face,,0.027109,0.000000,,,,,,,,,0.360726,,0.416260,,rest,0,0,debug,0.006000,0.012000,0.116436,0.344482,5,0.474339,0.593160
16.0006,squat,face,,0.027109,0.000000,,,,,,,,,,,,,rest,0,0,debug,0.006000,0.012000,,,,0.474161,0.592224
16.0340,squat,face,,0.027109,0.000000,,,,,,,,0.305880,0.362622,0.242050,0.465088,,rest,0,0,debug,0.006000,0.012000,0.116687,0.447754,5,0.473921,0.591650
16.0673,squat,face,,0.027109,0.000000,,,,,,,,,0.363581,,0.445068,,rest,0,0,debug,0.006000,0.012000,0.115211,0.344238,5,0.473772,0.591390
16.1006,squat,face,,0.027109,0.000000,,,,,,,,,0.365407,,0.472900,,rest,0,0,debug,0.006000,0.012000,0.109298,0.363281,5,0.473714,0.591562
16.1340,squat,face,,0.027109,0.000000,,,,,,,,,,,,,rest,0,0,debug,0.006000,0.012000,,,,0.473555,0.591663
16.1673,squat,face,,0.027109,0.000000,,,,,,,,0.559878,0.546250,,0.556152,,rest,0,0,debug,0.006000,0.012000,0.091059,0.166504,4,0.473204,0.591351
16.2340,squat,face,,0.027109,0.000000,,,,,,,,0.561320,0.547778,,0.608398,,rest,0,0,debug,0.006000,0.012000,0.095526,0.248779,4,0.472466,0.589949
16.2673,squat,face,,0.027109,0.000000,,,,,,,,0.562525,0.546107,,0.625977,,rest,0,0,debug,0.006000,0.012000,0.100376,0.208252,4,0.472096,0.589282
16.3006,squat,face,,0.027109,0.000000,,,,,,,,,0.364090,,0.460449,,rest,0,0,debug,0.006000,0.012000,0.117904,0.322266,5,0.471996,0.588993
16.3673,squat,face,,0.027109,0.000000,,,,,,,,,,,,,rest,0,0,debug,0.006000,0.012000,,,,0.471453,0.587687
16.4006,squat,face,,0.027109,0.000000,,,,,,,,,0.363698,,0.396973,,rest,0,0,debug,0.006000,0.012000,0.122227,0.318604,5,0.471343,0.587391
16.4340,squat,face,,0.027109,0.000000,,,,,,,,,0.363479,0.205130,0.441895,,rest,0,0,debug,0.006000,0.012000,0.121622,0.374023,5,0.471130,0.586993
16.4673,squat,face,,0.027109,0.000000,,,,,,,,,0.363443,0.205642,0.467529,,rest,0,0,debug,0.006000,0.012000,0.122580,0.408691,5,0.471025,0.586783
16.5006,squat,face,,0.027109,0.000000,,,,,,,,,0.363537,0.206042,0.456543,,rest,0,0,debug,0.006000,0.012000,0.121665,0.364258,5,0.471008,0.586716
16.5340,squat,face,,0.027109,0.000000,,,,,,,,,0.363303,,0.432373,,rest,0,0,debug,0.006000,0.012000,0.117918,0.326660,5,0.470982,0.586551
16.5673,squat,face,,0.027109,0.000000,,,,,,,,,0.363876,0.242509,0.492188,,rest,0,0,debug,0.006000,0.012000,0.120416,0.431396,5,0.470938,0.586479
16.6006,squat,face,,0.027109,0.000000,,,,,,,,0.324429,0.363732,,0.443848,,rest,0,0,debug,0.006000,0.012000,0.116448,0.365479,5,0.470909,0.586542
16.6340,squat,face,,0.027109,0.000000,,,,,,,,,0.363820,,0.442871,,rest,0,0,debug,0.006000,0.012000,0.116445,0.402100,5,0.470793,0.586191
16.6673,squat,face,,0.027109,0.000000,,,,,,,,0.324376,0.362667,,0.394043,,rest,0,0,debug,0.006000,0.012000,0.115022,0.351562,5,0.470718,0.585765
16.7006,squat,face,,0.027109,0.000000,,,,,,,,0.320877,0.362825,0.206526,0.433105,,rest,0,0,debug,0.006000,0.012000,0.114470,0.375244,5,0.470741,0.585444
16.7340,squat,face,,0.027109,0.000000,,,,,,,,,,,,,rest,0,0,debug,0.006000,0.012000,,,,0.470771,0.585437
16.7673,squat,face,,0.027109,0.000000,,,,,,,,,0.363695,,0.352051,,rest,0,0,debug,0.006000,0.012000,0.110943,0.317627,5,0.470618,0.585157
16.8006,squat,face,,0.027109,0.000000,,,,,,,,,,,,,rest,0,0,debug,0.006000,0.012000,,,,0.470627,0.585400
16.8673,squat,face,,0.027109,0.000000,,,,,,,,,,,,,rest,0,0,debug,0.006000,0.012000,,,,0.470792,0.586025
16.9007,squat,face,,0.027109,0.000000,,,,,,,,,0.362019,,0.389893,,rest,0,0,debug,0.006000,0.012000,0.113779,0.337158,5,0.470807,0.586119
16.9340,squat,face,,0.027109,0.000000,,,,,,,,,0.361458,,0.414551,,rest,0,0,debug,0.006000,0.012000,0.117075,0.394287,5,0.470743,0.585771
16.9673,squat,face,,0.027109,0.000000,,,,,,,,,0.361483,,0.364502,,rest,0,0,debug,0.006000,0.012000,0.113474,0.306885,5,0.470656,0.585425
17.0007,squat,face,,0.027109,0.000000,,,,,,,,,0.361022,,0.467285,,rest,0,0,debug,0.006000,0.012000,0.119190,0.447266,5,0.470569,0.585469
17.0340,squat,face,,0.027109,0.000000,,,,,,,,,0.360927,0.219479,0.493408,,rest,0,0,debug,0.006000,0.012000,0.120784,0.473145,5,0.470667,0.585804
17.0673,squat,face,,0.027109,0.000000,,,,,,,,,0.360134,0.215431,0.483643,,rest,0,0,debug,0.006000,0.012000,0.121796,0.480469,5,0.470580,0.585939
17.1007,squat,face,,0.027109,0.000000,,,,,,,,,0.359495,0.205416,0.493408,,rest,0,0,debug,0.006000,0.012000,0.123011,0.491211,5,0.470614,0.586138
17.1340,squat,face,,0.027109,0.000000,,,,,,,,,0.359898,,0.428467,,rest,0,0,debug,0.006000,0.012000,0.121070,0.410400,5,0.470636,0.586385
17.1673,squat,face,,0.027109,0.000000,,,,,,,,,0.358945,,0.477783,,rest,0,0,debug,0.006000,0.012000,0.124687,0.424805,5,0.470645,0.586722
17.2007,squat,face,,0.027109,0.000000,,,,,,,,,0.358386,,0.443115,,rest,0,0,debug,0.006000,0.012000,0.121268,0.406982,5,0.470744,0.587026
17.2340,squat,face,,0.027109,0.000000,,,,,,,,,0.358406,0.204191,0.473633,,rest,0,0,debug,0.006000,0.012000,0.120868,0.443359,5,0.470794,0.587328
17.2673,squat,face,,0.027109,0.000000,,,,,,,,,0.358223,,0.442627,,rest,0,0,debug,0.006000,0.012000,0.123025,0.419434,5,0.470895,0.587599
17.3007,squat,face,,0.027109,0.000000,,,,,,,,0.313240,0.357660,,0.434326,,rest,0,0,debug,0.006000,0.012000,0.121035,0.378906,5,0.471045,0.587907
17.3340,squat,face,,0.027109,0.000000,,,,,,,,,0.358754,,0.440186,,rest,0,0,debug,0.006000,0.012000,0.121091,0.370117,5,0.471002,0.588017
17.3673,squat,face,,0.027109,0.000000,,,,,,,,,0.358913,,0.407715,,rest,0,0,debug,0.006000,0.012000,0.117176,0.353271,5,0.470853,0.587763
17.4007,squat,face,,0.027109,0.000000,,,,,,,,,0.359460,0.206740,0.439941,,rest,0,0,debug,0.006000,0.012000,0.118483,0.399658,5,0.470830,0.587722
17.4340,squat,face,,0.027109,0.000000,,,,,,,,0.313205,0.359083,,0.434570,,rest,0,0,debug,0.006000,0.012000,0.119608,0.386963,5,0.470797,0.587991
17.4673,squat,face,,0.027109,0.000000,,,,,,,,0.315748,0.359409,0.217723,0.421387,,rest,0,0,debug,0.006000,0.012000,0.116486,0.368408,5,0.470770,0.588087
17.5007,squat,face,,0.027109,0.000000,,,,,,,,0.314932,0.359636,,0.414551,,rest,0,0,debug,0.006000,0.012000,0.117608,0.363770,5,0.470745,0.588107
17.5340,squat,face,,0.027109,0.000000,,,,,,,,0.316180,0.359092,,0.391113,,rest,0,0,debug,0.006000,0.012000,0.120567,0.320557,5,0.470649,0.588300
17.5673,squat,face,,0.027109,0.000000,,,,,,,,,0.358746,,0.387451,,rest,0,0,debug,0.006000,0.012000,0.119672,0.349365,5,0.470760,0.588912
17.6007,squat,face,,0.027109,0.000000,,,,,,,,0.312982,0.359499,0.217776,0.470215,,rest,0,0,debug,0.006000,0.012000,0.121204,0.435547,5,0.470727,0.589241
17.6340,squat,face,,0.027109,0.000000,,,,,,,,0.315832,0.357814,,0.423828,,rest,0,0,debug,0.006000,0.012000,0.123149,0.353760,5,0.470795,0.589561
17.6673,squat,face,,0.027109,0.000000,,,,,,,,,,,,,rest,0,0,debug,0.006000,0.012000,,,,0.470627,0.589639
17.7007,squat,face,,0.027109,0.000000,,,,,,,,0.314208,0.357130,,0.406738,,rest,0,0,debug,0.006000,0.012000,0.122960,0.327637,5,0.470477,0.589369
17.7340,squat,face,,0.027109,0.000000,,,,,,,,0.315060,0.358633,,0.424072,,rest,0,0,debug,0.006000,0.012000,0.120368,0.376953,5,0.470300,0.588968
17.7674,squat,face,,0.027109,0.000000,,,,,,,,0.313553,0.358829,0.217186,0.471924,,rest,0,0,debug,0.006000,0.012000,0.119872,0.438232,5,0.470229,0.588662
17.8007,squat,face,,0.027109,0.000000,,,,,,,,0.316572,0.358886,,0.434570,,rest,0,0,debug,0.006000,0.012000,0.120518,0.420410,5,0.470001,0.588243
17.8340,squat,face,,0.027109,0.000000,,,,,,,,,0.358844,,0.406250,,rest,0,0,debug,0.006000,0.012000,0.119871,0.373535,5,0.469956,0.588129
17.8674,squat,face,,0.027109,0.000000,,,,,,,,,0.359445,,0.432617,,rest,0,0,debug,0.006000,0.012000,0.120793,0.394531,5,0.469747,0.587736
17.9007,squat,face,,0.027109,0.000000,,,,,,,,,0.358642,,0.380127,,rest,0,0,debug,0.006000,0.012000,0.121232,0.337646,5,0.469639,0.587434
17.9340,squat,face,,0.027109,0.000000,,,,,,,,0.561994,0.556479,,0.649902,,rest,0,0,debug,0.006000,0.012000,0.104632,0.269775,4,0.469387,0.586664
18.0007,squat,face,0.005377,0.020590,0.595187,0.563094,0.507989,0.054996,0.097771,0.595187,0.005377,4,0.556783,0.555982,,0.583008,,rest,0,0,debug,0.006000,0.012000,0.104980,0.313477,4,0.469114,0.586361
18.0340,squat,face,0.004792,0.015850,0.657179,0.572176,0.500896,0.051919,0.092300,0.657179,0.004792,4,0.559919,0.554560,,0.663086,,rest,0,0,debug,0.006000,0.012000,0.111398,0.368408,4,0.468966,0.586228
18.0674,squat,face,0.005098,0.012625,0.744446,0.573225,0.503769,0.053549,0.095199,0.744446,0.005098,4,0.556120,0.554662,0.348033,0.705078,,rest,0,0,debug,0.006000,0.012000,0.115149,0.450684,4,0.469005,0.586475
18.1007,squat,face,0.005266,0.010417,0.785924,0.566366,0.494000,0.054425,0.096755,0.785924,0.005266,4,0.557761,0.552334,0.348485,0.747070,,rest,0,0,debug,0.006000,0.012000,0.113181,0.462402,4,0.469217,0.587315
18.1340,squat,face,0.005788,0.009028,0.819382,0.563045,0.486613,0.057060,0.101439,0.819382,0.005788,4,0.555359,0.549685,0.350560,0.772461,,rest,0,0,debug,0.006000,0.012000,0.111373,0.469971,4,0.469141,0.586627
18.1674,squat,face,0.005553,0.007986,0.865179,0.561245,0.486143,0.055886,0.099353,0.865179,0.005553,4,0.556497,0.550464,0.346409,0.801270,,rest,0,0,debug,0.006000,0.012000,0.112343,0.506348,4,0.469155,0.586441
18.2007,squat,face,0.006588,0.007566,0.878064,0.557415,0.482693,0.060876,0.108224,0.878064,0.006588,4,0.556106,0.550247,0.344315,0.800293,,rest,0,0,debug,0.006000,0.012000,0.112697,0.501953,4,0.469033,0.585407
18.2340,squat,face,0.006841,0.007349,0.869963,0.554437,0.487178,0.062034,0.110282,0.869963,0.006841,4,0.556534,0.555186,0.350447,0.787109,,rest,0,0,debug,0.006000,0.012000,0.118763,0.497559,4,0.469417,0.586389
18.2674,squat,face,0.006436,0.007075,0.834732,0.553916,0.490013,0.060167,0.106963,0.834732,0.006436,4,0.554106,0.558257,,0.771484,,rest,0,0,debug,0.006000,0.012000,0.123642,0.477783,4,0.469926,0.587440
18.3007,squat,face,0.005445,0.006586,0.828862,0.550803,0.491529,0.055345,0.098391,0.828862,0.005445,4,0.551853,0.563239,0.355492,0.752930,,rest,0,0,debug,0.006000,0.012000,0.129097,0.491943,4,0.470392,0.588620
18.3340,squat,face,0.005659,0.006308,0.869963,0.549303,0.485499,0.056419,0.100301,0.869963,0.005659,4,0.553175,0.563205,0.562208,0.725586,,rest,0,0,debug,0.006000,0.012000,0.128559,0.508301,4,0.471462,0.592138
18.3674,squat,face,0.005988,0.006212,0.872205,0.546660,0.485479,0.058036,0.103175,0.872205,0.005988,4,0.554133,0.561432,0.552916,0.768066,,rest,0,0,debug,0.006000,0.012000,0.128049,0.441406,4,0.471789,0.593275
18.4007,squat,face,0.005278,0.005932,0.877229,0.549638,0.493760,0.054490,0.096870,0.877229,0.005278,4,0.552688,0.559484,0.568684,0.772461,,rest,0,0,debug,0.006000,0.012000,0.129210,0.491943,4,0.472296,0.594516
18.4340,squat,face,0.005951,0.005937,0.879175,0.544837,0.488609,0.057855,0.102854,0.879175,0.005951,4,0.551190,0.561575,0.780775,0.772949,,rest,0,0,debug,0.006000,0.012000,0.127950,0.493408,4,0.472465,0.595779
18.4674,squat,face,0.006141,0.005999,0.884436,0.543387,0.490290,0.058774,0.104488,0.884436,0.006141,4,0.549816,0.561735,0.776444,0.756836,,rest,0,0,debug,0.006000,0.012000,0.129107,0.531250,4,0.472586,0.596186
18.5007,squat,face,0.006086,0.006025,0.853817,0.542734,0.487427,0.058511,0.104020,0.853817,0.006086,4,0.547512,0.560064,0.782549,0.720215,,rest,0,0,debug,0.006000,0.012000,0.130437,0.496338,4,0.472487,0.596076
18.5340,squat,face,0.006567,0.006188,0.855246,0.539993,0.488188,0.060777,0.108048,0.855246,0.006567,4,0.549781,0.557855,0.783309,0.702637,,rest,0,0,debug,0.006000,0.012000,0.129772,0.493408,4,0.472429,0.596242
18.5674,squat,face,0.006303,0.006222,0.856387,0.540840,0.490491,0.059544,0.105857,0.856387,0.006303,4,0.546471,0.560160,0.782267,0.640137,,rest,0,0,debug,0.006000,0.012000,0.131426,0.501465,4,0.472476,0.596529
18.6007,squat,face,0.006126,0.006193,0.850666,0.541642,0.492698,0.058704,0.104362,0.850666,0.006126,4,0.547661,0.561030,0.781935,0.668457,,rest,0,0,debug,0.006000,0.012000,0.131982,0.479736,4,0.472682,0.597279
18.6340,squat,face,0.006625,0.006323,0.822356,0.538642,0.484075,0.061044,0.108522,0.822356,0.006625,4,0.546409,0.562520,0.781977,0.653320,,rest,0,0,debug,0.006000,0.012000,0.131066,0.466553,4,0.473066,0.598086
18.6674,squat,face,0.006033,0.006236,0.833854,0.536698,0.487674,0.058254,0.103563,0.833854,0.006033,4,0.546686,0.564640,0.776898,0.643555,,rest,0,0,debug,0.006000,0.012000,0.136754,0.423096,4,0.473389,0.599130
18.7007,squat,face,0.005690,0.006072,0.839980,0.538459,0.488377,0.056573,0.100574,0.839980,0.005690,4,0.545131,0.566362,0.777397,0.625977,,rest,0,0,debug,0.006000,0.012000,0.138571,0.473145,4,0.473563,0.599784
18.7341,squat,face,0.005555,0.005917,0.849230,0.538071,0.489143,0.055901,0.099380,0.849230,0.005555,4,0.546506,0.564005,0.765551,0.630859,,rest,0,0,debug,0.006000,0.012000,0.137187,0.436523,4,0.473984,0.601085
18.7674,squat,face,0.005922,0.005919,0.846350,0.535827,0.485008,0.057718,0.102609,0.846350,0.005922,4,0.543156,0.568367,0.766072,0.612305,,rest,0,0,debug,0.006000,0.012000,0.142319,0.435303,4,0.474084,0.601268
18.8007,squat,face,0.005724,0.005860,0.848367,0.534297,0.482607,0.056742,0.100875,0.848367,0.005724,4,0.543133,0.566479,0.766904,0.618652,,rest,0,0,debug,0.006000,0.012000,0.151319,0.419189,4,0.474767,0.602850
18.8341,squat,face,0.005499,0.005752,0.848942,0.535342,0.486640,0.055618,0.098876,0.848942,0.005499,4,0.543728,0.564618,,0.621582,,rest,0,0,debug,0.006000,0.012000,0.152955,0.370605,4,0.475788,0.606127
18.8674,squat,face,0.006567,0.005996,0.837652,0.534367,0.479636,0.060776,0.108046,0.837652,0.006567,4,0.541732,0.553611,,0.673340,,rest,0,0,debug,0.006000,0.012000,0.140379,0.327393,4,0.476622,0.607889
18.9007,squat,face,0.006006,0.005999,0.847791,0.533779,0.479417,0.058122,0.103328,0.847791,0.006006,4,0.544393,0.553201,,0.643066,,rest,0,0,debug,0.006000,0.012000,0.141708,0.433838,4,0.477346,0.607247
18.9341,squat,face,0.005069,0.005720,0.808886,0.536147,0.490334,0.053395,0.094925,0.808886,0.005069,4,0.540372,0.547160,0.713269,0.737793,,rest,0,0,debug,0.006000,0.012000,0.155259,0.515625,4,0.479280,0.608650
18.9674,squat,face,0.004964,0.005493,0.752924,0.535160,0.486517,0.052841,0.093939,0.752924,0.004964,4,0.541687,0.551916,0.704792,0.664062,,rest,0,0,debug,0.006000,0.012000,0.159037,0.524902,4,0.481963,0.608486
19.0007,squat,face,0.005095,0.005374,0.741488,0.528875,0.483161,0.053536,0.095175,0.741488,0.005095,4,0.544826,0.559118,0.528094,0.632324,,rest,0,0,debug,0.006000,0.012000,0.156396,0.497070,4,0.485165,0.605059
19.0341,squat,face,0.018288,0.009248,0.606564,0.905462,0.127898,0.101425,0.180312,0.606564,0.018288,4,0.541609,0.557448,0.713868,0.678223,,rest,0,0,debug,0.006000,0.012000,0.162596,0.476562,4,0.489005,0.604065
19.0674,squat,face,0.005554,0.008140,0.793959,0.522200,0.478189,0.055896,0.099371,0.793959,0.005554,4,0.543119,0.554692,0.535442,0.592773,,rest,0,0,debug,0.006000,0.012000,0.160003,0.478271,4,0.491070,0.598365
19.1007,squat,face,0.005987,0.007494,0.771818,0.515413,0.470796,0.058032,0.103169,0.771818,0.005987,4,0.537232,0.553695,0.560168,0.663574,,rest,0,0,debug,0.006000,0.012000,0.162484,0.542480,4,0.491828,0.591370
19.1341,squat,face,0.005703,0.006957,0.849230,0.512869,0.472535,0.056638,0.100690,0.849230,0.005703,4,0.536659,0.542578,0.409319,0.680664,,rest,0,0,debug,0.006000,0.012000,0.159398,0.439941,4,0.488316,0.582150
19.1674,squat,face,0.007539,0.007131,0.870805,0.506095,0.461338,0.065121,0.115770,0.870805,0.007539,4,0.531169,0.532452,,0.604004,,rest,0,0,debug,0.006000,0.012000,0.143204,0.368896,4,0.483142,0.573193
19.2007,squat,face,0.008142,0.007435,0.885539,0.503422,0.461418,0.067677,0.120314,0.885539,0.008142,4,0.528042,0.549561,,0.615234,,rest,0,0,debug,0.006000,0.012000,0.163404,0.325195,4,0.476268,0.561760
19.2341,squat,face,0.009161,0.007953,0.893772,0.497973,0.453192,0.071784,0.127615,0.893772,0.009161,4,0.524748,0.548767,,0.629395,,rest,0,0,debug,0.006000,0.012000,0.181414,0.365234,4,0.465733,0.547805
19.2674,squat,face,0.010720,0.008783,0.907058,0.496501,0.448273,0.077654,0.138051,0.907058,0.010720,4,0.522422,0.558979,,0.619141,,rest,0,0,debug,0.006000,0.012000,0.206788,0.286377,4,0.453931,0.526698
19.3007,squat,face,0.011624,0.009635,0.918027,0.492776,0.444061,0.080862,0.143755,0.918027,0.011624,4,0.523943,0.549188,,0.614258,,rest,0,0,debug,0.006000,0.012000,0.204623,0.259033,4,0.443278,0.507235
19.3341,squat,face,0.012971,0.010636,0.908403,0.493399,0.437455,0.085417,0.151853,0.908403,0.012971,4,0.521829,0.559332,,0.626953,,rest,0,0,debug,0.006000,0.012000,0.231648,0.199219,4,0.429964,0.486124
19.3674,squat,face,0.016042,0.012258,0.882778,0.489280,0.430114,0.094994,0.168878,0.882778,0.016042,4,0.481660,0.360466,,0.832031,,rest,0,0,debug,0.006000,0.012000,0.238414,0.403809,5,0.424372,0.487833
19.4007,squat,face,0.016938,0.013662,0.871645,0.487687,0.427061,0.097609,0.173527,0.871645,0.016938,4,0.480545,0.356421,,0.821777,,rest,0,0,debug,0.006000,0.012000,0.239773,0.386719,5,0.422330,0.491390
19.4341,squat,face,0.019847,0.015517,0.873604,0.481925,0.418030,0.105660,0.187840,0.873604,0.019847,4,0.481903,0.353775,,0.838867,,rest,0,0,debug,0.006000,0.012000,0.235292,0.383301,5,0.423518,0.495869
19.4674,squat,face,0.021164,0.017211,0.868840,0.480957,0.417984,0.109108,0.193970,0.868840,0.021164,4,0.482674,0.348504,,0.838867,,rest,0,0,debug,0.006000,0.012000,0.242602,0.332520,5,0.423319,0.495130
19.5007,squat,face,0.022685,0.018853,0.884160,0.477651,0.417357,0.112960,0.200819,0.884160,0.022685,4,0.484314,0.345018,,0.840332,,rest,0,0,debug,0.006000,0.012000,0.250010,0.277588,5,0.423252,0.493697
19.5341,squat,face,0.026409,0.021120,0.896227,0.472174,0.404657,0.121881,0.216677,0.896227,0.026409,4,0.484715,0.339388,,0.845703,,rest,0,0,debug,0.006000,0.012000,0.249991,0.249268,5,0.424883,0.490507
19.5674,squat,face,0.029186,0.023540,0.894591,0.467139,0.398268,0.128130,0.227786,0.894591,0.029186,4,0.485752,0.334693,,0.831543,,rest,0,0,debug,0.006000,0.012000,0.240183,0.226807,5,0.426565,0.484849
19.6008,squat,face,0.030880,0.025742,0.884436,0.463884,0.388469,0.131795,0.234302,0.884436,0.030880,4,,,,,,rest,0,0,debug,0.006000,0.012000,,,,0.429264,0.482655
19.6341,squat,face,0.031046,0.027333,0.868840,0.460521,0.387224,0.132150,0.234933,0.868840,0.031046,4,,,,,,rest,0,0,debug,0.006000,0.012000,,,,0.432623,0.483013
19.6674,squat,face,0.031140,0.028475,0.848079,0.459643,0.383433,0.132349,0.235288,0.848079,0.031140,4,0.489245,0.332081,,0.783691,,rest,0,0,debug,0.006000,0.012000,0.257569,0.217285,5,0.438468,0.487133
19.7008,squat,face,0.027820,0.028279,0.860936,0.461676,0.390572,0.125096,0.222393,0.860936,0.027820,4,,,,,,rest,0,0,debug,0.006000,0.012000,,,,0.445137,0.492538
19.7341,squat,face,0.027201,0.027955,0.869963,0.460754,0.386743,0.123696,0.219903,0.869963,0.027201,4,,,,,,rest,0,0,debug,0.006000,0.012000,,,,0.453307,0.503407
19.8008,squat,face,0.022241,0.026241,0.858664,0.463241,0.399428,0.111850,0.198845,0.858664,0.022241,4,0.493041,0.345704,,0.828613,,rest,0,0,debug,0.006000,0.012000,0.257592,0.282715,5,0.467919,0.523737
19.8341,squat,face,0.020506,0.024521,0.858664,0.467531,0.403201,0.107400,0.190934,0.858664,0.020506,4,0.493058,0.351920,,0.837891,,rest,0,0,debug,0.006000,0.012000,0.254251,0.344727,5,0.475626,0.532447
19.8674,squat,face,0.018222,0.022631,0.857811,0.469866,0.408029,0.101242,0.179985,0.857811,0.018222,4,0.492438,0.356125,,0.828125,,rest,0,0,debug,0.006000,0.012000,0.246260,0.336426,5,0.484968,0.541033
19.9008,squat,face,0.016524,0.020799,0.849805,0.473521,0.418322,0.096409,0.171394,0.849805,0.016524,4,0.491327,0.356508,,0.826172,,rest,0,0,debug,0.006000,0.012000,0.232520,0.433105,5,0.496037,0.549755
19.9341,squat,face,0.015117,0.019094,0.852673,0.475986,0.414237,0.092214,0.163935,0.852673,0.015117,4,0.489563,0.355562,,0.805664,,rest,0,0,debug,0.006000,0.012000,0.223348,0.403076,5,0.507287,0.557790
19.9674,squat,face,0.013338,0.017368,0.830039,0.479764,0.424978,0.086619,0.153990,0.830039,0.013338,4,0.489437,0.354621,,0.803711,,rest,0,0,debug,0.006000,0.012000,0.214047,0.470459,5,0.518127,0.566828
20.0008,squat,face,0.012368,0.015868,0.823839,0.483224,0.427659,0.083408,0.148281,0.823839,0.012368,4,0.487794,0.356902,,0.799316,,rest,0,0,debug,0.006000,0.012000,0.208333,0.484131,5,0.527085,0.580569
20.0341,squat,face,0.011110,0.014440,0.825615,0.487257,0.432685,0.079053,0.140539,0.825615,0.011110,4,0.486220,0.355241,0.085695,0.844727,,rest,0,0,debug,0.006000,0.012000,0.204673,0.487061,5,0.533650,0.595672
20.0674,squat,face,0.010000,0.013108,0.820275,0.488322,0.436160,0.074999,0.133332,0.820275,0.010000,4,0.485816,0.354046,0.080073,0.868164,,rest,0,0,debug,0.006000,0.012000,0.200106,0.496094,5,0.542206,0.614130
20.1008,squat,face,0.008744,0.011799,0.796109,0.493034,0.442796,0.070134,0.124682,0.796109,0.008744,4,0.484660,0.357892,0.101117,0.878418,,rest,0,0,debug,0.006000,0.012000,0.188089,0.594727,5,0.549074,0.630942
20.1341,squat,face,0.008630,0.010848,0.832389,0.496307,0.447662,0.069672,0.123861,0.832389,0.008630,4,0.483964,0.360501,0.115166,0.886719,,rest,0,0,debug,0.006000,0.012000,0.182469,0.650879,5,0.555333,0.645550
20.1674,squat,face,0.007770,0.009925,0.829451,0.501198,0.451465,0.066112,0.117533,0.829451,0.007770,4,0.480060,0.362751,0.124971,0.833984,,rest,0,0,debug,0.006000,0.012000,0.177736,0.670410,5,0.561079,0.659599
20.2008,squat,face,0.007192,0.009105,0.817891,0.505924,0.453242,0.063604,0.113073,0.817891,0.007192,4,0.475269,0.363028,0.128975,0.838867,,rest,0,0,debug,0.006000,0.012000,0.174630,0.675293,5,0.565651,0.672629
20.2341,squat,face,0.006801,0.008414,0.784991,0.507979,0.451615,0.061852,0.109959,0.784991,0.006801,4,0.472086,0.363586,0.135174,0.893066,,rest,0,0,debug,0.006000,0.012000,0.169372,0.692871,5,0.568757,0.683681
20.2674,squat,face,0.007098,0.008019,0.818189,0.515227,0.452826,0.063189,0.112335,0.818189,0.007098,4,0.470811,0.364193,0.143998,0.898926,,rest,0,0,debug,0.006000,0.012000,0.166140,0.705566,5,0.569852,0.690048
20.3008,squat,face,0.006568,0.007584,0.819978,0.517755,0.455175,0.060780,0.108054,0.819978,0.006568,4,0.463461,0.361614,0.147161,0.796875,,rest,0,0,debug,0.006000,0.012000,0.165203,0.696289,5,0.569582,0.693562
20.3341,squat,face,0.006547,0.007273,0.795188,0.521347,0.453542,0.060685,0.107885,0.795188,0.006547,4,0.459655,0.360329,0.159603,0.900879,,rest,0,0,debug,0.006000,0.012000,0.163899,0.681152,5,0.567631,0.693442
20.3674,squat,face,0.006804,0.007132,0.819084,0.526430,0.457028,0.061865,0.109982,0.819084,0.006804,4,0.457711,0.357670,0.163256,0.881348,,rest,0,0,debug,0.006000,0.012000,0.159127,0.631836,5,0.564370,0.693014
20.4008,squat,face,0.006397,0.006912,0.835024,0.530749,0.459648,0.059986,0.106642,0.835024,0.006397,4,0.450735,0.355694,0.173010,0.814453,,rest,0,0,debug,0.006000,0.012000,0.161599,0.632324,5,0.558592,0.689424
20.4341,squat,face,0.006393,0.006756,0.788405,0.535695,0.455427,0.059968,0.106610,0.788405,0.006393,4,0.446714,0.352083,0.170376,0.898438,,rest,0,0,debug,0.006000,0.012000,0.148118,0.623535,5,0.551243,0.688232
20.4674,squat,face,0.006850,0.006784,0.797947,0.539523,0.453352,0.062075,0.110355,0.797947,0.006850,4,0.443713,0.350355,0.180741,0.868652,,rest,0,0,debug,0.006000,0.012000,0.148540,0.625000,5,0.543105,0.686743
20.5008,squat,face,0.006301,0.006639,0.844329,0.542677,0.458976,0.059536,0.105842,0.844329,0.006301,4,0.438463,0.347371,0.186246,0.789062,,rest,0,0,debug,0.006000,0.012000,0.151214,0.642578,5,0.535131,0.681613
20.5341,squat,face,0.006730,0.006667,0.821762,0.547049,0.461949,0.061526,0.109379,0.821762,0.006730,4,0.435831,0.344896,0.189021,0.872559,,rest,0,0,debug,0.006000,0.012000,0.151106,0.624023,5,0.529448,0.675707
20.5675,squat,face,0.006778,0.006700,0.797334,0.549569,0.456927,0.061745,0.109768,0.797334,0.006778,4,0.434104,0.341330,0.149675,0.899902,,rest,0,0,debug,0.006000,0.012000,0.151381,0.665527,5,0.526243,0.669583
20.6008,squat,face,0.006778,0.006723,0.818189,0.550614,0.462452,0.061745,0.109769,0.818189,0.006778,4,0.432754,0.340549,0.163542,0.898438,,rest,0,0,debug,0.006000,0.012000,0.150751,0.683105,5,0.524033,0.663887
20.6341,squat,face,0.006843,0.006759,0.838234,0.554048,0.459167,0.062044,0.110301,0.838234,0.006843,4,0.430593,0.338854,0.147378,0.856445,,rest,0,0,debug,0.006000,0.012000,0.148664,0.684082,5,0.522504,0.659063
20.6675,squat,face,0.006616,0.006716,0.851527,0.554112,0.464104,0.061004,0.108452,0.851527,0.006616,4,0.428839,0.337185,0.149745,0.831543,,rest,0,0,debug,0.006000,0.012000,0.150253,0.689941,5,0.521150,0.655740
20.7008,squat,face,0.006664,0.006701,0.864050,0.553067,0.464125,0.061226,0.108846,0.864050,0.006664,4,0.429872,0.337570,0.157271,0.853027,,rest,0,0,debug,0.006000,0.012000,0.149833,0.676758,5,0.518906,0.652393
20.7341,squat,face,0.006834,0.006741,0.882778,0.553834,0.467645,0.062001,0.110224,0.882778,0.006834,4,0.430253,0.337184,0.156021,0.857910,,rest,0,0,debug,0.006000,0.012000,0.151988,0.670898,5,0.517137,0.650810
20.7675,squat,face,0.006435,0.006649,0.866589,0.554209,0.468075,0.060165,0.106960,0.866589,0.006435,4,0.430965,0.336759,0.173500,0.865234,,rest,0,0,debug,0.006000,0.012000,0.151011,0.660645,5,0.515322,0.649466
20.8008,squat,face,0.006779,0.006688,0.860369,0.552941,0.466463,0.061753,0.109783,0.860369,0.006779,4,0.431834,0.337838,0.182779,0.870605,,rest,0,0,debug,0.006000,0.012000,0.152761,0.676270,5,0.513215,0.648505
20.8341,squat,face,0.007092,0.006809,0.844039,0.551499,0.465221,0.063159,0.112282,0.844039,0.007092,4,0.431838,0.338310,0.144566,0.856445,,rest,0,0,debug,0.006000,0.012000,0.153293,0.681152,5,0.510761,0.646825
20.8675,squat,face,0.007031,0.006876,0.843461,0.551811,0.466492,0.062888,0.111800,0.843461,0.007031,4,0.432657,0.338717,0.155295,0.866211,,rest,0,0,debug,0.006000,0.012000,0.152583,0.654785,5,0.508867,0.645537
20.9008,squat,face,0.006843,0.006866,0.832389,0.548772,0.462450,0.062041,0.110295,0.832389,0.006843,4,0.433913,0.340199,0.154842,0.872559,,rest,0,0,debug,0.006000,0.012000,0.156385,0.686523,5,0.507257,0.644052
20.9341,squat,face,0.006702,0.006817,0.854103,0.546098,0.466116,0.061399,0.109153,0.854103,0.006702,4,0.435696,0.342949,0.157383,0.851562,,rest,0,0,debug,0.006000,0.012000,0.153859,0.665039,5,0.506485,0.642389
20.9675,squat,face,0.006026,0.006579,0.880008,0.545802,0.467773,0.058221,0.103504,0.880008,0.006026,4,0.442248,0.345464,0.179790,0.862305,,rest,0,0,debug,0.006000,0.012000,0.153959,0.637695,5,0.506154,0.638974
21.0008,squat,face,0.005858,0.006363,0.821168,0.539251,0.462568,0.057402,0.102049,0.821168,0.005858,4,0.443809,0.347179,0.177481,0.859375,,rest,0,0,debug,0.006000,0.012000,0.156704,0.694824,5,0.507535,0.636139
21.0341,squat,face,0.005995,0.006253,0.860085,0.536618,0.464307,0.058071,0.103237,0.860085,0.005995,4,0.449857,0.345370,0.167112,0.844727,,rest,0,0,debug,0.006000,0.012000,0.161803,0.648438,5,0.509369,0.633570
21.0675,squat,face,0.006023,0.006184,0.844907,0.531773,0.463780,0.058206,0.103477,0.844907,0.006023,4,0.455070,0.349535,0.153566,0.854004,,rest,0,0,debug,0.006000,0.012000,0.161503,0.701660,5,0.510687,0.628334
21.1008,squat,face,0.005717,0.006044,0.803131,0.527478,0.460126,0.056708,0.100814,0.803131,0.005717,4,0.459065,0.352636,0.141358,0.874023,,rest,0,0,debug,0.006000,0.012000,0.168232,0.686035,5,0.510872,0.618930
21.1341,squat,face,0.005960,0.006019,0.837943,0.523144,0.463258,0.057903,0.102938,0.837943,0.005960,4,0.461762,0.353632,0.125038,0.847168,,rest,0,0,debug,0.006000,0.012000,0.167946,0.643555,5,0.509345,0.608102
21.1675,squat,face,0.006577,0.006186,0.849517,0.518558,0.455020,0.060826,0.108135,0.849517,0.006577,4,0.466906,0.355375,0.118174,0.831543,,rest,0,0,debug,0.006000,0.012000,0.177475,0.660156,5,0.503051,0.591929
21.2008,squat,face,0.007523,0.006587,0.797334,0.512940,0.446644,0.065053,0.115649,0.797334,0.007523,4,0.472106,0.355407,0.098672,0.887695,,rest,0,0,debug,0.006000,0.012000,0.184671,0.593750,5,0.494550,0.572144
21.2341,squat,face,0.008234,0.007081,0.815200,0.505101,0.442371,0.068054,0.120986,0.815200,0.008234,4,0.472275,0.354517,0.087814,0.879395,,rest,0,0,debug,0.006000,0.012000,0.197901,0.548828,5,0.486109,0.551594
21.2675,squat,face,0.008927,0.007635,0.828862,0.503154,0.442896,0.070864,0.125981,0.828862,0.008927,4,0.473573,0.359121,0.078607,0.830566,,rest,0,0,debug,0.006000,0.012000,0.203381,0.540527,5,0.478207,0.531744
21.3008,squat,face,0.010073,0.008367,0.862636,0.498718,0.436073,0.075275,0.133822,0.862636,0.010073,4,0.475729,0.360877,0.065885,0.769531,,rest,0,0,debug,0.006000,0.012000,0.213644,0.509277,5,0.474298,0.519181
21.3341,squat,face,0.011471,0.009298,0.871365,0.491549,0.429035,0.080327,0.142804,0.871365,0.011471,4,0.480916,0.361361,0.062412,0.791992,,rest,0,0,debug,0.006000,0.012000,0.215510,0.467773,5,0.470485,0.512416
21.3675,squat,face,0.013026,0.010416,0.870244,0.489021,0.421803,0.085599,0.152175,0.870244,0.013026,4,0.484029,0.360545,,0.802246,,rest,0,0,debug,0.006000,0.012000,0.229446,0.394531,5,0.466637,0.509352
21.4008,squat,face,0.014552,0.011657,0.848655,0.482567,0.413418,0.090474,0.160843,0.848655,0.014552,4,0.484891,0.358417,,0.829590,,rest,0,0,debug,0.006000,0.012000,0.222790,0.377686,5,0.462835,0.508375
21.4342,squat,face,0.017262,0.013338,0.859233,0.477283,0.406042,0.098537,0.175178,0.859233,0.017262,4,0.487563,0.359147,,0.779785,,rest,0,0,debug,0.006000,0.012000,0.224146,0.316650,5,0.458167,0.506131
21.4675,squat,face,0.018858,0.014994,0.889391,0.470675,0.396766,0.102992,0.183097,0.889391,0.018858,4,0.488821,0.353904,,0.785156,,rest,0,0,debug,0.006000,0.012000,0.216344,0.250977,5,0.451517,0.503790
21.5008,squat,face,0.020918,0.016771,0.891858,0.466675,0.389512,0.108474,0.192843,0.891858,0.020918,4,0.491915,0.352340,,0.813477,,rest,0,0,debug,0.006000,0.012000,0.216893,0.253906,5,0.445558,0.500950
21.5342,squat,face,0.024330,0.019039,0.889665,0.462096,0.381520,0.116985,0.207974,0.889665,0.024330,4,0.495987,0.352835,,0.835938,,rest,0,0,debug,0.006000,0.012000,0.244260,0.245850,5,0.441657,0.497724
21.5675,squat,face,0.026996,0.021426,0.885539,0.457755,0.370679,0.123229,0.219074,0.885539,0.026996,4,0.497996,0.351632,,0.798828,,rest,0,0,debug,0.006000,0.012000,0.239952,0.238037,5,0.439958,0.494062
21.6008,squat,face,0.029180,0.023752,0.869402,0.454434,0.364346,0.128115,0.227760,0.869402,0.029180,4,,,,,,rest,0,0,debug,0.006000,0.012000,,,,0.440084,0.491607
21.6342,squat,face,0.030288,0.025713,0.877786,0.453220,0.358871,0.130525,0.232044,0.877786,0.030288,4,0.499663,0.350674,,0.741211,,rest,0,0,debug,0.006000,0.012000,0.259750,0.251709,5,0.439954,0.490097
21.6675,squat,face,0.031885,0.027564,0.872485,0.451218,0.356272,0.133923,0.238085,0.872485,0.031885,4,,,,,,rest,0,0,debug,0.006000,0.012000,,,,0.440993,0.490117
21.7008,squat,face,0.032465,0.029034,0.886366,0.450576,0.354069,0.135134,0.240239,0.886366,0.032465,4,,,,,,rest,0,0,debug,0.006000,0.012000,,,,0.444970,0.493919
21.7342,squat,face,0.031293,0.029712,0.872205,0.452526,0.358571,0.132674,0.235865,0.872205,0.031293,4,,,,,,rest,0,0,debug,0.006000,0.012000,,,,0.450892,0.499272
21.7675,squat,face,0.029277,0.029581,0.845484,0.452026,0.361951,0.128328,0.228139,0.845484,0.029277,4,0.499432,0.351081,,0.748535,,rest,0,0,debug,0.006000,0.012000,0.259205,0.243652,5,0.458496,0.508016
21.8008,squat,face,0.026111,0.028540,0.854103,0.454038,0.370679,0.121192,0.215452,0.854103,0.026111,4,0.499519,0.353665,,0.773926,,rest,0,0,debug,0.006000,0.012000,0.244830,0.285400,5,0.466920,0.518338
21.8342,squat,face,0.024974,0.027471,0.855246,0.454817,0.379745,0.118525,0.210711,0.855246,0.024974,4,0.499565,0.354141,,0.784180,,rest,0,0,debug,0.006000,0.012000,0.237825,0.278076,5,0.474648,0.527660
21.8675,squat,face,0.023100,0.026160,0.867152,0.455652,0.389544,0.113991,0.202651,0.867152,0.023100,4,0.499387,0.355230,,0.783203,,rest,0,0,debug,0.006000,0.012000,0.227024,0.312500,5,0.483057,0.537857
21.9008,squat,face,0.020663,0.024511,0.867152,0.459995,0.391093,0.107810,0.191662,0.867152,0.020663,4,0.498645,0.360502,,0.789551,,rest,0,0,debug,0.006000,0.012000,0.233880,0.385986,5,0.491240,0.544230
21.9342,squat,face,0.018769,0.022788,0.877508,0.464637,0.401788,0.102749,0.182664,0.877508,0.018769,4,0.498169,0.361066,,0.820312,,rest,0,0,debug,0.006000,0.012000,0.229855,0.417480,5,0.499894,0.550320
21.9675,squat,face,0.016627,0.020940,0.883331,0.468088,0.407761,0.096708,0.171926,0.883331,0.016627,4,0.498543,0.361994,,0.791504,,rest,0,0,debug,0.006000,0.012000,0.227086,0.460693,5,0.508525,0.557997
22.0008,squat,face,0.014561,0.019026,0.862353,0.470781,0.415240,0.090502,0.160892,0.862353,0.014561,4,0.498055,0.363238,0.031129,0.795410,,rest,0,0,debug,0.006000,0.012000,0.219381,0.468262,5,0.516530,0.564858
22.0342,squat,face,0.013923,0.017495,0.875000,0.473454,0.418306,0.088498,0.157330,0.875000,0.013923,4,0.497360,0.361096,0.038197,0.823242,,rest,0,0,debug,0.006000,0.012000,0.210627,0.444336,5,0.523276,0.571402
22.0675,squat,face,0.012163,0.015895,0.864897,0.475799,0.424364,0.082714,0.147046,0.864897,0.012163,4,0.496592,0.363027,0.065761,0.862793,,rest,0,0,debug,0.006000,0.012000,0.203715,0.479248,5,0.527005,0.580424
22.1008,squat,face,0.011031,0.014436,0.865461,0.479119,0.431006,0.078770,0.140036,0.865461,0.011031,4,0.495907,0.361026,0.085814,0.846191,,rest,0,0,debug,0.006000,0.012000,0.204283,0.478271,5,0.533921,0.597171
22.1342,squat,face,0.009935,0.013086,0.858380,0.482086,0.436782,0.074754,0.132897,0.858380,0.009935,4,0.495493,0.363831,0.088036,0.878906,,rest,0,0,debug,0.006000,0.012000,0.189792,0.562500,5,0.542406,0.619670
22.1675,squat,face,0.008592,0.011737,0.851527,0.487122,0.444652,0.069518,0.123587,0.851527,0.008592,4,0.491283,0.364655,0.095240,0.836914,,rest,0,0,debug,0.006000,0.012000,0.184613,0.589355,5,0.554815,0.647414
22.2008,squat,face,0.008293,0.010704,0.851813,0.489607,0.451215,0.068300,0.121422,0.851813,0.008293,4,0.488917,0.365098,0.104576,0.823242,,rest,0,0,debug,0.006000,0.012000,0.175552,0.633301,5,0.563316,0.665821
22.2342,squat,face,0.007620,0.009779,0.831802,0.492812,0.455061,0.065471,0.116392,0.831802,0.007620,4,0.486315,0.368029,0.116777,0.870117,,rest,0,0,debug,0.006000,0.012000,0.173381,0.644531,5,0.569496,0.679061
22.2675,squat,face,0.007482,0.009090,0.822059,0.498562,0.456930,0.064872,0.115329,0.822059,0.007482,4,0.484663,0.371380,0.119563,0.900879,,rest,0,0,debug,0.006000,0.012000,0.169339,0.656738,5,0.574431,0.688295
22.3008,squat,face,0.006595,0.008341,0.858096,0.503192,0.460934,0.060907,0.108279,0.858096,0.006595,4,0.482696,0.371730,0.129175,0.883789,,rest,0,0,debug,0.006000,0.012000,0.167178,0.667969,5,0.576873,0.695539
22.3342,squat,face,0.006829,0.007888,0.860369,0.506216,0.460845,0.061977,0.110182,0.860369,0.006829,4,0.477275,0.372977,0.141996,0.839355,,rest,0,0,debug,0.006000,0.012000,0.162898,0.687500,5,0.576949,0.697712
22.3675,squat,face,0.006970,0.007612,0.822653,0.512520,0.460862,0.062614,0.111314,0.822653,0.006970,4,0.471381,0.369711,0.158431,0.881348,,rest,0,0,debug,0.006000,0.012000,0.160364,0.608887,5,0.575962,0.697162
22.4009,squat,face,0.007143,0.007471,0.888841,0.515840,0.464182,0.063386,0.112687,0.888841,0.007143,4,0.469738,0.368419,0.160703,0.853516,,rest,0,0,debug,0.006000,0.012000,0.156380,0.614746,5,0.572807,0.696488
22.4342,squat,face,0.006694,0.007238,0.884712,0.520356,0.462531,0.061363,0.109089,0.884712,0.006694,4,0.463345,0.368113,0.176575,0.788086,,rest,0,0,debug,0.006000,0.012000,0.154817,0.620117,5,0.568156,0.694626
22.4675,squat,face,0.006667,0.007067,0.830921,0.524926,0.469765,0.061238,0.108868,0.830921,0.006667,4,0.458874,0.364617,0.188260,0.848145,,rest,0,0,debug,0.006000,0.012000,0.149063,0.691406,5,0.561041,0.693674
22.5009,squat,face,0.006740,0.006969,0.891584,0.527950,0.468146,0.061573,0.109464,0.891584,0.006740,4,0.456531,0.360949,0.189810,0.808105,,rest,0,0,debug,0.006000,0.012000,0.152668,0.632812,5,0.550011,0.690095
22.5342,squat,face,0.007077,0.007001,0.894864,0.531520,0.462441,0.063092,0.112163,0.894864,0.007077,4,0.450742,0.358400,0.196921,0.767578,,rest,0,0,debug,0.006000,0.012000,0.152869,0.602539,5,0.539791,0.686198
22.5675,squat,face,0.006610,0.006884,0.852959,0.535224,0.466333,0.060975,0.108400,0.852959,0.006610,4,0.446575,0.356328,0.198089,0.811523,,rest,0,0,debug,0.006000,0.012000,0.151780,0.649414,5,0.532578,0.675789
22.6009,squat,face,0.006927,0.006897,0.827683,0.539534,0.460218,0.062421,0.110971,0.827683,0.006927,4,0.444868,0.354835,0.182031,0.818359,,rest,0,0,debug,0.006000,0.012000,0.149314,0.673340,5,0.529110,0.668852
22.6342,squat,face,0.007012,0.006931,0.867434,0.541487,0.463010,0.062804,0.111651,0.867434,0.007012,4,0.441996,0.351858,0.159804,0.781738,,rest,0,0,debug,0.006000,0.012000,0.151076,0.693848,5,0.525151,0.660080
22.6675,squat,face,0.006923,0.006929,0.886090,0.543038,0.464183,0.062402,0.110937,0.886090,0.006923,4,0.439849,0.351004,0.179163,0.784668,,rest,0,0,debug,0.006000,0.012000,0.149559,0.709961,5,0.522060,0.654373
22.7009,squat,face,0.006738,0.006871,0.884988,0.544368,0.463694,0.061563,0.109445,0.884988,0.006738,4,0.436177,0.349740,0.179056,0.793945,,rest,0,0,debug,0.006000,0.012000,0.149571,0.687500,5,0.519819,0.649399
22.7342,squat,face,0.006536,0.006771,0.877508,0.547634,0.466421,0.060633,0.107793,0.877508,0.006536,4,0.435771,0.349806,0.179803,0.801270,,rest,0,0,debug,0.006000,0.012000,0.149688,0.694336,5,0.517515,0.644517
22.7675,squat,face,0.006766,0.006769,0.869121,0.545185,0.469297,0.061691,0.109673,0.869121,0.006766,4,0.434705,0.350137,0.171192,0.815430,,rest,0,0,debug,0.006000,0.012000,0.148130,0.716797,5,0.515568,0.641385
22.8009,squat,face,0.006878,0.006802,0.871645,0.544643,0.466286,0.062202,0.110581,0.871645,0.006878,4,0.434286,0.350524,0.176542,0.810059,,rest,0,0,debug,0.006000,0.012000,0.147756,0.716309,5,0.513149,0.638305
22.8342,squat,face,0.006775,0.006794,0.869963,0.546764,0.463834,0.061734,0.109749,0.869963,0.006775,4,0.434857,0.351078,0.168128,0.814941,,rest,0,0,debug,0.006000,0.012000,0.147754,0.701660,5,0.510636,0.637058
22.8675,squat,face,0.006931,0.006835,0.876673,0.545635,0.461392,0.062441,0.111006,0.876673,0.006931,4,0.435955,0.351785,0.170049,0.800781,,rest,0,0,debug,0.006000,0.012000,0.147529,0.703125,5,0.507917,0.635770
22.9009,squat,face,0.006613,0.006769,0.878620,0.543991,0.465352,0.060991,0.108428,0.878620,0.006613,4,0.436289,0.352881,0.178054,0.784180,,rest,0,0,debug,0.006000,0.012000,0.148009,0.687988,5,0.505466,0.634947
22.9342,squat,face,0.007090,0.006865,0.878620,0.542876,0.462960,0.063152,0.112270,0.878620,0.007090,4,0.440681,0.354023,0.181631,0.769531,,rest,0,0,debug,0.006000,0.012000,0.148030,0.667969,5,0.503408,0.635821
22.9675,squat,face,0.006601,0.006786,0.848942,0.539837,0.465907,0.060933,0.108325,0.848942,0.006601,4,0.444268,0.356362,0.201558,0.801270,,rest,0,0,debug,0.006000,0.012000,0.148675,0.651367,5,0.502150,0.638431
23.0009,squat,face,0.006207,0.006612,0.832975,0.541944,0.466295,0.059090,0.105049,0.832975,0.006207,4,0.445059,0.357706,0.201917,0.802246,,rest,0,0,debug,0.006000,0.012000,0.147950,0.645508,5,0.501855,0.641938
23.0342,squat,face,0.005978,0.006422,0.878342,0.536397,0.467562,0.057990,0.103093,0.878342,0.005978,4,0.450156,0.360009,0.204584,0.783691,,rest,0,0,debug,0.006000,0.012000,0.149524,0.682129,5,0.501731,0.643045
23.0675,squat,face,0.006377,0.006408,0.880563,0.531802,0.469058,0.059891,0.106473,0.880563,0.006377,4,0.456226,0.362861,0.196824,0.841309,,rest,0,0,debug,0.006000,0.012000,0.146724,0.689941,5,0.502924,0.641924
23.1009,squat,face,0.006557,0.006453,0.810695,0.527050,0.464975,0.060733,0.107970,0.810695,0.006557,4,0.458187,0.363581,0.193025,0.871582,,rest,0,0,debug,0.006000,0.012000,0.147187,0.679199,5,0.504404,0.637073
23.1342,squat,face,0.005985,0.006313,0.849805,0.524367,0.461608,0.058022,0.103151,0.849805,0.005985,4,0.462255,0.365897,0.176772,0.838379,,rest,0,0,debug,0.006000,0.012000,0.153094,0.653320,5,0.505756,0.631852
23.1675,squat,face,0.006066,0.006239,0.860369,0.519359,0.463154,0.058413,0.103845,0.860369,0.006066,4,0.468294,0.368640,0.160483,0.853516,,rest,0,0,debug,0.006000,0.012000,0.165061,0.638184,5,0.506684,0.624345
23.2009,squat,face,0.005235,0.005937,0.803435,0.514917,0.461426,0.054263,0.096468,0.803435,0.005235,4,0.471599,0.368852,0.152901,0.882812,,rest,0,0,debug,0.006000,0.012000,0.164824,0.627441,5,0.506145,0.610599
23.2342,squat,face,0.005603,0.005837,0.827388,0.509445,0.461785,0.056139,0.099804,0.827388,0.005603,4,0.474126,0.369318,0.139597,0.855469,,rest,0,0,debug,0.006000,0.012000,0.173557,0.559082,5,0.504850,0.592876
23.2676,squat,face,0.006296,0.005975,0.808282,0.505654,0.453404,0.059512,0.105798,0.808282,0.006296,4,0.478704,0.371694,0.125909,0.811523,,rest,0,0,debug,0.006000,0.012000,0.176162,0.562988,5,0.499524,0.569548
23.3009,squat,face,0.007216,0.006347,0.818786,0.500465,0.448080,0.063711,0.113264,0.818786,0.007216,4,0.482603,0.374660,0.118518,0.838379,,rest,0,0,debug,0.006000,0.012000,0.185204,0.554199,5,0.494700,0.551783
23.3342,squat,face,0.007681,0.006747,0.787475,0.496331,0.445811,0.065732,0.116856,0.787475,0.007681,4,0.485069,0.373972,0.105655,0.856445,,rest,0,0,debug,0.006000,0.012000,0.189696,0.497559,5,0.491151,0.541808
23.3676,squat,face,0.008172,0.007175,0.869402,0.490443,0.440296,0.067798,0.120529,0.869402,0.008172,4,0.486633,0.376904,0.100791,0.788574,,rest,0,0,debug,0.006000,0.012000,0.190008,0.467529,5,0.488357,0.534832
23.4009,squat,face,0.009575,0.007895,0.875000,0.487612,0.435732,0.073390,0.130471,0.875000,0.009575,4,0.488158,0.376958,0.092026,0.751465,,rest,0,0,debug,0.006000,0.012000,0.196017,0.429932,5,0.486179,0.528710
23.4342,squat,face,0.010807,0.008769,0.898404,0.482413,0.425986,0.077968,0.138610,0.898404,0.010807,4,0.489893,0.375733,0.092432,0.759277,,rest,0,0,debug,0.006000,0.012000,0.199162,0.358154,5,0.485060,0.528387
23.4676,squat,face,0.011764,0.009667,0.901117,0.480444,0.421306,0.081346,0.144615,0.901117,0.011764,4,0.490903,0.377082,,0.791504,,rest,0,0,debug,0.006000,0.012000,0.212858,0.350830,5,0.483052,0.525785
23.5009,squat,face,0.012664,0.010566,0.898947,0.477059,0.416776,0.084400,0.150044,0.898947,0.012664,4,0.493182,0.377124,,0.853516,,rest,0,0,debug,0.006000,0.012000,0.209012,0.362793,5,0.479889,0.523276
23.5342,squat,face,0.014134,0.011636,0.896772,0.473793,0.412350,0.089165,0.158515,0.896772,0.014134,4,0.494309,0.375144,,0.858398,,rest,0,0,debug,0.006000,0.012000,0.215171,0.366455,5,0.476248,0.523191
23.5676,squat,face,0.016074,0.012968,0.886917,0.470394,0.401927,0.095088,0.169045,0.886917,0.016074,4,0.496313,0.376273,,0.848145,,rest,0,0,debug,0.006000,0.012000,0.225409,0.372803,5,0.471377,0.521266
23.6009,squat,face,0.017977,0.014471,0.852386,0.466577,0.391475,0.100560,0.178773,0.852386,0.017977,4,0.497655,0.370554,,0.858398,,rest,0,0,debug,0.006000,0.012000,0.230218,0.326416,5,0.465073,0.518270
23.6342,squat,face,0.019562,0.015998,0.834147,0.462415,0.386197,0.104897,0.186484,0.834147,0.019562,4,0.498134,0.365537,,0.846191,,rest,0,0,debug,0.006000,0.012000,0.233639,0.267090,5,0.458441,0.513939
23.6676,squat,face,0.021436,0.017629,0.841722,0.462069,0.378101,0.109807,0.195212,0.841722,0.021436,4,0.498029,0.365200,,0.812500,,rest,0,0,debug,0.006000,0.012000,0.244846,0.247803,5,0.454163,0.514310
23.7009,squat,face,0.022086,0.018966,0.861220,0.460836,0.377292,0.111459,0.198150,0.861220,0.022086,4,0.497662,0.360603,,0.775879,,rest,0,0,debug,0.006000,0.012000,0.254234,0.168213,5,0.451081,0.512630
23.7342,squat,face,0.023730,0.020395,0.867152,0.459134,0.368655,0.115533,0.205392,0.867152,0.023730,4,0.497156,0.353801,,0.783691,,rest,0,0,debug,0.006000,0.012000,0.252736,0.183350,5,0.450819,0.512387
23.7676,squat,face,0.025268,0.021857,0.877229,0.457674,0.363352,0.119219,0.211945,0.877229,0.025268,4,0.496397,0.349677,,0.793457,,rest,0,0,debug,0.006000,0.012000,0.251804,0.192383,5,0.453775,0.513417
23.8009,squat,face,0.025327,0.022898,0.881117,0.457379,0.362044,0.119359,0.212193,0.881117,0.025327,4,0.496640,0.344356,,0.809082,,rest,0,0,debug,0.006000,0.012000,0.240812,0.174072,5,0.457273,0.516837
23.8342,squat,face,0.024915,0.023503,0.901929,0.459822,0.364772,0.118384,0.210460,0.901929,0.024915,4,0.496364,0.347403,,0.818359,,rest,0,0,debug,0.006000,0.012000,0.251992,0.197510,5,0.462311,0.521335
23.8676,squat,face,0.024399,0.023772,0.901117,0.463735,0.369000,0.117152,0.208271,0.901117,0.024399,4,0.497065,0.346406,,0.819336,,rest,0,0,debug,0.006000,0.012000,0.216063,0.220703,5,0.470021,0.529759
23.9009,squat,face,0.023546,0.023704,0.889116,0.462584,0.370446,0.115086,0.204597,0.889116,0.023546,4,0.497009,0.346911,,0.821777,,rest,0,0,debug,0.006000,0.012000,0.217456,0.234131,5,0.477414,0.539275
23.9342,squat,face,0.021046,0.022907,0.886090,0.466047,0.376312,0.108805,0.193430,0.886090,0.021046,4,0.497007,0.353529,,0.800293,,rest,0,0,debug,0.006000,0.012000,0.231475,0.218018,5,0.485697,0.548639
23.9676,squat,face,0.019750,0.021960,0.866871,0.465363,0.381098,0.105401,0.187379,0.866871,0.019750,4,0.497066,0.355976,,0.831543,,rest,0,0,debug,0.006000,0.012000,0.242362,0.270020,5,0.493973,0.556045
24.0009,squat,face,0.018180,0.020826,0.852386,0.467121,0.388625,0.101126,0.179779,0.852386,0.018180,4,0.496933,0.358655,,0.848145,,rest,0,0,debug,0.006000,0.012000,0.224646,0.348389,5,0.500223,0.558905
24.0342,squat,face,0.017214,0.019742,0.860085,0.469533,0.395092,0.098401,0.174935,0.860085,0.017214,4,0.496072,0.362772,,0.838379,,rest,0,0,debug,0.006000,0.012000,0.237157,0.349121,5,0.508293,0.565800
24.0676,squat,face,0.014817,0.018265,0.880840,0.472788,0.403648,0.091295,0.162303,0.880840,0.014817,4,0.495481,0.362547,,0.848145,,rest,0,0,debug,0.006000,0.012000,0.224161,0.342773,5,0.515648,0.571430
24.1009,squat,face,0.014368,0.017096,0.880285,0.474390,0.404997,0.089899,0.159820,0.880285,0.014368,4,0.496167,0.363578,,0.856934,,rest,0,0,debug,0.006000,0.012000,0.222066,0.370117,5,0.520787,0.575331
24.1342,squat,face,0.012710,0.015780,0.893225,0.476997,0.411929,0.084554,0.150319,0.893225,0.012710,4,0.495967,0.362989,,0.860840,,rest,0,0,debug,0.006000,0.012000,0.218586,0.394043,5,0.525383,0.580192
24.1676,squat,face,0.011435,0.014477,0.898404,0.479497,0.417040,0.080202,0.142581,0.898404,0.011435,4,0.493228,0.364785,,0.826660,,rest,0,0,debug,0.006000,0.012000,0.206458,0.499512,5,0.529809,0.585794
24.2009,squat,face,0.010395,0.013252,0.898947,0.482217,0.426010,0.076467,0.135941,0.898947,0.010395,4,0.491444,0.365411,0.072924,0.796387,,rest,0,0,debug,0.006000,0.012000,0.201247,0.534180,5,0.534189,0.593917
24.2343,squat,face,0.009921,0.012253,0.889116,0.485112,0.425950,0.074703,0.132805,0.889116,0.009921,4,0.489136,0.363816,0.086763,0.747559,,rest,0,0,debug,0.006000,0.012000,0.200908,0.507812,5,0.538831,0.604661
24.2676,squat,face,0.008752,0.011203,0.877508,0.488438,0.433349,0.070164,0.124736,0.877508,0.008752,4,0.487705,0.365945,0.088799,0.735840,,rest,0,0,debug,0.006000,0.012000,0.189136,0.535645,5,0.542451,0.613818
24.3009,squat,face,0.008688,0.010448,0.825024,0.492362,0.440393,0.069907,0.124278,0.825024,0.008688,4,0.486288,0.367774,0.094476,0.771484,,rest,0,0,debug,0.006000,0.012000,0.179872,0.583984,5,0.546811,0.625596
24.3343,squat,face,0.007650,0.009609,0.813401,0.493842,0.442389,0.065597,0.116618,0.813401,0.007650,4,0.484836,0.367629,0.110595,0.828613,,rest,0,0,debug,0.006000,0.012000,0.174606,0.649902,5,0.550683,0.639039
24.3676,squat,face,0.007532,0.008986,0.812800,0.495584,0.445203,0.065091,0.115718,0.812800,0.007532,4,0.484515,0.369252,0.125641,0.855469,,rest,0,0,debug,0.006000,0.012000,0.167366,0.634277,5,0.554853,0.654023
24.4009,squat,face,0.007482,0.008535,0.840271,0.502558,0.446570,0.064875,0.115334,0.840271,0.007482,4,0.482494,0.371540,0.124261,0.846191,,rest,0,0,debug,0.006000,0.012000,0.167708,0.676758,5,0.557846,0.666541
24.4343,squat,face,0.007060,0.008092,0.810695,0.504492,0.453479,0.063018,0.112033,0.810695,0.007060,4,0.479149,0.369999,0.139788,0.812988,,rest,0,0,debug,0.006000,0.012000,0.166026,0.642578,5,0.559759,0.675114
24.4676,squat,face,0.007221,0.007831,0.776234,0.508618,0.448579,0.063732,0.113301,0.776234,0.007221,4,0.472947,0.369605,0.142931,0.857910,,rest,0,0,debug,0.006000,0.012000,0.167102,0.656738,5,0.561119,0.681525
24.5009,squat,face,0.006875,0.007544,0.811899,0.513858,0.453432,0.062188,0.110557,0.811899,0.006875,4,0.471172,0.367985,0.152602,0.867676,,rest,0,0,debug,0.006000,0.012000,0.158793,0.641113,5,0.560476,0.684316
24.5343,squat,face,0.007067,0.007401,0.832682,0.518411,0.448860,0.063051,0.112090,0.832682,0.007067,4,0.468710,0.367219,0.160799,0.853516,,rest,0,0,debug,0.006000,0.012000,0.152416,0.633789,5,0.559145,0.687096
24.5676,squat,face,0.007064,0.007300,0.804346,0.519400,0.451736,0.063036,0.112065,0.804346,0.007064,4,0.461598,0.367746,0.175247,0.837891,,rest,0,0,debug,0.006000,0.012000,0.154689,0.626465,5,0.557198,0.688022
24.6009,squat,face,0.006819,0.007156,0.771502,0.524530,0.454587,0.061933,0.110102,0.771502,0.006819,4,0.459229,0.366064,0.186383,0.886230,,rest,0,0,debug,0.006000,0.012000,0.151013,0.637207,5,0.552605,0.686497
24.6343,squat,face,0.007090,0.007136,0.845484,0.527367,0.459123,0.063153,0.112271,0.845484,0.007090,4,0.456172,0.363247,0.194767,0.859375,,rest,0,0,debug,0.006000,0.012000,0.147948,0.629395,5,0.545228,0.684275
24.6676,squat,face,0.007098,0.007125,0.844039,0.530534,0.453741,0.063188,0.112334,0.844039,0.007098,4,0.452349,0.359959,0.198651,0.799805,,rest,0,0,debug,0.006000,0.012000,0.145872,0.622559,5,0.536112,0.680899
24.7009,squat,face,0.006738,0.007009,0.830039,0.534525,0.457740,0.061562,0.109443,0.830039,0.006738,4,0.448813,0.357052,0.191807,0.862793,,rest,0,0,debug,0.006000,0.012000,0.152413,0.655273,5,0.527919,0.673385
24.7343,squat,face,0.006835,0.006957,0.807376,0.534836,0.455872,0.062006,0.110233,0.807376,0.006835,4,0.446791,0.356044,0.192018,0.889648,,rest,0,0,debug,0.006000,0.012000,0.148637,0.693359,5,0.522652,0.666465
24.7676,squat,face,0.006744,0.006893,0.806771,0.538682,0.458114,0.061593,0.109499,0.806771,0.006744,4,0.445010,0.355788,0.192488,0.875000,,rest,0,0,debug,0.006000,0.012000,0.145702,0.700195,5,0.520037,0.661096
24.8009,squat,face,0.006649,0.006820,0.838817,0.541578,0.458787,0.061154,0.108719,0.838817,0.006649,4,0.442502,0.353965,0.180189,0.845215,,rest,0,0,debug,0.006000,0.012000,0.144868,0.692383,5,0.518418,0.654465
24.8343,squat,face,0.007068,0.006894,0.859233,0.541454,0.460425,0.063055,0.112098,0.859233,0.007068,4,0.440570,0.353645,0.173792,0.815918,,rest,0,0,debug,0.006000,0.012000,0.144536,0.685059,5,0.516773,0.649908
24.8676,squat,face,0.006493,0.006774,0.856102,0.544386,0.461677,0.060435,0.107440,0.856102,0.006493,4,0.438008,0.352693,0.170147,0.793457,,rest,0,0,debug,0.006000,0.012000,0.144000,0.677734,5,0.514642,0.643883
24.9009,squat,face,0.006906,0.006813,0.866307,0.542521,0.456634,0.062325,0.110801,0.866307,0.006906,4,0.435958,0.352702,0.169639,0.853027,,rest,0,0,debug,0.006000,0.012000,0.143479,0.680664,5,0.512910,0.639404
24.9343,squat,face,0.006637,0.006760,0.869963,0.544269,0.459323,0.061100,0.108622,0.869963,0.006637,4,0.435587,0.352251,0.181650,0.857910,,rest,0,0,debug,0.006000,0.012000,0.143627,0.671387,5,0.510870,0.636523
24.9676,squat,face,0.006912,0.006806,0.868278,0.543721,0.458519,0.062355,0.110854,0.868278,0.006912,4,0.435329,0.352867,0.180115,0.857422,,rest,0,0,debug,0.006000,0.012000,0.143637,0.672363,5,0.508534,0.634707
25.0009,squat,face,0.006660,0.006762,0.873883,0.544639,0.460269,0.061208,0.108814,0.873883,0.006660,4,0.435303,0.352723,0.146980,0.846680,,rest,0,0,debug,0.006000,0.012000,0.143978,0.657715,5,0.506189,0.633363
25.0343,squat,face,0.006976,0.006826,0.870524,0.544244,0.461534,0.062641,0.111362,0.870524,0.006976,4,0.434986,0.353424,0.190789,0.850586,,rest,0,0,debug,0.006000,0.012000,0.143569,0.651367,5,0.504048,0.632439
25.0676,squat,face,0.006616,0.006763,0.874442,0.543592,0.460472,0.061003,0.108450,0.874442,0.006616,4,0.435402,0.354013,0.191149,0.847168,,rest,0,0,debug,0.006000,0.012000,0.142461,0.669434,5,0.501986,0.630170
25.1010,squat,face,0.006310,0.006627,0.878620,0.544498,0.463515,0.059574,0.105910,0.878620,0.006310,4,0.435393,0.354348,0.190013,0.835938,,rest,0,0,debug,0.006000,0.012000,0.141810,0.665527,5,0.500207,0.628415
25.1343,squat,face,0.006614,0.006623,0.873324,0.545677,0.461003,0.060995,0.108435,0.873324,0.006614,4,0.436157,0.355643,0.196466,0.818848,,rest,0,0,debug,0.006000,0.012000,0.140409,0.668945,5,0.498692,0.627479
25.1676,squat,face,0.006279,0.006520,0.883331,0.544541,0.467463,0.059428,0.105650,0.883331,0.006279,4,0.437737,0.355916,0.190961,0.785645,,rest,0,0,debug,0.006000,0.012000,0.137987,0.681641,5,0.497486,0.628647
25.2010,squat,face,0.006089,0.006391,0.877786,0.543458,0.468836,0.058523,0.104041,0.877786,0.006089,4,0.440316,0.354901,0.188470,0.811523,,rest,0,0,debug,0.006000,0.012000,0.141765,0.675293,5,0.496761,0.631599
25.2343,squat,face,0.006903,0.006544,0.876394,0.542427,0.464228,0.062314,0.110781,0.876394,0.006903,4,0.443557,0.353987,0.156963,0.844238,,rest,0,0,debug,0.006000,0.012000,0.141301,0.644531,5,0.495443,0.633072
25.2676,squat,face,0.006443,0.006514,0.819978,0.539634,0.465596,0.060201,0.107025,0.819978,0.006443,4,0.442909,0.354793,0.203703,0.834961,,rest,0,0,debug,0.006000,0.012000,0.140286,0.685547,5,0.495490,0.637347
25.3010,squat,face,0.006140,0.006402,0.832389,0.538717,0.461526,0.058768,0.104476,0.832389,0.006140,4,0.445618,0.354091,0.199031,0.858398,,rest,0,0,debug,0.006000,0.012000,0.143235,0.681152,5,0.495678,0.637191
25.3343,squat,face,0.006041,0.006294,0.862636,0.535648,0.463225,0.058295,0.103636,0.862636,0.006041,4,0.450209,0.353695,0.184341,0.813477,,rest,0,0,debug,0.006000,0.012000,0.146809,0.631836,5,0.498286,0.634598
25.3676,squat,face,0.006454,0.006342,0.880840,0.532259,0.462963,0.060253,0.107116,0.880840,0.006454,4,0.455668,0.354291,0.173093,0.855469,,rest,0,0,debug,0.006000,0.012000,0.149159,0.596191,5,0.501235,0.625887
25.4010,squat,face,0.006486,0.006385,0.835609,0.525246,0.463098,0.060400,0.107378,0.835609,0.006486,4,0.458477,0.355675,0.163705,0.867676,,rest,0,0,debug,0.006000,0.012000,0.153980,0.617188,5,0.502880,0.611936
25.4343,squat,face,0.006489,0.006416,0.845773,0.521981,0.458657,0.060414,0.107403,0.845773,0.006489,4,0.460818,0.359762,0.158484,0.872559,,rest,0,0,debug,0.006000,0.012000,0.157993,0.588867,5,0.504802,0.595465
25.4676,squat,face,0.006335,0.006392,0.868840,0.519482,0.459478,0.059696,0.106126,0.868840,0.006335,4,0.464880,0.361727,0.152161,0.811523,,rest,0,0,debug,0.006000,0.012000,0.166435,0.553223,5,0.504981,0.579907
25.5010,squat,face,0.006796,0.006513,0.834147,0.514563,0.455427,0.061827,0.109915,0.834147,0.006796,4,0.470433,0.362939,0.133140,0.871582,,rest,0,0,debug,0.006000,0.012000,0.169174,0.565430,5,0.502144,0.567850
25.5343,squat,face,0.005566,0.006229,0.818786,0.513542,0.459216,0.055956,0.099478,0.818786,0.005566,4,0.472015,0.365297,0.126372,0.882812,,rest,0,0,debug,0.006000,0.012000,0.174453,0.543945,5,0.498447,0.555985
25.5676,squat,face,0.007597,0.006639,0.833854,0.505290,0.446435,0.065371,0.116215,0.833854,0.007597,4,0.473347,0.365389,0.115208,0.880371,,rest,0,0,debug,0.006000,0.012000,0.181217,0.515625,5,0.494146,0.546899
25.6010,squat,face,0.008282,0.007132,0.836193,0.502831,0.443298,0.068254,0.121341,0.836193,0.008282,4,0.475232,0.365650,0.104123,0.819824,,rest,0,0,debug,0.006000,0.012000,0.186432,0.490479,5,0.490358,0.538491
25.6343,squat,face,0.009011,0.007696,0.857242,0.499538,0.433735,0.071195,0.126568,0.857242,0.009011,4,0.477692,0.365891,0.099739,0.797852,,rest,0,0,debug,0.006000,0.012000,0.189257,0.441162,5,0.487612,0.533033
25.6676,squat,face,0.009932,0.008367,0.841432,0.492960,0.434147,0.074745,0.132880,0.841432,0.009932,4,0.483123,0.369003,0.093392,0.839844,,rest,0,0,debug,0.006000,0.012000,0.192355,0.407715,5,0.484929,0.529389
25.7010,squat,face,0.010834,0.009107,0.845484,0.490071,0.432592,0.078065,0.138782,0.845484,0.010834,4,0.484453,0.365511,0.080022,0.809082,,rest,0,0,debug,0.006000,0.012000,0.197789,0.326904,5,0.481905,0.525867
25.7343,squat,face,0.011234,0.009745,0.844907,0.488532,0.429601,0.079493,0.141322,0.844907,0.011234,4,0.485656,0.367206,,0.804199,,rest,0,0,debug,0.006000,0.012000,0.202676,0.318848,5,0.478812,0.523539
25.7676,squat,face,0.012940,0.010704,0.860369,0.484757,0.419029,0.085317,0.151675,0.860369,0.012940,4,0.487345,0.368160,,0.807129,,rest,0,0,debug,0.006000,0.012000,0.197364,0.419434,5,0.475166,0.522308
25.8010,squat,face,0.014349,0.011797,0.867434,0.479704,0.412340,0.089840,0.159716,0.867434,0.014349,4,0.487998,0.370547,,0.794434,,rest,0,0,debug,0.006000,0.012000,0.202883,0.331055,5,0.471388,0.520589
25.8343,squat,face,0.015094,0.012786,0.870524,0.477744,0.406895,0.092145,0.163813,0.870524,0.015094,4,0.489427,0.366838,,0.816895,,rest,0,0,debug,0.006000,0.012000,0.205262,0.369629,5,0.466968,0.518536
25.8676,squat,face,0.016477,0.013894,0.873883,0.473138,0.400223,0.096273,0.171152,0.873883,0.016477,4,0.492227,0.364926,,0.840820,,rest,0,0,debug,0.006000,0.012000,0.209636,0.351074,5,0.460238,0.514168
25.9010,squat,face,0.018512,0.015279,0.854675,0.468794,0.385479,0.102045,0.181414,0.854675,0.018512,4,0.494966,0.357236,,0.836914,,rest,0,0,debug,0.006000,0.012000,0.215658,0.258545,5,0.454924,0.511540
25.9343,squat,face,0.019787,0.016632,0.853245,0.466392,0.385188,0.105500,0.187555,0.853245,0.019787,4,0.496411,0.356357,,0.853027,,rest,0,0,debug,0.006000,0.012000,0.251014,0.169922,5,0.451082,0.511009
25.9677,squat,face,0.021917,0.018217,0.856957,0.461947,0.381924,0.111033,0.197392,0.856957,0.021917,4,0.497732,0.356764,,0.840332,,rest,0,0,debug,0.006000,0.012000,0.256687,0.186523,5,0.448536,0.507484
26.0010,squat,face,0.023259,0.019730,0.870244,0.458417,0.379763,0.114382,0.203346,0.870244,0.023259,4,0.497696,0.353099,,0.835449,,rest,0,0,debug,0.006000,0.012000,0.235839,0.195068,5,0.448366,0.504960
26.0343,squat,face,0.023257,0.020788,0.874163,0.459569,0.379705,0.114376,0.203336,0.874163,0.023257,4,0.498062,0.349313,,0.822754,,rest,0,0,debug,0.006000,0.012000,0.260959,0.203857,5,0.449832,0.504984
26.0677,squat,face,0.024279,0.021835,0.878064,0.456956,0.378102,0.116864,0.207758,0.878064,0.024279,4,,,,,,rest,0,0,debug,0.006000,0.012000,,,,0.454578,0.509606
26.1010,squat,face,0.024641,0.022677,0.884712,0.456772,0.378955,0.117730,0.209298,0.884712,0.024641,4,0.553910,0.503239,,0.620605,,rest,0,0,debug,0.006000,0.012000,0.233691,0.119385,7,0.460183,0.516044
26.1343,squat,face,0.023945,0.023058,0.877508,0.457423,0.382444,0.116057,0.206324,0.877508,0.023945,4,0.553886,0.506108,,0.545410,,rest,0,0,debug,0.006000,0.012000,0.230794,0.116455,7,0.467071,0.524956
26.1677,squat,face,0.022327,0.022838,0.882778,0.460929,0.386488,0.112067,0.199230,0.882778,0.022327,4,,,,,,rest,0,0,debug,0.006000,0.012000,,,,0.473997,0.533892
26.2010,squat,face,0.021771,0.022518,0.890762,0.462643,0.389202,0.110663,0.196734,0.890762,0.021771,4,0.552428,0.513866,,0.649414,,rest,0,0,debug,0.006000,0.012000,0.205489,0.109619,7,0.482482,0.543265
26.2343,squat,face,0.020108,0.021795,0.874442,0.460378,0.396782,0.106351,0.189069,0.874442,0.020108,4,,,,,,rest,0,0,debug,0.006000,0.012000,,,,0.490829,0.549703
26.2677,squat,face,0.017534,0.020517,0.884436,0.466801,0.402080,0.099312,0.176555,0.884436,0.017534,4,0.497501,0.358271,,0.847656,,rest,0,0,debug,0.006000,0.012000,0.202455,0.271484,5,0.497818,0.554740
26.3343,squat,face,0.014837,0.018813,0.893772,0.472500,0.412324,0.091355,0.162408,0.893772,0.014837,4,0.496989,0.366205,,0.830566,,rest,0,0,debug,0.006000,0.012000,0.211635,0.457275,5,0.513679,0.569517
26.3677,squat,face,0.013116,0.017104,0.883607,0.474899,0.417501,0.085895,0.152703,0.883607,0.013116,4,0.496270,0.366887,0.030654,0.803711,,rest,0,0,debug,0.006000,0.012000,0.212643,0.505371,5,0.520449,0.577036
26.4010,squat,face,0.011884,0.015538,0.888292,0.478108,0.421230,0.081762,0.145354,0.888292,0.011884,4,0.496261,0.365198,0.036650,0.803711,,rest,0,0,debug,0.006000,0.012000,0.213320,0.428467,5,0.526353,0.584265
26.4343,squat,face,0.010842,0.014129,0.890762,0.479742,0.426314,0.078093,0.138833,0.890762,0.010842,4,0.495905,0.368761,0.069148,0.795410,,rest,0,0,debug,0.006000,0.012000,0.208339,0.494629,5,0.531634,0.594454
26.4677,squat,face,0.010851,0.013146,0.896227,0.479364,0.428570,0.078124,0.138888,0.896227,0.010851,4,0.494417,0.368650,0.073883,0.789551,,rest,0,0,debug,0.006000,0.012000,0.204116,0.538574,5,0.536092,0.604480
26.5010,squat,face,0.009353,0.012008,0.884712,0.484859,0.435310,0.072535,0.128951,0.884712,0.009353,4,0.489961,0.368639,0.079010,0.763184,,rest,0,0,debug,0.006000,0.012000,0.196650,0.536621,5,0.540740,0.615013
26.5343,squat,face,0.008533,0.010966,0.849805,0.487730,0.438624,0.069283,0.123169,0.849805,0.008533,4,0.488343,0.368908,0.093544,0.751953,,rest,0,0,debug,0.006000,0.012000,0.188308,0.579102,5,0.545245,0.629385
26.5677,squat,face,0.007728,0.009994,0.827683,0.490830,0.440258,0.065932,0.117213,0.827683,0.007728,4,0.485592,0.369283,0.101482,0.861816,,rest,0,0,debug,0.006000,0.012000,0.176167,0.590332,5,0.549951,0.645402
26.6010,squat,face,0.007378,0.009209,0.803435,0.498273,0.446406,0.064421,0.114526,0.803435,0.007378,4,0.483997,0.370207,0.113660,0.873535,,rest,0,0,debug,0.006000,0.012000,0.172636,0.606445,5,0.554694,0.658098
26.6343,squat,face,0.007301,0.008637,0.815799,0.501593,0.449564,0.064086,0.113932,0.815799,0.007301,4,0.481373,0.371574,0.119901,0.845703,,rest,0,0,debug,0.006000,0.012000,0.171906,0.653809,5,0.558769,0.672012
26.6677,squat,face,0.006745,0.008069,0.802219,0.505309,0.451060,0.061594,0.109500,0.802219,0.006745,4,0.475298,0.372553,0.125290,0.829102,,rest,0,0,debug,0.006000,0.012000,0.168105,0.675293,5,0.561408,0.681338
26.7010,squat,face,0.006020,0.007454,0.783123,0.509718,0.457403,0.058189,0.103448,0.783123,0.006020,4,0.471599,0.372055,0.135897,0.896484,,rest,0,0,debug,0.006000,0.012000,0.167485,0.691895,5,0.562472,0.686329
26.7343,squat,face,0.006358,0.007126,0.794267,0.516088,0.457579,0.059804,0.106318,0.794267,0.006358,4,0.469329,0.368321,0.148121,0.869629,,rest,0,0,debug,0.006000,0.012000,0.166971,0.659180,5,0.561293,0.687381
26.7677,squat,face,0.006914,0.007062,0.837943,0.518664,0.456694,0.062364,0.110870,0.837943,0.006914,4,0.461959,0.364944,0.156399,0.839355,,rest,0,0,debug,0.006000,0.012000,0.164992,0.638672,5,0.559052,0.689509
26.8010,squat,face,0.006642,0.006936,0.800085,0.522907,0.457090,0.061125,0.108667,0.800085,0.006642,4,0.459234,0.362525,0.176980,0.899902,,rest,0,0,debug,0.006000,0.012000,0.161827,0.596191,5,0.555744,0.690450
26.8343,squat,face,0.006888,0.006922,0.860652,0.525380,0.460411,0.062244,0.110656,0.860652,0.006888,4,0.455480,0.359507,0.179648,0.862305,,rest,0,0,debug,0.006000,0.012000,0.159365,0.622070,5,0.549310,0.687745
26.8677,squat,face,0.006980,0.006939,0.879453,0.529369,0.458370,0.062658,0.111392,0.879453,0.006980,4,0.449793,0.358266,0.184378,0.837891,,rest,0,0,debug,0.006000,0.012000,0.156279,0.623047,5,0.542914,0.686938
26.9010,squat,face,0.006818,0.006903,0.838817,0.533255,0.457948,0.061926,0.110091,0.838817,0.006818,4,0.446528,0.355964,0.185845,0.898926,,rest,0,0,debug,0.006000,0.012000,0.150223,0.697266,5,0.536102,0.681971
26.9344,squat,face,0.007166,0.006982,0.841722,0.537573,0.455763,0.063489,0.112869,0.841722,0.007166,4,0.443765,0.352857,0.181008,0.862305,,rest,0,0,debug,0.006000,0.012000,0.150762,0.610352,5,0.529909,0.677838
26.9677,squat,face,0.006761,0.006915,0.876394,0.541818,0.459425,0.061670,0.109635,0.876394,0.006761,4,0.440061,0.351670,0.193393,0.827637,,rest,0,0,debug,0.006000,0.012000,0.144998,0.623047,5,0.526070,0.674562
27.0010,squat,face,0.006938,0.006922,0.880840,0.543572,0.456294,0.062473,0.111062,0.880840,0.006938,4,0.436792,0.351043,0.191675,0.833984,,rest,0,0,debug,0.006000,0.012000,0.142717,0.612305,5,0.523030,0.669359
27.0344,squat,face,0.006759,0.006873,0.871085,0.545430,0.456596,0.061661,0.109619,0.871085,0.006759,4,0.435057,0.349582,0.181174,0.888184,,rest,0,0,debug,0.006000,0.012000,0.138182,0.632812,5,0.520584,0.663340
27.0677,squat,face,0.006625,0.006799,0.845196,0.547183,0.460350,0.061044,0.108523,0.845196,0.006625,4,0.433985,0.349376,0.181280,0.907715,,rest,0,0,debug,0.006000,0.012000,0.139806,0.641113,5,0.518328,0.656473
27.1010,squat,face,0.006985,0.006855,0.822059,0.547133,0.458052,0.062684,0.111438,0.822059,0.006985,4,0.432753,0.349115,0.182243,0.891113,,rest,0,0,debug,0.006000,0.012000,0.138336,0.680176,5,0.516033,0.650190
27.1344,squat,face,0.007158,0.006946,0.807678,0.548388,0.456063,0.063456,0.112810,0.807678,0.007158,4,0.432555,0.349239,0.181848,0.888184,,rest,0,0,debug,0.006000,0.012000,0.137763,0.686035,5,0.514017,0.645912
27.1677,squat,face,0.006503,0.006813,0.806771,0.549350,0.461427,0.060479,0.107518,0.806771,0.006503,4,0.432303,0.348826,0.180746,0.886719,,rest,0,0,debug,0.006000,0.012000,0.141096,0.652344,5,0.511288,0.640818
27.2010,squat,face,0.006672,0.006771,0.804650,0.551018,0.462897,0.061264,0.108913,0.804650,0.006672,4,0.432605,0.349585,0.184483,0.895996,,rest,0,0,debug,0.006000,0.012000,0.138578,0.667480,5,0.508974,0.637097
27.2344,squat,face,0.006164,0.006589,0.807980,0.549682,0.462479,0.058882,0.104680,0.807980,0.006164,4,0.432493,0.349362,0.181437,0.891113,,rest,0,0,debug,0.006000,0.012000,0.138666,0.670898,5,0.506842,0.634678
27.2677,squat,face,0.006844,0.006665,0.804043,0.549138,0.455503,0.062047,0.110306,0.804043,0.006844,4,0.432396,0.348755,0.179760,0.891113,,rest,0,0,debug,0.006000,0.012000,0.139231,0.657227,5,0.505493,0.633609
27.3010,squat,face,0.006522,0.006622,0.814301,0.548498,0.459402,0.060569,0.107679,0.814301,0.006522,4,0.432478,0.349611,0.191971,0.890625,,rest,0,0,debug,0.006000,0.012000,0.137742,0.669922,5,0.504206,0.632597
27.3344,squat,face,0.006708,0.006648,0.820573,0.549000,0.457693,0.061425,0.109199,0.820573,0.006708,4,0.432619,0.350392,0.190544,0.894531,,rest,0,0,debug,0.006000,0.012000,0.137373,0.665039,5,0.502973,0.631341
27.3677,squat,face,0.006581,0.006628,0.827388,0.549560,0.458186,0.060842,0.108163,0.827388,0.006581,4,0.432876,0.351979,0.191280,0.905273,,rest,0,0,debug,0.006000,0.012000,0.134624,0.658691,5,0.501496,0.629194
27.4010,squat,face,0.006784,0.006675,0.830039,0.548011,0.457466,0.061776,0.109824,0.830039,0.006784,4,0.433569,0.352506,0.192293,0.910156,,rest,0,0,debug,0.006000,0.012000,0.135454,0.654785,5,0.499802,0.627105
27.4344,squat,face,0.006515,0.006627,0.845196,0.546436,0.457501,0.060538,0.107622,0.845196,0.006515,4,0.434696,0.353512,0.189080,0.895508,,rest,0,0,debug,0.006000,0.012000,0.137865,0.622559,5,0.498014,0.625225
27.4677,squat,face,0.006789,0.006675,0.864615,0.544869,0.455774,0.061795,0.109857,0.864615,0.006789,4,0.435203,0.354976,0.178960,0.879395,,rest,0,0,debug,0.006000,0.012000,0.136360,0.626465,5,0.495992,0.623900
27.5010,squat,face,0.006582,0.006647,0.858380,0.542840,0.458407,0.060848,0.108174,0.858380,0.006582,4,0.435917,0.356346,0.189233,0.854004,,rest,0,0,debug,0.006000,0.012000,0.134930,0.665039,5,0.494194,0.623524
27.5344,squat,face,0.006654,0.006649,0.845196,0.543112,0.458622,0.061178,0.108760,0.845196,0.006654,4,0.440131,0.355364,0.200992,0.813965,,rest,0,0,debug,0.006000,0.012000,0.136625,0.656250,5,0.493108,0.625976
27.5677,squat,face,0.006891,0.006722,0.823543,0.539659,0.456621,0.062259,0.110683,0.823543,0.006891,4,0.443794,0.356083,0.207472,0.873047,,rest,0,0,debug,0.006000,0.012000,0.138968,0.669434,5,0.492436,0.628382
27.6010,squat,face,0.006272,0.006587,0.784680,0.537780,0.457527,0.059396,0.105593,0.784680,0.006272,4,0.445027,0.356064,0.208881,0.878906,,rest,0,0,debug,0.006000,0.012000,0.135249,0.645996,5,0.493316,0.633628
27.6344,squat,face,0.006337,0.006512,0.817592,0.534916,0.459919,0.059705,0.106142,0.817592,0.006337,4,0.447564,0.356229,0.202058,0.882812,,rest,0,0,debug,0.006000,0.012000,0.138630,0.642578,5,0.493924,0.634807
27.6677,squat,face,0.005842,0.006311,0.842012,0.535192,0.457344,0.057324,0.101909,0.842012,0.005842,4,0.450099,0.354975,0.189499,0.823242,,rest,0,0,debug,0.006000,0.012000,0.137540,0.643555,5,0.496526,0.632767
27.7010,squat,face,0.006318,0.006313,0.822356,0.530073,0.456599,0.059612,0.105978,0.822356,0.006318,4,0.456452,0.356175,0.181107,0.847656,,rest,0,0,debug,0.006000,0.012000,0.143516,0.606445,5,0.499179,0.622858
27.7344,squat,face,0.005902,0.006190,0.760024,0.527380,0.452925,0.057616,0.102429,0.760024,0.005902,4,0.458144,0.357605,0.166002,0.882812,,rest,0,0,debug,0.006000,0.012000,0.146615,0.630371,5,0.501706,0.608818
27.7677,squat,face,0.006446,0.006267,0.805256,0.522850,0.449063,0.060217,0.107053,0.805256,0.006446,4,0.460395,0.361540,0.157104,0.862305,,rest,0,0,debug,0.006000,0.012000,0.157539,0.613281,5,0.504041,0.594126
27.8011,squat,face,0.006208,0.006249,0.825911,0.519403,0.447063,0.059094,0.105057,0.825911,0.006208,4,0.463796,0.364882,0.152067,0.759277,,rest,0,0,debug,0.006000,0.012000,0.162116,0.598145,5,0.505922,0.580577
27.8344,squat,face,0.006458,0.006312,0.832095,0.513785,0.447060,0.060271,0.107148,0.832095,0.006458,4,0.469394,0.365180,0.131652,0.806641,,rest,0,0,debug,0.006000,0.012000,0.167026,0.583496,5,0.504017,0.566754
27.8677,squat,face,0.005336,0.006019,0.838525,0.515063,0.451117,0.054786,0.097398,0.838525,0.005336,4,0.471957,0.364087,0.120240,0.797852,,rest,0,0,debug,0.006000,0.012000,0.174807,0.564941,5,0.500662,0.555298
27.9011,squat,face,0.006817,0.006258,0.884712,0.508724,0.435790,0.061922,0.110084,0.884712,0.006817,4,0.472824,0.366425,0.114407,0.790039,,rest,0,0,debug,0.006000,0.012000,0.180911,0.548340,5,0.496995,0.546378
27.9344,squat,face,0.008384,0.006896,0.880285,0.503123,0.430310,0.068672,0.122083,0.880285,0.008384,4,0.474592,0.366406,0.095105,0.797852,,rest,0,0,debug,0.006000,0.012000,0.188539,0.520020,5,0.492859,0.538248
27.9677,squat,face,0.009353,0.007633,0.866589,0.503364,0.424629,0.072535,0.128950,0.866589,0.009353,4,0.475915,0.370067,0.089266,0.806152,,rest,0,0,debug,0.006000,0.012000,0.194493,0.493164,5,0.490232,0.532959
28.0011,squat,face,0.010171,0.008395,0.860652,0.499967,0.417660,0.075639,0.134469,0.860652,0.010171,4,0.476021,0.369404,,0.799316,,rest,0,0,debug,0.006000,0.012000,0.201633,0.421143,5,0.487983,0.529269
28.0344,squat,face,0.011446,0.009310,0.844907,0.494491,0.410966,0.080241,0.142650,0.844907,0.011446,4,0.476364,0.367474,0.079115,0.795898,,rest,0,0,debug,0.006000,0.012000,0.195484,0.417969,5,0.485864,0.530037
28.0677,squat,face,0.012640,0.010309,0.819978,0.489350,0.404908,0.084322,0.149906,0.819978,0.012640,4,0.479187,0.365014,,0.829590,,rest,0,0,debug,0.006000,0.012000,0.201448,0.400391,5,0.483169,0.529877
28.1011,squat,face,0.013710,0.011329,0.832682,0.486558,0.400204,0.087817,0.156118,0.832682,0.013710,4,0.481706,0.364556,,0.834961,,rest,0,0,debug,0.006000,0.012000,0.203878,0.357178,5,0.480375,0.532154
28.1344,squat,face,0.015084,0.012456,0.856957,0.485064,0.394317,0.092112,0.163755,0.856957,0.015084,4,0.483520,0.358505,,0.814941,,rest,0,0,debug,0.006000,0.012000,0.206428,0.347900,5,0.476402,0.530245
28.1677,squat,face,0.016881,0.013783,0.880008,0.483021,0.388357,0.097444,0.173234,0.880008,0.016881,4,0.484175,0.351217,,0.866211,,rest,0,0,debug,0.006000,0.012000,0.209839,0.354736,5,0.469198,0.527388
28.2011,squat,face,0.018982,0.015343,0.883054,0.479594,0.379020,0.103332,0.183701,0.883054,0.018982,4,0.483993,0.348797,,0.854980,,rest,0,0,debug,0.006000,0.012000,0.227825,0.263428,5,0.461684,0.522932
28.2344,squat,face,0.020952,0.017026,0.886917,0.475809,0.370463,0.108561,0.192998,0.886917,0.020952,4,0.483885,0.339617,,0.862305,,rest,0,0,debug,0.006000,0.012000,0.247530,0.151611,5,0.455575,0.517059
28.2677,squat,face,0.023841,0.019070,0.882778,0.473762,0.359332,0.115804,0.205874,0.882778,0.023841,4,0.481651,0.336612,,0.855469,,rest,0,0,debug,0.006000,0.012000,0.257812,0.190918,5,0.451968,0.509906
28.3011,squat,face,0.026802,0.021390,0.893772,0.472491,0.356150,0.122786,0.218285,0.893772,0.026802,4,0.572244,0.519794,,0.454834,,rest,0,0,debug,0.006000,0.012000,0.204635,0.103516,7,0.450788,0.507839
28.3344,squat,face,0.029338,0.023774,0.890488,0.468296,0.342264,0.128462,0.228377,0.890488,0.029338,4,,,,,,rest,0,0,debug,0.006000,0.012000,,,,0.449500,0.504062
28.3677,squat,face,0.030274,0.025724,0.888567,0.470735,0.346973,0.130497,0.231994,0.888567,0.030274,4,,,,,,rest,0,0,debug,0.006000,0.012000,,,,0.450535,0.502013
28.4011,squat,face,0.030217,0.027072,0.889939,0.469636,0.341045,0.130372,0.231772,0.889939,0.030217,4,,,,,,rest,0,0,debug,0.006000,0.012000,,,,0.453868,0.503822
28.4677,squat,face,0.029162,0.027699,0.892131,0.470721,0.345305,0.128077,0.227693,0.892131,0.029162,4,0.581596,0.522205,,0.525391,,rest,0,0,debug,0.006000,0.012000,0.209800,0.102783,7,0.467182,0.517691
28.5011,squat,face,0.028208,0.027852,0.885263,0.471916,0.349727,0.125963,0.223935,0.885263,0.028208,4,0.580359,0.523609,,0.624023,,rest,0,0,debug,0.006000,0.012000,0.208163,0.129150,7,0.474124,0.526814
28.5344,squat,face,0.025820,0.027242,0.893772,0.473179,0.353786,0.120514,0.214247,0.893772,0.025820,4,0.534042,0.527146,,0.668945,,rest,0,0,debug,0.006000,0.012000,0.285829,0.145508,2,0.480022,0.534901
28.5677,squat,face,0.024888,0.026536,0.874442,0.477037,0.357288,0.118320,0.210346,0.874442,0.024888,4,0.533349,0.530859,,0.651367,,rest,0,0,debug,0.006000,0.012000,0.280800,0.152344,2,0.486900,0.544642
28.6011,squat,face,0.022540,0.025337,0.894591,0.477307,0.367421,0.112600,0.200177,0.894591,0.022540,4,0.532598,0.522188,,0.746094,,rest,0,0,debug,0.006000,0.012000,0.267042,0.165771,2,0.493523,0.553198
28.6344,squat,face,0.020654,0.023932,0.892405,0.479277,0.373810,0.107787,0.191621,0.892405,0.020654,4,,,,,,rest,0,0,debug,0.006000,0.012000,,,,0.501813,0.562107
28.6677,squat,face,0.019026,0.022460,0.894864,0.483356,0.378784,0.103452,0.183915,0.894864,0.019026,4,0.526648,0.506896,,0.766113,,rest,0,0,debug,0.006000,0.012000,0.242866,0.163086,2,0.509559,0.570131
28.7011,squat,face,0.016908,0.020795,0.876951,0.483770,0.386557,0.097522,0.173373,0.876951,0.016908,4,0.527991,0.511721,,0.789062,,rest,0,0,debug,0.006000,0.012000,0.231132,0.146973,2,0.518118,0.579008
28.7344,squat,face,0.014600,0.018936,0.856102,0.484231,0.393046,0.090622,0.161106,0.856102,0.014600,4,0.524927,0.512810,,0.770996,,rest,0,0,debug,0.006000,0.012000,0.232278,0.238281,2,0.523875,0.587295
28.7678,squat,face,0.013117,0.017191,0.847215,0.487543,0.401005,0.085898,0.152708,0.847215,0.013117,4,0.524064,0.519081,,0.774414,,rest,0,0,debug,0.006000,0.012000,0.224471,0.246338,2,0.529343,0.596764
28.8011,squat,face,0.012895,0.015902,0.834147,0.487294,0.406871,0.085167,0.151408,0.834147,0.012895,4,0.520879,0.514124,,0.731445,,rest,0,0,debug,0.006000,0.012000,0.216455,0.307861,2,0.533827,0.606898
28.8344,squat,face,0.010850,0.014386,0.819382,0.490327,0.413546,0.078122,0.138883,0.819382,0.010850,4,0.524449,0.510747,,0.703125,,rest,0,0,debug,0.006000,0.012000,0.182664,0.258057,2,0.537260,0.618093
28.8678,squat,face,0.010130,0.013109,0.826207,0.492386,0.415754,0.075485,0.134195,0.826207,0.010130,4,0.521074,0.514382,,0.673828,,rest,0,0,debug,0.006000,0.012000,0.179737,0.279297,2,0.541046,0.630403
28.9011,squat,face,0.009337,0.011978,0.843461,0.496406,0.422026,0.072472,0.128840,0.843461,0.009337,4,0.515324,0.512696,,0.529785,,rest,0,0,debug,0.006000,0.012000,0.166164,0.240967,2,0.543832,0.640582
28.9344,squat,face,0.008657,0.010981,0.875000,0.499678,0.431258,0.069780,0.124054,0.875000,0.008657,4,0.512462,0.509666,,0.379883,,rest,0,0,debug,0.006000,0.012000,0.158999,0.247559,2,0.547330,0.650561
28.9678,squat,face,0.007926,0.010065,0.890488,0.500704,0.436393,0.066771,0.118703,0.890488,0.007926,4,0.506713,0.506098,0.501300,0.685059,,rest,0,0,debug,0.006000,0.012000,0.169963,0.411133,2,0.550855,0.658757
29.0011,squat,face,0.006842,0.009098,0.880008,0.505268,0.439811,0.062038,0.110290,0.880008,0.006842,4,0.507199,0.507299,0.644907,0.665527,,rest,0,0,debug,0.006000,0.012000,0.178020,0.366455,2,0.554845,0.667281
29.0344,squat,face,0.006325,0.008266,0.855531,0.508460,0.443507,0.059645,0.106036,0.855531,0.006325,4,0.504205,0.501123,0.651085,0.664551,,rest,0,0,debug,0.006000,0.012000,0.174033,0.425049,2,0.557923,0.676233
29.0678,squat,face,0.006722,0.007803,0.835901,0.512378,0.441525,0.061491,0.109317,0.835901,0.006722,4,0.505993,0.491503,0.527307,0.761719,,rest,0,0,debug,0.006000,0.012000,0.168206,0.417725,2,0.559982,0.681476
29.1011,squat,face,0.007004,0.007563,0.889116,0.515140,0.442699,0.062767,0.111586,0.889116,0.007004,4,0.503319,0.483991,0.536869,0.765137,,rest,0,0,debug,0.006000,0.012000,0.160092,0.427734,2,0.560858,0.685905
29.1344,squat,face,0.006742,0.007317,0.854389,0.519868,0.447327,0.061580,0.109476,0.854389,0.006742,4,0.502186,0.479483,0.521312,0.775879,,rest,0,0,debug,0.006000,0.012000,0.151592,0.446533,2,0.560260,0.686757
29.1678,squat,face,0.006286,0.007007,0.798252,0.524286,0.447817,0.059463,0.105713,0.798252,0.006286,4,0.500840,0.475361,0.600336,0.754395,,rest,0,0,debug,0.006000,0.012000,0.151252,0.484619,2,0.558311,0.684637
29.2011,squat,face,0.006450,0.006840,0.850092,0.530000,0.451385,0.060233,0.107081,0.850092,0.006450,4,0.497450,0.474854,0.512190,0.750488,,rest,0,0,debug,0.006000,0.012000,0.152382,0.495850,2,0.556477,0.686890
29.2344,squat,face,0.006984,0.006883,0.828567,0.530478,0.450795,0.062676,0.111424,0.828567,0.006984,4,0.492918,0.463848,0.628814,0.759766,,rest,0,0,debug,0.006000,0.012000,0.139917,0.466797,2,0.551385,0.684363
29.2678,squat,face,0.006711,0.006831,0.794574,0.535169,0.451568,0.061440,0.109226,0.794574,0.006711,4,0.495056,0.465447,0.393207,0.739258,,rest,0,0,debug,0.006000,0.012000,0.144131,0.515625,2,0.545110,0.682465
29.3011,squat,face,0.006210,0.006645,0.760666,0.538543,0.458128,0.059101,0.105068,0.760666,0.006210,4,0.490249,0.468147,0.633248,0.772461,,rest,0,0,debug,0.006000,0.012000,0.140837,0.471191,2,0.537589,0.677657
29.3344,squat,face,0.007035,0.006762,0.798252,0.538446,0.455510,0.062907,0.111834,0.798252,0.007035,4,0.489814,0.466896,,0.836426,,rest,0,0,debug,0.006000,0.012000,0.141530,0.428467,2,0.531310,0.673397
29.3678,squat,face,0.006438,0.006665,0.842302,0.543932,0.457573,0.060176,0.106980,0.842302,0.006438,4,0.490094,0.470278,0.133160,0.842773,,rest,0,0,debug,0.006000,0.012000,0.140061,0.412598,2,0.526785,0.670097
29.4011,squat,face,0.007179,0.006819,0.860085,0.541385,0.458408,0.063548,0.112975,0.860085,0.007179,4,0.487449,0.470787,0.120467,0.805176,,rest,0,0,debug,0.006000,0.012000,0.139772,0.456055,2,0.523751,0.666021
29.4344,squat,face,0.006802,0.006814,0.858664,0.544482,0.457708,0.061855,0.109965,0.858664,0.006802,4,0.487265,0.473797,,0.797363,,rest,0,0,debug,0.006000,0.012000,0.137210,0.552246,2,0.521750,0.660798
29.4678,squat,face,0.006855,0.006826,0.862070,0.544430,0.460980,0.062095,0.110392,0.862070,0.006855,4,0.486483,0.471675,,0.788086,,rest,0,0,debug,0.006000,0.012000,0.135345,0.552246,2,0.519671,0.656681
29.5011,squat,face,0.006975,0.006871,0.862070,0.545359,0.459202,0.062639,0.111358,0.862070,0.006975,4,0.487075,0.472509,,0.809570,,rest,0,0,debug,0.006000,0.012000,0.136617,0.545410,2,0.517193,0.652505
29.5344,squat,face,0.006817,0.006855,0.872485,0.542598,0.464839,0.061925,0.110089,0.872485,0.006817,4,0.487735,0.471853,,0.826172,,rest,0,0,debug,0.006000,0.012000,0.135600,0.542969,2,0.514841,0.648902
29.5678,squat,face,0.006733,0.006818,0.871645,0.544178,0.462405,0.061543,0.109410,0.871645,0.006733,4,0.486821,0.471230,,0.839355,,rest,0,0,debug,0.006000,0.012000,0.136611,0.538574,2,0.512435,0.645453
29.6011,squat,face,0.007033,0.006883,0.874721,0.540718,0.462481,0.062896,0.111815,0.874721,0.007033,4,0.487355,0.471146,,0.851074,,rest,0,0,debug,0.006000,0.012000,0.142967,0.518066,2,0.510482,0.642765
29.6345,squat,face,0.006207,0.006680,0.808886,0.539181,0.461102,0.059090,0.105049,0.808886,0.006207,4,0.487546,0.471279,0.198671,0.817871,,rest,0,0,debug,0.006000,0.012000,0.144333,0.540527,2,0.509031,0.641197
29.6678,squat,face,0.006401,0.006596,0.825911,0.535936,0.461346,0.060003,0.106671,0.825911,0.006401,4,0.488194,0.470948,0.444653,0.794434,,rest,0,0,debug,0.006000,0.012000,0.145769,0.540527,2,0.508222,0.641342
29.7011,squat,face,0.006245,0.006491,0.843461,0.533271,0.463107,0.059270,0.105369,0.843461,0.006245,4,0.488314,0.475505,,0.796875,,rest,0,0,debug,0.006000,0.012000,0.153576,0.534668,2,0.507172,0.636888
29.7345,squat,face,0.005638,0.006235,0.861220,0.532100,0.464983,0.056316,0.100117,0.861220,0.005638,4,0.491866,0.473792,0.146075,0.841309,,rest,0,0,debug,0.006000,0.012000,0.154213,0.537598,2,0.506856,0.633533
29.7678,squat,face,0.005993,0.006162,0.781875,0.525891,0.456134,0.058059,0.103216,0.781875,0.005993,4,0.493803,0.472892,0.425449,0.799316,,rest,0,0,debug,0.006000,0.012000,0.155002,0.504883,2,0.506957,0.630088
29.8011,squat,face,0.005949,0.006098,0.815799,0.521622,0.455789,0.057846,0.102837,0.815799,0.005949,4,0.494263,0.479392,,0.822754,,rest,0,0,debug,0.006000,0.012000,0.155962,0.565918,2,0.506968,0.626052
29.8345,squat,face,0.005203,0.005830,0.780937,0.517088,0.455194,0.054099,0.096177,0.780937,0.005203,4,0.496239,0.474800,,0.764648,,rest,0,0,debug,0.006000,0.012000,0.160198,0.552246,2,0.506932,0.618382
29.8678,squat,face,0.005846,0.005834,0.846639,0.509473,0.451335,0.057342,0.101941,0.846639,0.005846,4,0.497919,0.471694,,0.759766,,rest,0,0,debug,0.006000,0.012000,0.159724,0.535156,2,0.506839,0.608462
29.9011,squat,face,0.005960,0.005872,0.847215,0.499166,0.447922,0.057902,0.102937,0.847215,0.005960,4,0.499502,0.464130,0.643641,0.759766,,rest,0,0,debug,0.006000,0.012000,0.150430,0.445801,2,0.506955,0.597948
29.9345,squat,face,0.006746,0.006134,0.859233,0.489299,0.442457,0.061599,0.109509,0.859233,0.006746,4,0.501760,0.472408,0.637533,0.742188,,rest,0,0,debug,0.006000,0.012000,0.154613,0.379395,2,0.506401,0.585571
29.9678,squat,face,0.007116,0.006429,0.879731,0.480726,0.436403,0.063267,0.112475,0.879731,0.007116,4,0.507881,0.490667,0.553095,0.798340,,rest,0,0,debug,0.006000,0.012000,0.171902,0.481445,2,0.505709,0.575724
30.0011,squat,face,0.008258,0.006977,0.883054,0.472409,0.429943,0.068155,0.121164,0.883054,0.008258,4,0.512147,0.492028,0.518911,0.817871,,rest,0,0,debug,0.006000,0.012000,0.181800,0.614258,2,0.504693,0.569836
30.0345,squat,face,0.008886,0.007550,0.809791,0.467070,0.420948,0.070700,0.125688,0.809791,0.008886,4,0.519714,0.496174,0.526318,0.747070,,rest,0,0,debug,0.006000,0.012000,0.179693,0.591797,2,0.502329,0.563846
30.0678,squat,face,0.009368,0.008095,0.866589,0.458778,0.415265,0.072590,0.129048,0.866589,0.009368,4,0.525539,0.505005,0.548104,0.791992,,rest,0,0,debug,0.006000,0.012000,0.186499,0.528809,2,0.500533,0.559219
30.1011,squat,face,0.010935,0.008947,0.864615,0.451413,0.403989,0.078429,0.139430,0.864615,0.010935,4,0.529752,0.502054,0.559519,0.836426,,rest,0,0,debug,0.006000,0.012000,0.196071,0.529785,2,0.497736,0.553761
30.1345,squat,face,0.012230,0.009932,0.899490,0.444618,0.395380,0.082941,0.147450,0.899490,0.012230,4,0.534208,0.508377,0.551300,0.796387,,rest,0,0,debug,0.006000,0.012000,0.206586,0.576172,2,0.494927,0.548442
30.1678,squat,face,0.013647,0.011046,0.896499,0.440997,0.387813,0.087614,0.155758,0.896499,0.013647,4,0.543334,0.517097,0.548885,0.745117,,rest,0,0,debug,0.006000,0.012000,0.216244,0.463135,2,0.492489,0.543202
30.2011,squat,face,0.016144,0.012576,0.870524,0.435623,0.375921,0.095295,0.169414,0.870524,0.016144,4,0.543973,0.525301,0.651368,0.735352,,rest,0,0,debug,0.006000,0.012000,0.217745,0.446533,2,0.491034,0.539389
30.2345,squat,face,0.017178,0.013956,0.900575,0.433250,0.367415,0.098299,0.174754,0.900575,0.017178,4,0.548236,0.530885,,0.752441,,rest,0,0,debug,0.006000,0.012000,0.232725,0.485596,2,0.490722,0.536267
30.2678,squat,face,0.018679,0.015373,0.904632,0.433089,0.356524,0.102503,0.182227,0.904632,0.018679,4,0.550981,0.537233,0.313492,0.757812,,rest,0,0,debug,0.006000,0.012000,0.225217,0.451416,2,0.492326,0.532647
30.3011,squat,face,0.020607,0.016943,0.897588,0.430872,0.345705,0.107664,0.191403,0.897588,0.020607,4,0.562275,0.537982,,0.717773,,rest,0,0,debug,0.006000,0.012000,0.236885,0.421143,2,0.495937,0.530420
30.3345,squat,face,0.023336,0.018861,0.900033,0.428453,0.335859,0.114572,0.203683,0.900033,0.023336,4,0.569126,0.542903,,0.717773,,rest,0,0,debug,0.006000,0.012000,0.240839,0.395996,2,0.497888,0.527844
30.3678,squat,face,0.025713,0.020917,0.912960,0.425486,0.322104,0.120266,0.213806,0.912960,0.025713,4,0.578205,0.547115,0.324318,0.720215,,rest,0,0,debug,0.006000,0.012000,0.251165,0.372314,2,0.496177,0.524436
30.4011,squat,face,0.027816,0.022987,0.905981,0.425712,0.313023,0.125086,0.222375,0.905981,0.027816,4,0.579736,0.549875,,0.738281,,rest,0,0,debug,0.006000,0.012000,0.258150,0.409668,2,0.494247,0.521039
30.4345,squat,face,0.029161,0.024839,0.878620,0.424796,0.304830,0.128075,0.227689,0.878620,0.029161,4,0.584538,0.554528,,0.721680,,rest,0,0,debug,0.006000,0.012000,0.258893,0.405518,2,0.493389,0.517905
30.4678,squat,face,0.031657,0.026885,0.879175,0.423098,0.296137,0.133444,0.237234,0.879175,0.031657,4,0.594348,0.560201,,0.751465,,rest,0,0,debug,0.006000,0.012000,0.262451,0.342773,2,0.490914,0.516757
30.5011,squat,face,0.028887,0.027485,0.890214,0.425472,0.287771,0.127471,0.226616,0.890214,0.028887,4,0.604325,0.577440,,0.718262,,rest,0,0,debug,0.006000,0.012000,0.282223,0.298340,2,0.492170,0.529016
30.5345,squat,face,0.035214,0.029804,0.907596,0.416522,0.238943,0.140740,0.250205,0.907596,0.035214,4,0.643486,0.585286,,0.796387,,rest,0,0,debug,0.006000,0.012000,0.269034,0.329102,2,0.484118,0.522029
30.5678,squat,face,0.037175,0.032015,0.897860,0.416749,0.235377,0.144606,0.257077,0.897860,0.037175,4,0.643209,0.588517,,0.788574,,rest,0,0,debug,0.006000,0.012000,0.271504,0.324463,2,0.482834,0.518417
30.6012,squat,face,0.037686,0.033716,0.889939,0.415517,0.235472,0.145597,0.258839,0.889939,0.037686,4,0.644032,0.593783,,0.768066,,rest,0,0,debug,0.006000,0.012000,0.273548,0.339844,2,0.485810,0.521161
30.6345,squat,face,0.039386,0.035417,0.904902,0.418176,0.243699,0.148845,0.264613,0.904902,0.039386,4,0.630232,0.583867,,0.737305,,rest,0,0,debug,0.006000,0.012000,0.277771,0.237549,2,0.486886,0.514844
30.6678,squat,face,0.041139,0.037134,0.902741,0.416941,0.237685,0.152120,0.270436,0.902741,0.041139,4,0.630165,0.585535,,0.736328,,rest,0,0,debug,0.006000,0.012000,0.278145,0.257080,2,0.487944,0.516648
30.7012,squat,face,0.040766,0.038223,0.892131,0.416345,0.235505,0.151429,0.269207,0.892131,0.040766,4,0.630669,0.577850,,0.738770,,rest,0,0,debug,0.006000,0.012000,0.282803,0.239746,2,0.488807,0.517835
30.7345,squat,face,0.041595,0.039235,0.887192,0.415232,0.234322,0.152962,0.271932,0.887192,0.041595,4,0.629884,0.576552,,0.733398,,rest,0,0,debug,0.006000,0.012000,0.279787,0.257812,2,0.489521,0.518295
30.7678,squat,face,0.039988,0.039461,0.898947,0.414688,0.238053,0.149977,0.266625,0.898947,0.039988,4,0.631610,0.579105,,0.732910,,rest,0,0,debug,0.006000,0.012000,0.286177,0.239746,2,0.490449,0.518713
30.8012,squat,face,0.042233,0.040292,0.900304,0.411709,0.234566,0.154130,0.274010,0.900304,0.042233,4,0.630936,0.579758,,0.757324,,rest,0,0,debug,0.006000,0.012000,0.289771,0.210693,2,0.492137,0.520065
30.8345,squat,face,0.042803,0.041046,0.899490,0.411120,0.230974,0.155166,0.275851,0.899490,0.042803,4,0.632210,0.576691,,0.744629,,rest,0,0,debug,0.006000,0.012000,0.285509,0.207031,2,0.493215,0.521630
30.8678,squat,face,0.042822,0.041578,0.901929,0.409608,0.232901,0.155200,0.275911,0.901929,0.042822,4,0.632995,0.579163,,0.746094,,rest,0,0,debug,0.006000,0.012000,0.283537,0.221436,2,0.494596,0.523338
