t,exercise,source,raw,smoothed,confidence,face_x,face_y,face_w,face_h,face_conf,face_area,orientation,pose_nose_y,pose_shoulder_y,pose_hip_y,pose_conf,event,phase,armed,rep_count,state,low,high,pose_shoulder_w,pose_shoulder_conf,pose_orientation,luma_mean,luma_center,depth_valid,depth_p05,depth_p10,depth_median,depth_center,depth_age,depth_g0,depth_g1,depth_g2,depth_g3,depth_g4,depth_g5,depth_g6,depth_g7,depth_g8
0.0000,pushUp,face,0.068240,0.067906,0.914029,0.203426,0.322725,0.348304,0.195921,0.914029,0.068240,5,,,,,,rest,1,0,debug,0.094581,0.245758,,,,0.670623,0.626337,0.935417,0.425249,0.440998,0.989371,1.546818,0.0000,0.925022,1.715243,0.455111,1.039594,0.545841,0.462511,1.186558,2.092999,1.976825
0.0333,pushUp,face,0.067805,0.067876,0.914029,0.203062,0.322439,0.347191,0.195295,0.914029,0.067805,5,,,,,,rest,1,0,debug,0.094581,0.245758,,,,0.670624,0.626534,0.936181,0.425249,0.439485,0.989371,1.546818,-0.0333,0.925022,1.693958,0.456734,1.039594,0.541512,0.464188,1.186558,2.092999,1.948620
0.0667,pushUp,face,0.067458,0.067750,0.915364,0.204460,0.323763,0.346304,0.194796,0.915364,0.067458,5,,,,,,rest,1,0,debug,0.094581,0.245758,,,,0.670153,0.626248,0.936597,0.425249,0.439485,0.981783,1.546818,-0.0333,0.925022,1.693958,0.456734,1.039594,0.543811,0.460846,1.186558,2.092999,1.923004
0.1000,pushUp,face,0.066628,0.067414,0.913762,0.204051,0.322905,0.344166,0.193593,0.913762,0.066628,5,,,,,,rest,1,0,debug,0.094581,0.245758,,,,0.669287,0.625029,0.936944,0.425249,0.439485,0.981783,1.546818,-0.0333,0.925022,1.693958,0.457961,1.039594,0.541512,0.462511,1.186558,2.092999,1.898054
0.1333,pushUp,face,0.066038,0.067001,0.899761,0.207497,0.324712,0.342638,0.192734,0.899761,0.066038,5,,,,,,rest,1,0,debug,0.094581,0.245758,,,,0.668832,0.624479,0.937847,0.425249,0.439485,0.975238,1.530643,-0.0333,0.918383,1.715243,0.456734,1.039594,0.537532,0.460846,1.177010,2.092999,0.562946
0.1667,pushUp,face,0.065598,0.066580,0.912157,0.210803,0.324292,0.341496,0.192091,0.912157,0.065598,5,,,,,,rest,1,0,debug,0.094581,0.245758,,,,0.668709,0.624408,0.938333,0.423839,0.439485,0.962404,1.482979,-0.0667,0.918383,1.693958,0.456734,1.039594,0.535565,0.459605,1.196261,2.092999,0.503441
0.2333,pushUp,face,0.066417,0.066497,0.917229,0.221624,0.322231,0.343620,0.193287,0.917229,0.066417,5,,,,,,rest,1,0,debug,0.094581,0.245758,,,,0.668394,0.622376,0.938194,0.423839,0.439485,0.962404,1.468100,-0.0333,0.925022,1.715243,0.456734,1.039594,0.533611,0.459605,1.186558,2.092999,0.492781
0.2667,pushUp,face,0.066927,0.066626,0.898132,0.226026,0.321842,0.344937,0.194027,0.898132,0.066927,5,,,,,,rest,1,0,debug,0.094581,0.245758,,,,0.668437,0.620939,0.938472,0.423839,0.439485,0.949027,1.438202,-0.0333,0.925022,1.715243,0.455111,1.039594,0.531396,0.457961,1.196261,2.092999,0.486228
0.3000,pushUp,face,0.065947,0.066422,0.902741,0.235520,0.324029,0.342403,0.192601,0.902741,0.065947,5,,,,,,rest,1,0,debug,0.094581,0.245758,,,,0.668248,0.619224,0.939306,0.422791,0.439485,0.936869,1.409497,-0.0333,0.918383,1.735592,0.455111,1.039594,0.529473,0.459605,1.186558,2.092999,0.481202
0.3333,pushUp,face,0.067508,0.066748,0.924387,0.243120,0.323407,0.346431,0.194867,0.924387,0.067508,5,,,,,,rest,1,0,debug,0.094581,0.245758,,,,0.667655,0.615321,0.939028,0.422791,0.439485,0.930907,1.381916,-0.0333,0.918383,1.735592,0.453498,1.039594,0.523785,0.457961,1.177010,2.092999,0.476279
0.3667,pushUp,face,0.066177,0.066577,0.910014,0.250936,0.326856,0.342998,0.192937,0.910014,0.066177,5,,,,,,rest,1,0,debug,0.094581,0.245758,,,,0.666478,0.610691,0.939722,0.421399,0.439485,0.918383,1.342950,-0.0333,0.918383,1.735592,0.453498,1.039594,0.521650,0.456734,1.186558,2.092999,0.476279
0.4334,pushUp,face,0.066994,0.066790,0.919356,0.262208,0.330073,0.345109,0.194124,0.919356,0.066994,5,,,,,,rest,1,0,debug,0.094581,0.245758,,,,0.664790,0.602458,0.939653,0.420361,0.436860,0.901407,1.260303,-0.0333,0.918383,1.756431,0.453498,1.039594,0.516129,0.455111,1.186558,2.092999,0.471889
0.4667,pushUp,face,0.064069,0.065973,0.900575,0.272437,0.335638,0.337491,0.189838,0.900575,0.064069,5,,,,,,rest,1,0,debug,0.094581,0.245758,,,,0.664271,0.599687,0.939097,0.418985,0.436860,0.890435,1.216872,-0.0333,0.918383,1.756431,0.453498,1.039594,0.516129,0.453498,1.186558,2.092999,0.473197
0.5000,pushUp,face,0.063994,0.065380,0.908403,0.276391,0.337741,0.337294,0.189728,0.908403,0.063994,5,,,,,,rest,1,0,debug,0.094581,0.245758,,,,0.663645,0.595576,0.938750,0.417618,0.436860,0.884283,0.574313,-0.0333,0.918383,1.756431,0.452294,1.039594,0.512511,0.452294,1.186558,2.092999,0.470156
0.5334,pushUp,face,0.065056,0.065282,0.908671,0.281845,0.337911,0.340080,0.191295,0.908671,0.065056,5,,,,,,rest,1,0,debug,0.094581,0.245758,,,,0.662741,0.592607,0.938611,0.417618,0.436860,0.884283,0.556522,-0.0333,0.918383,1.756431,0.453498,1.039594,0.508692,0.452294,1.186558,2.092999,0.471889
0.6000,pushUp,face,0.065467,0.065376,0.926498,0.295281,0.339254,0.341153,0.191899,0.926498,0.065467,5,,,,,,rest,1,0,debug,0.094581,0.245758,,,,0.661714,0.587611,0.938264,0.417618,0.436860,0.890435,0.547885,-0.0333,0.918383,1.756431,0.453498,1.039594,0.505179,0.450704,1.186558,2.092999,0.471889
0.6334,pushUp,face,0.066255,0.065640,0.898947,0.299230,0.339688,0.343200,0.193050,0.898947,0.066255,5,,,,,,rest,1,0,debug,0.094581,0.245758,,,,0.661749,0.587288,0.938403,0.416598,0.436860,0.890435,0.545841,-0.0333,0.918383,1.756431,0.455111,1.039594,0.505179,0.447944,1.186558,2.092999,0.474953
0.6667,pushUp,face,0.068167,0.066398,0.909477,0.302202,0.335819,0.348117,0.195816,0.909477,0.068167,5,,,,,,rest,1,0,debug,0.094581,0.245758,,,,0.661749,0.586544,0.937847,0.416598,0.436860,0.890435,0.543811,-0.0333,0.918383,1.756431,0.457961,1.031738,0.503441,0.449516,1.186558,2.092999,0.473197
0.7000,pushUp,face,0.068026,0.066886,0.913227,0.303786,0.335296,0.347757,0.195613,0.913227,0.068026,5,,,,,,rest,1,0,debug,0.094581,0.245758,,,,0.661269,0.585134,0.937708,0.417618,0.436860,0.890435,0.543811,-0.0333,0.918383,1.756431,0.457961,1.039594,0.503441,0.449516,1.186558,2.092999,0.471889
0.7667,pushUp,face,0.066937,0.066912,0.928867,0.305130,0.342525,0.344961,0.194041,0.928867,0.066937,5,,,,,,rest,1,0,debug,0.094581,0.245758,,,,0.659759,0.584048,0.937569,0.417618,0.436860,0.884283,0.541512,-0.0333,0.925022,1.756431,0.457961,1.039594,0.503441,0.447944,1.186558,2.092999,0.473197
0.8000,pushUp,face,0.066889,0.066905,0.898404,0.306271,0.346148,0.344839,0.193972,0.898404,0.066889,5,,,,,,rest,1,0,debug,0.094581,0.245758,,,,0.658698,0.581904,0.937431,0.417618,0.436860,0.878970,0.539515,-0.0333,0.918383,1.756431,0.457961,1.039594,0.505179,0.446382,1.196261,2.092999,0.473197
0.8334,pushUp,face,0.065134,0.066374,0.920948,0.305523,0.350980,0.340286,0.191411,0.920948,0.065134,5,,,,,,rest,1,0,debug,0.094581,0.245758,,,,0.658066,0.581216,0.938333,0.418985,0.438354,0.878970,0.537532,-0.0333,0.918383,1.756431,0.459605,1.039594,0.503441,0.445217,1.196261,2.092999,0.473197
0.8667,pushUp,face,0.066001,0.066262,0.922537,0.306817,0.351510,0.342543,0.192680,0.922537,0.066001,5,,,,,,rest,1,0,debug,0.094581,0.245758,,,,0.657025,0.579161,0.938264,0.420361,0.438354,0.873720,0.539515,-0.0333,0.925022,1.756431,0.457961,1.039594,0.503441,0.445217,1.196261,2.092999,0.473197
0.9334,pushUp,face,0.064682,0.065456,0.921478,0.310003,0.355282,0.339102,0.190745,0.921478,0.064682,5,0.539490,0.485638,,0.626465,,rest,1,0,debug,0.094581,0.245758,0.373474,0.225098,2,0.655459,0.576761,0.937569,0.420361,0.438354,0.873720,0.539515,0.0000,0.918383,1.756431,0.459605,1.039594,0.505179,0.446382,1.196261,2.092999,0.473197
0.9667,pushUp,face,0.065316,0.065414,0.923330,0.309435,0.353567,0.340759,0.191677,0.923330,0.065316,5,0.538607,0.486123,,0.641113,,rest,1,0,debug,0.094581,0.245758,0.375936,0.241699,2,0.655671,0.577947,0.937500,0.420361,0.438354,0.878970,0.541512,0.0000,0.918383,1.756431,0.459605,1.039594,0.506928,0.446382,1.196261,2.092999,0.474953
1.0000,pushUp,face,0.065054,0.065306,0.924652,0.310173,0.352518,0.340075,0.191292,0.924652,0.065054,5,0.536777,0.486595,,0.670410,,rest,1,0,debug,0.094581,0.245758,0.372982,0.197266,2,0.656062,0.578653,0.937986,0.420361,0.438354,0.878970,0.543811,0.0000,0.918383,1.756431,0.460846,1.039594,0.508692,0.446382,1.196261,2.092999,0.474953
1.0334,pushUp,face,0.065317,0.065309,0.924387,0.311346,0.350311,0.340764,0.191680,0.924387,0.065317,5,,,,,,rest,1,0,debug,0.094581,0.245758,,,,0.656628,0.580392,0.937639,0.421399,0.439485,0.890435,0.545841,-0.0333,0.918383,1.756431,0.460846,1.039594,0.508692,0.447944,1.196261,2.092999,0.476279
1.0667,pushUp,face,0.063947,0.064901,0.907327,0.314633,0.347424,0.337169,0.189658,0.907327,0.063947,5,,,,,,rest,1,0,debug,0.094581,0.245758,,,,0.657331,0.583352,0.937986,0.422791,0.440998,0.895888,0.552021,-0.0333,0.918383,1.756431,0.462511,1.039594,0.510468,0.449516,1.186558,2.092999,0.476279
1.1000,pushUp,face,0.064852,0.064886,0.936458,0.314124,0.342773,0.339548,0.190996,0.936458,0.064852,5,,,,,,rest,1,0,debug,0.094581,0.245758,,,,0.657883,0.585900,0.937986,0.423839,0.440998,0.912656,0.556522,-0.0333,0.925022,1.756431,0.460846,1.039594,0.512511,0.452294,1.196261,2.092999,0.476279
1.1334,pushUp,face,0.064378,0.064734,0.918293,0.315035,0.338389,0.338304,0.190296,0.918293,0.064378,5,,,,,,rest,1,0,debug,0.094581,0.245758,,,,0.658371,0.589442,0.938750,0.426665,0.445217,0.936869,1.238210,-0.0667,0.918383,1.756431,0.464188,1.039594,0.517956,0.456734,1.196261,2.092999,0.478057
1.2001,pushUp,face,0.065264,0.065004,0.924916,0.308926,0.326568,0.340625,0.191601,0.924916,0.065264,5,,,,,,rest,1,0,debug,0.094581,0.245758,,,,0.658700,0.595397,0.939514,0.429170,0.447944,0.942910,1.294562,-0.0333,0.918383,1.756431,0.465454,1.039594,0.523785,0.460846,1.186558,2.092999,0.481202
1.2334,pushUp,face,0.063418,0.064528,0.903822,0.308440,0.322401,0.335773,0.188873,0.903822,0.063418,5,,,,,,rest,1,0,debug,0.094581,0.245758,,,,0.659028,0.599654,0.938750,0.433164,0.450704,0.949027,1.317888,-0.0333,0.918383,1.756431,0.465454,1.039594,0.531396,0.467149,1.196261,2.092999,0.481202
1.2667,pushUp,face,0.063102,0.064100,0.912693,0.304190,0.319889,0.334934,0.188400,0.912693,0.063102,5,,,,,,rest,1,0,debug,0.094581,0.245758,,,,0.658671,0.602366,0.939028,0.436860,0.457961,0.956115,1.342950,-0.0667,0.925022,1.756431,0.467149,1.039594,0.541512,0.474953,1.196261,2.092999,0.491363
1.3334,pushUp,face,0.061451,0.062749,0.922272,0.302297,0.317595,0.330524,0.185920,0.922272,0.061451,5,0.461848,0.479135,,0.570801,,rest,1,0,debug,0.094581,0.245758,0.317857,0.184814,4,0.656936,0.605035,0.939028,0.438354,0.457961,0.956115,1.356291,-0.0333,0.918383,1.756431,0.465454,1.039594,0.541512,0.476279,1.196261,2.092999,0.492781
1.3667,pushUp,face,0.060720,0.062140,0.931229,0.298754,0.321516,0.328553,0.184811,0.931229,0.060720,5,0.460629,0.527396,,0.597168,,rest,1,0,debug,0.094581,0.245758,0.375021,0.161133,4,0.656263,0.604618,0.939097,0.436860,0.456734,0.942910,1.342950,-0.0333,0.918383,1.756431,0.464188,1.039594,0.539515,0.474953,1.186558,2.092999,0.492781
1.4001,pushUp,face,0.060861,0.061757,0.933586,0.295609,0.322016,0.328935,0.185026,0.933586,0.060861,5,,,,,,rest,1,0,debug,0.094581,0.245758,,,,0.655256,0.602591,0.939097,0.435743,0.455111,0.942910,1.330733,-0.0333,0.918383,1.756431,0.464188,1.039594,0.539515,0.473197,1.196261,2.092999,0.489484
1.4334,pushUp,face,0.060596,0.061409,0.914296,0.292898,0.323981,0.328218,0.184622,0.914296,0.060596,5,0.455413,0.449073,,0.488037,,rest,1,0,debug,0.094581,0.245758,0.305548,0.137695,4,0.654678,0.600742,0.938958,0.434266,0.453498,0.936869,1.306121,-0.0333,0.918383,1.756431,0.464188,1.039594,0.535565,0.470156,1.206836,2.092999,0.487619
1.4667,pushUp,face,0.060622,0.061173,0.892405,0.284224,0.326980,0.328288,0.184662,0.892405,0.060622,5,0.450375,0.497137,,0.619629,,rest,1,0,debug,0.094581,0.245758,0.367080,0.128662,4,0.653715,0.597790,0.938958,0.434266,0.453498,0.936869,1.306121,0.0000,0.918383,1.756431,0.464188,1.039594,0.535565,0.470156,1.206836,2.092999,0.487619
1.5001,pushUp,face,0.062378,0.061534,0.904362,0.280539,0.328815,0.333008,0.187317,0.904362,0.062378,5,0.452830,0.446667,,0.492432,,rest,1,0,debug,0.094581,0.245758,0.309126,0.142578,4,0.652502,0.594532,0.938472,0.431703,0.450704,0.930907,1.271256,0.0000,0.918383,1.735592,0.459605,1.039594,0.533611,0.468435,1.196261,2.092999,0.486228
1.5334,pushUp,face,0.061768,0.061604,0.905172,0.283201,0.332237,0.331375,0.186398,0.905172,0.061768,5,,,,,,rest,1,0,debug,0.094581,0.245758,,,,0.651786,0.591722,0.938889,0.429170,0.446382,0.918383,1.238210,-0.0333,0.918383,1.735592,0.457961,1.039594,0.529473,0.465454,1.196261,2.092999,0.483018
1.5667,pushUp,face,0.063351,0.062128,0.916696,0.281461,0.333098,0.335594,0.188772,0.916696,0.063351,5,,,,,,rest,1,0,debug,0.094581,0.245758,,,,0.651370,0.589164,0.938472,0.427736,0.445217,0.912656,0.586148,-0.0333,0.918383,1.735592,0.456734,1.039594,0.527563,0.464188,1.196261,2.092999,0.479849
1.6001,pushUp,face,0.062779,0.062323,0.904902,0.286631,0.338487,0.334076,0.187917,0.904902,0.062779,5,,,,,,rest,1,0,debug,0.094581,0.245758,,,,0.651019,0.587443,0.938264,0.426665,0.443674,0.906997,0.579184,-0.0333,0.918383,1.735592,0.455111,1.039594,0.525667,0.462511,1.196261,2.092999,0.476279
1.6334,pushUp,face,0.062374,0.062339,0.920948,0.288006,0.343529,0.332998,0.187311,0.920948,0.062374,5,,,,,,rest,1,0,debug,0.094581,0.245758,,,,0.650686,0.585286,0.938750,0.425249,0.442524,0.895888,0.569838,-0.0333,0.918383,1.756431,0.456734,1.039594,0.525667,0.460846,1.196261,2.092999,0.478057
1.7001,pushUp,face,0.062074,0.062204,0.905711,0.295960,0.349253,0.332196,0.186860,0.905711,0.062074,5,,,,,,rest,1,0,debug,0.094581,0.245758,,,,0.650750,0.582186,0.937708,0.422791,0.439485,0.884283,0.558647,-0.0333,0.918383,1.756431,0.455111,1.039594,0.521650,0.456734,1.196261,2.092999,0.474953
1.7334,pushUp,face,0.061726,0.062060,0.923595,0.300249,0.354026,0.331263,0.186336,0.923595,0.061726,5,,,,,,rest,1,0,debug,0.094581,0.245758,,,,0.651044,0.581491,0.938125,0.421399,0.438354,0.884283,0.554109,-0.0333,0.918383,1.756431,0.453498,1.039594,0.519797,0.453498,1.206836,2.092999,0.473197
1.7667,pushUp,face,0.063417,0.062467,0.920152,0.301310,0.355183,0.335769,0.188870,0.920152,0.063417,5,,,,,,rest,1,0,debug,0.094581,0.245758,,,,0.650939,0.579502,0.937847,0.418985,0.435743,0.878970,0.549945,-0.0333,0.912656,1.756431,0.452294,1.047035,0.516129,0.449516,1.186558,2.092999,0.470156
1.8001,pushUp,face,0.062912,0.062601,0.901388,0.302125,0.358824,0.334430,0.188117,0.901388,0.062912,5,,,,,,rest,1,0,debug,0.094581,0.245758,,,,0.650461,0.576821,0.937917,0.415247,0.431703,0.868532,0.541512,-0.0333,0.918383,1.756431,0.449516,1.039594,0.510468,0.445217,1.196261,2.092999,0.467149
1.8667,pushUp,face,0.064881,0.063764,0.908671,0.302005,0.364380,0.339624,0.191039,0.908671,0.064881,5,,,,,,rest,1,0,debug,0.094581,0.245758,,,,0.647717,0.568370,0.937500,0.402516,0.422791,0.847677,0.523785,-0.0333,0.912656,1.756431,0.438354,1.039594,0.492781,0.433164,1.196261,2.092999,0.456734
1.9001,pushUp,face,0.066349,0.064540,0.921213,0.302201,0.367855,0.343445,0.193188,0.921213,0.066349,5,,,,,,rest,1,0,debug,0.094581,0.245758,,,,0.645422,0.561431,0.937014,0.394757,0.414236,0.827806,0.512511,-0.0333,0.918383,1.756431,0.431703,1.039594,0.483018,0.425249,1.196261,2.092999,0.447944
1.9334,pushUp,face,0.067435,0.065408,0.888292,0.300630,0.372221,0.346244,0.194762,0.888292,0.067435,5,,,,,,rest,1,0,debug,0.094581,0.245758,,,,0.642368,0.553288,0.936250,0.386123,0.403467,0.813990,0.496122,-0.0333,0.918383,1.756431,0.422791,1.047035,0.470156,0.414236,1.196261,2.092999,0.439485
1.9668,pushUp,face,0.070946,0.067070,0.924652,0.295481,0.375033,0.355144,0.199768,0.924652,0.070946,5,,,,,,rest,1,0,debug,0.094581,0.245758,,,,0.638708,0.542835,0.936736,0.375918,0.393543,0.787087,0.483018,-0.0333,0.918383,1.756431,0.414236,1.031738,0.457961,0.403467,1.196261,2.092999,0.431703
2.0334,pushUp,face,0.077952,0.072620,0.925707,0.288557,0.382078,0.372264,0.209398,0.925707,0.077952,5,,,,,,rest,1,0,debug,0.094581,0.245758,,,,0.628819,0.513522,0.937639,0.354325,0.369142,0.726757,0.447944,-0.0333,0.918383,1.735592,0.391436,0.996105,0.427736,0.379820,1.206836,2.092999,0.406995
2.0668,pushUp,face,0.085617,0.076519,0.893499,0.283739,0.383556,0.390139,0.219453,0.893499,0.085617,5,,,,,,rest,1,0,debug,0.094581,0.245758,,,,0.623223,0.493698,0.937361,0.340879,0.356050,0.678145,0.427736,-0.0333,0.918383,1.735592,0.374817,0.949027,0.408293,0.366237,1.196261,2.062437,0.393543
2.1001,pushUp,face,0.090096,0.080592,0.914296,0.277515,0.389918,0.400214,0.225121,0.914296,0.090096,5,,,,,,rest,1,0,debug,0.094581,0.245758,,,,0.616116,0.469358,0.936111,0.328205,0.340879,0.460846,0.404743,-0.0333,0.906997,1.735592,0.359802,0.895888,0.389353,0.352617,1.186558,2.062437,0.379820
2.1334,pushUp,face,0.103962,0.087604,0.909209,0.268560,0.389672,0.429908,0.241823,0.909209,0.103962,5,,,,,,rest,1,0,debug,0.094581,0.245758,,,,0.607926,0.441090,0.934444,0.296812,0.310303,0.395672,0.364413,-0.0667,0.884283,1.715243,0.325907,0.804399,0.348299,0.318804,1.166951,2.032753,0.348299
2.2001,pushUp,face,0.122675,0.105490,0.887192,0.251778,0.404710,0.466999,0.262687,0.887192,0.122675,5,,,,,,leaving,1,0,debug,0.094581,0.245758,,,,0.587524,0.378096,0.932917,0.281010,0.293074,0.371821,0.344086,-0.0333,0.863406,1.715243,0.310303,0.757393,0.325907,0.301887,1.139041,2.032753,0.329049
2.2334,pushUp,face,0.135642,0.114536,0.869682,0.239869,0.413487,0.491062,0.276222,0.869682,0.135642,5,,,,,,leaving,1,0,debug,0.094581,0.245758,,,,0.575605,0.358486,0.931250,0.265285,0.277657,0.350924,0.324461,-0.0333,0.837971,1.693958,0.294931,0.698021,0.304399,0.285554,1.112438,2.003906,0.309740
2.2668,pushUp,face,0.142707,0.122988,0.839399,0.228990,0.430332,0.503687,0.283324,0.839399,0.142707,5,,,,,,leaving,1,0,debug,0.094581,0.245758,,,,0.564186,0.352544,0.929653,0.251721,0.262429,0.329683,0.306403,-0.0333,0.809485,1.655612,0.281010,0.336840,0.283812,0.270327,1.062792,1.976825,0.292571
2.3334,pushUp,face,0.166466,0.145162,0.833561,0.210158,0.461504,0.544003,0.306002,0.833561,0.166466,5,,,,,,leaving,1,0,debug,0.094581,0.245758,,,,0.539228,0.343064,0.924931,0.223972,0.232727,0.287802,0.270327,-0.0333,0.730385,0.353591,0.251226,0.289592,0.246866,0.241055,0.968780,1.139041,0.261892
2.3668,pushUp,face,0.176597,0.154593,0.832975,0.203484,0.481135,0.560312,0.315176,0.832975,0.176597,5,,,,,,leaving,1,0,debug,0.094581,0.245758,,,,0.525214,0.336390,0.921875,0.211396,0.218803,0.267363,0.250857,-0.0333,0.684949,0.324461,0.239029,0.264873,0.229802,0.227556,0.895888,0.313725,0.247822
2.4001,pushUp,face,0.202409,0.168938,0.832682,0.181842,0.491897,0.599865,0.337424,0.832682,0.202409,5,,,,,,leaving,1,0,debug,0.094581,0.245758,,,,0.506712,0.331224,0.918472,0.198912,0.204636,0.249026,0.232094,-0.0333,0.287802,0.291904,0.223972,0.246153,0.213689,0.214585,0.823150,0.286033,0.232516
2.4334,pushUp,face,0.235827,0.189006,0.797947,0.154453,0.494996,0.647493,0.364215,0.797947,0.235827,5,,,,,,leaving,1,0,debug,0.094581,0.245758,,,,0.487763,0.329764,0.915417,0.186181,0.190476,0.231674,0.213868,-0.0333,0.265285,0.268766,0.211396,0.228775,0.198142,0.200313,0.278866,0.267363,0.216765
2.5001,pushUp,face,0.291781,0.241423,0.778746,0.133383,0.526677,0.720223,0.405126,0.778746,0.291781,5,,,,,,leaving,1,0,debug,0.094581,0.245758,,,,0.455341,0.329743,0.908056,0.162436,0.164947,0.200156,0.179649,-0.0333,0.217502,0.238139,0.190193,0.174625,0.169648,0.178771,0.235078,0.228775,0.190476
2.5334,pushUp,face,0.331818,0.268542,0.762910,0.111265,0.536040,0.768049,0.432027,0.762910,0.331818,5,,,,,,peaked,1,0,debug,0.094581,0.245758,,,,0.441717,0.324075,0.751944,0.161209,0.163578,0.192048,0.191045,-0.0333,0.195718,0.226950,0.186725,0.177901,0.196018,0.174149,0.202692,0.212272,0.180791
2.5668,pushUp,face,0.363162,0.296929,0.723827,0.075481,0.545719,0.803505,0.451972,0.723827,0.363162,5,,,,,,peaked,1,0,debug,0.094581,0.245758,,,,0.431219,0.319540,0.618264,0.161006,0.163578,0.187683,0.188235,-0.0333,0.184305,0.222221,0.182727,0.176796,0.188513,0.170212,0.190760,0.206785,0.175944
2.6001,pushUp,face,0.351489,0.313297,0.710207,0.060209,0.561993,0.790486,0.444649,0.710207,0.351489,5,,,,,,peaked,1,0,debug,0.094581,0.245758,,,,0.424130,0.321735,0.525833,0.160401,0.162849,0.182727,0.181689,-0.0333,0.177654,0.221262,0.179901,0.171467,0.181689,0.169200,0.183644,0.198142,0.173913
2.6668,pushUp,face,0.317782,0.315584,0.680540,0.060926,0.594494,0.751628,0.422791,0.680540,0.317782,5,,,,,,peaked,1,0,debug,0.094581,0.245758,,,,0.427675,0.334136,0.416250,0.160300,0.162643,0.178771,0.174149,-0.0333,0.171467,0.219554,0.179021,0.164947,0.173913,0.168420,0.173559,0.187683,0.172507
2.7001,pushUp,face,0.342027,0.323517,0.667866,0.086125,0.591200,0.779774,0.438623,0.667866,0.342027,5,,,,,,peaked,1,0,debug,0.094581,0.245758,,,,0.433894,0.342435,0.400833,0.160100,0.162231,0.178149,0.173324,-0.0333,0.171697,0.220120,0.179272,0.162849,0.173324,0.168199,0.172043,0.184571,0.171467
2.7335,pushUp,face,0.309610,0.319345,0.656994,0.085042,0.610846,0.741902,0.417320,0.656994,0.309610,5,,,,,,peaked,1,0,debug,0.094581,0.245758,,,,0.442555,0.352154,0.470139,0.160602,0.162849,0.180791,0.178521,-0.0667,0.177408,0.221837,0.181947,0.166233,0.179021,0.169200,0.174387,0.190476,0.172507
2.8001,pushUp,face,0.311330,0.315257,0.679822,0.176459,0.611398,0.743959,0.418477,0.679822,0.311330,5,,,,,,peaked,1,0,debug,0.094581,0.245758,,,,0.467341,0.375820,0.556806,0.160602,0.163161,0.184571,0.184305,-0.0333,0.182857,0.225352,0.184040,0.171697,0.185506,0.168977,0.181047,0.196772,0.172739
2.8335,pushUp,face,0.323597,0.317759,0.691925,0.141252,0.581065,0.758475,0.426642,0.691925,0.323597,5,,,,,,peaked,1,0,debug,0.094581,0.245758,,,,0.483660,0.389999,0.673611,0.160804,0.163997,0.189489,0.190476,-0.0333,0.193352,0.230838,0.188235,0.177163,0.193062,0.173559,0.188513,0.203498,0.177901
2.8668,pushUp,face,0.375999,0.335232,0.702778,0.078550,0.555667,0.817583,0.459891,0.702778,0.375999,5,,,,,,peaked,1,0,debug,0.094581,0.245758,,,,0.501679,0.402952,0.843403,0.160602,0.163161,0.194086,0.188651,-0.0333,0.214945,0.246866,0.190193,0.173795,0.177408,0.175703,0.200313,0.209493,0.187271
2.9335,pushUp,face,0.362629,0.349205,0.720785,0.130373,0.528411,0.802916,0.451640,0.720785,0.362629,5,,,,,,peaked,1,0,debug,0.094581,0.245758,,,,0.542903,0.433615,0.921736,0.181047,0.184040,0.222996,0.208299,-0.0333,0.257675,0.303677,0.203013,0.217502,0.195718,0.194381,0.257675,0.244273,0.211745
2.9668,pushUp,face,0.312875,0.338305,0.761949,0.164929,0.526055,0.745803,0.419514,0.761949,0.312875,5,,,,,,peaked,1,0,debug,0.094581,0.245758,,,,0.560089,0.445966,0.919931,0.192770,0.198756,0.241055,0.225749,-0.0333,0.281010,1.438202,0.213332,0.235510,0.210699,0.207624,0.278261,0.268766,0.226950
3.0001,pushUp,face,0.263251,0.315788,0.774660,0.190308,0.521866,0.684106,0.384810,0.774660,0.263251,5,,,,,,peaked,1,0,debug,0.094581,0.245758,,,,0.577228,0.452894,0.923125,0.217133,0.226549,0.278866,0.263782,-0.0667,0.742025,1.674570,0.236380,0.276607,0.245681,0.232094,0.847677,0.308432,0.255744
3.0668,pushUp,face,0.214819,0.264292,0.822356,0.217979,0.492765,0.617981,0.347614,0.822356,0.214819,5,,,,,,peaked,1,0,debug,0.094581,0.245758,,,,0.615179,0.458284,0.926111,0.229390,0.239925,0.299941,0.283812,-0.0333,0.787087,1.693958,0.248544,0.300646,0.265285,0.246153,0.925022,0.329049,0.271330
3.1001,pushUp,face,0.182706,0.239816,0.813401,0.244765,0.484816,0.569922,0.320581,0.813401,0.182706,5,,,,,,peaked,1,0,debug,0.094581,0.245758,,,,0.630478,0.457138,0.929931,0.242195,0.253968,0.323028,0.303137,-0.0333,0.818545,1.715243,0.261892,0.328205,0.284919,0.260427,0.975238,0.358794,0.287802
3.1335,pushUp,face,0.167085,0.217996,0.831802,0.257168,0.473902,0.545014,0.306570,0.831802,0.167085,5,,,,,,peaked,1,0,debug,0.094581,0.245758,,,,0.642469,0.453707,0.933333,0.268766,0.282094,0.369940,0.343393,-0.0667,0.873720,1.715243,0.288449,0.723163,0.328205,0.290085,1.095185,1.368982,0.320801
3.2001,pushUp,face,0.133354,0.174827,0.829156,0.275676,0.455100,0.486902,0.273882,0.829156,0.133354,5,,,,,,peaked,1,0,debug,0.094581,0.245758,,,,0.663114,0.458626,0.934167,0.282716,0.295610,0.393543,0.363378,-0.0333,0.884283,1.735592,0.303137,0.769925,0.350924,0.305125,1.130241,1.976825,0.335958
3.2335,pushUp,face,0.119108,0.158111,0.866025,0.287634,0.448149,0.460161,0.258841,0.866025,0.119108,5,,,,,,peaked,1,0,debug,0.094581,0.245758,,,,0.670002,0.465625,0.935208,0.295610,0.310303,0.417618,0.384096,-0.0333,0.895888,1.735592,0.319401,0.809485,0.371012,0.319401,1.147982,2.003906,0.351648
3.2668,pushUp,face,0.109018,0.143382,0.883331,0.294204,0.440073,0.440238,0.247634,0.883331,0.109018,5,,,,,,peaked,1,0,debug,0.094581,0.245758,,,,0.675945,0.475013,0.935764,0.309740,0.324461,0.442524,0.403467,-0.0333,0.906997,1.735592,0.335297,0.852621,0.390243,0.332900,1.177010,2.032753,0.365193
3.3335,pushUp,face,0.092959,0.117665,0.892131,0.305527,0.424022,0.406522,0.228668,0.892131,0.092959,5,,,,,,peaked,1,0,debug,0.094581,0.245758,,,,0.679431,0.506147,0.936736,0.334421,0.349965,0.712099,0.443674,-0.0333,0.912656,1.735592,0.369940,0.956115,0.425249,0.358794,1.196261,2.062437,0.390243
3.3668,pushUp,face,0.083580,0.107439,0.893499,0.313151,0.419213,0.385469,0.216826,0.893499,0.083580,5,,,,,,peaked,1,0,debug,0.094581,0.245758,,,,0.679399,0.521122,0.937222,0.345712,0.361582,0.749634,0.462511,-0.0333,0.918383,1.735592,0.386123,0.989371,0.440998,0.371012,1.196261,2.062437,0.401252
3.4001,pushUp,face,0.079409,0.099030,0.912693,0.316607,0.410264,0.375727,0.211346,0.912693,0.079409,5,,,,,,peaked,1,0,debug,0.094581,0.245758,,,,0.678792,0.533703,0.938403,0.357043,0.371821,0.782275,0.479849,-0.0333,0.912656,1.756431,0.399064,1.024511,0.457961,0.382947,1.196261,2.062437,0.414236
3.4668,pushUp,face,0.072042,0.085265,0.879731,0.324001,0.395383,0.357875,0.201304,0.879731,0.072042,5,,,,,rep,rest,1,1,debug,0.094581,0.245758,,,,0.674994,0.552717,0.938403,0.374817,0.393543,0.827806,0.512511,-0.0333,0.912656,1.756431,0.418985,1.039594,0.484390,0.410585,1.196261,2.062437,0.433164
3.5002,pushUp,face,0.067108,0.079818,0.917229,0.329435,0.390492,0.345402,0.194289,0.917229,0.067108,5,,,,,,rest,1,1,debug,0.094581,0.245758,,,,0.673043,0.561081,0.938750,0.384096,0.402516,0.847677,0.529473,-0.0333,0.912656,1.756431,0.427736,1.039594,0.498053,0.423839,1.196261,2.092999,0.445217
3.5335,pushUp,face,0.065965,0.075662,0.914029,0.331004,0.383796,0.342448,0.192627,0.914029,0.065965,5,,,,,,rest,1,1,debug,0.094581,0.245758,,,,0.670156,0.567170,0.938542,0.392336,0.410585,0.868532,0.543811,-0.0333,0.912656,1.756431,0.433164,1.039594,0.510468,0.434266,1.186558,2.092999,0.452294
3.5668,pushUp,face,0.062287,0.071649,0.902471,0.334190,0.379643,0.332765,0.187180,0.902471,0.062287,5,,,,,,rest,1,1,debug,0.094581,0.245758,,,,0.668071,0.574533,0.938403,0.400313,0.418985,0.878970,0.560789,-0.0333,0.912656,1.756431,0.436860,1.039594,0.523785,0.443674,1.196261,2.092999,0.462511
3.6002,pushUp,face,0.060428,0.068283,0.916430,0.336195,0.374695,0.327762,0.184366,0.916430,0.060428,5,,,,,,rest,1,1,debug,0.094581,0.245758,,,,0.665214,0.579345,0.938542,0.405705,0.425249,0.901407,0.579184,-0.0333,0.918383,1.756431,0.443674,1.039594,0.533611,0.450704,1.196261,2.092999,0.470156
3.6668,pushUp,face,0.057684,0.062877,0.886917,0.337770,0.368608,0.320234,0.180131,0.886917,0.057684,5,,,,,,rest,1,1,debug,0.094581,0.245758,,,,0.659946,0.587919,0.937986,0.415247,0.434266,0.918383,1.248775,-0.0333,0.918383,1.756431,0.450704,1.047035,0.549945,0.464188,1.196261,2.092999,0.476279
3.7002,pushUp,face,0.055328,0.060612,0.901388,0.339052,0.368004,0.313625,0.176414,0.901388,0.055328,5,,,,,,rest,1,1,debug,0.094581,0.245758,,,,0.656949,0.590360,0.938611,0.416598,0.435743,0.925022,1.271256,-0.0333,0.918383,1.756431,0.450704,1.039594,0.554109,0.465454,1.196261,2.092999,0.478057
3.7335,pushUp,face,0.053982,0.058623,0.897860,0.340931,0.368079,0.309786,0.174255,0.897860,0.053982,5,,,,,,rest,1,1,debug,0.094581,0.245758,,,,0.653333,0.590019,0.938889,0.416598,0.435743,0.925022,1.260303,-0.0333,0.912656,1.756431,0.449516,1.039594,0.552021,0.467149,1.196261,2.092999,0.476279
3.7668,pushUp,face,0.053447,0.057070,0.895954,0.339058,0.368232,0.308249,0.173390,0.895954,0.053447,5,,,,,,rest,1,1,debug,0.094581,0.245758,,,,0.649558,0.587434,0.938958,0.415247,0.434266,0.912656,1.206836,-0.0333,0.912656,1.756431,0.447944,1.039594,0.545841,0.464188,1.196261,2.092999,0.474953
3.8002,pushUp,face,0.055089,0.056476,0.896772,0.338104,0.367190,0.312946,0.176032,0.896772,0.055089,5,,,,,,rest,1,1,debug,0.094581,0.245758,,,,0.645756,0.582512,0.938750,0.404743,0.423839,0.884283,0.562946,-0.0667,0.912656,1.756431,0.438354,1.039594,0.525667,0.450704,1.196261,2.092999,0.462511
3.8668,pushUp,face,0.059614,0.058077,0.893772,0.331587,0.368358,0.325548,0.183121,0.893772,0.059614,5,,,,,,rest,1,1,debug,0.094581,0.245758,,,,0.637211,0.564856,0.938125,0.396899,0.416598,0.868532,0.545841,-0.0333,0.918383,1.756431,0.433164,1.039594,0.512511,0.440998,1.196261,2.092999,0.452294
3.9002,pushUp,face,0.061349,0.059058,0.901659,0.328411,0.371512,0.330250,0.185766,0.901659,0.061349,5,,,,,,rest,1,1,debug,0.094581,0.245758,,,,0.632415,0.552613,0.938403,0.386123,0.404743,0.847677,0.527563,-0.0333,0.912656,1.756431,0.423839,1.039594,0.494686,0.429170,1.196261,2.092999,0.442524
3.9335,pushUp,face,0.062871,0.060202,0.898947,0.326105,0.375737,0.334322,0.188056,0.898947,0.062871,5,,,,,,rest,1,1,debug,0.094581,0.245758,,,,0.627472,0.538398,0.937917,0.360563,0.377860,0.799998,0.486228,-0.0667,0.918383,1.735592,0.401252,1.039594,0.460846,0.400313,1.196261,2.092999,0.416598
4.0002,pushUp,face,0.071610,0.066021,0.888292,0.313143,0.383372,0.356801,0.200701,0.888292,0.071610,5,,,,,,rest,1,1,debug,0.094581,0.245758,,,,0.618178,0.504513,0.938333,0.344086,0.359802,0.761338,0.464188,-0.0333,0.918383,1.735592,0.382947,1.024511,0.439485,0.382947,1.186558,2.092999,0.401252
4.0335,pushUp,face,0.079109,0.069947,0.918293,0.305317,0.385402,0.375016,0.210947,0.918293,0.079109,5,,,,,,rest,1,1,debug,0.094581,0.245758,,,,0.612553,0.483230,0.937917,0.328205,0.343393,0.730385,0.440998,-0.0333,0.912656,1.735592,0.366237,0.981783,0.420361,0.364413,1.206836,2.092999,0.382947
4.0668,pushUp,face,0.085130,0.074502,0.903552,0.294023,0.390630,0.389027,0.218828,0.903552,0.085130,5,,,,,,rest,1,1,debug,0.094581,0.245758,,,,0.606236,0.459544,0.936250,0.311815,0.327574,0.665366,0.417618,-0.0333,0.912656,1.715243,0.349249,0.930907,0.397823,0.344086,1.196261,2.092999,0.366237
4.1335,pushUp,face,0.104700,0.089904,0.886366,0.271023,0.400129,0.431432,0.242681,0.886366,0.104700,5,,,,,,rest,1,1,debug,0.094581,0.245758,,,,0.588664,0.404923,0.935417,0.283812,0.293074,0.404743,0.369940,-0.0333,0.878970,1.715243,0.315854,0.818545,0.355309,0.304399,1.177010,2.062437,0.328205
4.1668,pushUp,face,0.116204,0.097794,0.894045,0.250963,0.405498,0.454517,0.255666,0.894045,0.116204,5,,,,,,leaving,1,1,debug,0.094581,0.245758,,,,0.577811,0.376688,0.933681,0.269757,0.278866,0.376747,0.348299,-0.0333,0.863406,1.693958,0.300646,0.773996,0.332036,0.289592,1.166951,2.062437,0.309740
4.2002,pushUp,face,0.129723,0.107373,0.850953,0.237573,0.412255,0.480227,0.270128,0.850953,0.129723,5,,,,,,leaving,1,1,debug,0.094581,0.245758,,,,0.565305,0.356871,0.931667,0.254853,0.263782,0.350924,0.323028,-0.0333,0.827806,1.674570,0.284919,0.726757,0.306954,0.273942,1.112438,1.948620,0.290085
4.2335,pushUp,face,0.150831,0.120411,0.852386,0.214814,0.411592,0.517826,0.291277,0.852386,0.150831,5,,,,,,leaving,1,1,debug,0.094581,0.245758,,,,0.549058,0.341432,0.929514,0.241509,0.249513,0.324461,0.300646,-0.0333,0.787087,1.617693,0.271330,0.335297,0.283812,0.258978,1.095185,2.003906,0.273942
4.2669,pushUp,face,0.170822,0.135535,0.861503,0.195541,0.416948,0.551075,0.309980,0.861503,0.170822,5,,,,,,leaving,1,1,debug,0.094581,0.245758,,,,0.531740,0.328660,0.926389,0.227556,0.235078,0.297500,0.278866,-0.0333,0.737749,0.368080,0.256256,0.299941,0.259503,0.244742,1.039594,1.923004,0.258978
4.3335,pushUp,face,0.229202,0.183307,0.865179,0.149334,0.429538,0.638334,0.359063,0.865179,0.229202,5,,,,,,leaving,1,1,debug,0.094581,0.245758,,,,0.493053,0.305977,0.916597,0.199222,0.205953,0.248302,0.233151,-0.0333,0.275565,0.278261,0.230216,0.245209,0.215307,0.214945,0.868532,0.288449,0.225154
4.3669,pushUp,face,0.256220,0.205181,0.834732,0.129972,0.444389,0.674909,0.379636,0.834732,0.256220,5,,,,,,leaving,1,1,debug,0.094581,0.245758,,,,0.468950,0.298804,0.912708,0.185239,0.189770,0.227151,0.210180,-0.0333,0.249513,0.258978,0.216765,0.224364,0.195718,0.200942,0.291904,0.264873,0.210699
4.4002,pushUp,face,0.303106,0.234560,0.803739,0.111830,0.452386,0.734068,0.412913,0.803739,0.303106,5,,,,,,leaving,1,1,debug,0.094581,0.245758,,,,0.442876,0.298265,0.912292,0.170666,0.173559,0.207118,0.187271,-0.0333,0.222609,0.240601,0.201734,0.202692,0.176309,0.186453,0.246866,0.243114,0.194973
4.4335,pushUp,face,0.346142,0.268035,0.772450,0.088349,0.467464,0.784451,0.441254,0.772450,0.346142,5,,,,,,peaked,1,1,debug,0.094581,0.245758,,,,0.424632,0.299078,0.589306,0.160602,0.163161,0.182206,0.189489,-0.0667,0.175944,0.212624,0.186453,0.169200,0.187683,0.172043,0.188930,0.211745,0.174625
4.5002,pushUp,face,0.551804,0.412762,0.704513,-0.000810,0.466572,0.990447,0.557126,0.704513,0.551804,5,,,,,,peaked,1,1,debug,0.094581,0.245758,,,,0.395320,0.288181,0.351458,0.159006,0.160401,0.177408,0.174625,-0.0333,0.165268,0.210525,0.186181,0.159701,0.171697,0.172856,0.169648,0.196469,0.173559
4.5335,pushUp,face,0.441983,0.421528,0.666402,0.006057,0.502493,0.886424,0.498614,0.666402,0.441983,5,,,,,,peaked,1,1,debug,0.094581,0.245758,,,,0.387756,0.282181,0.190139,0.159204,0.160602,0.179272,0.163369,-0.0333,0.162128,1.598750,0.185776,,0.160602,0.162436,0.185776,0.180408,0.168977
4.5669,pushUp,face,0.420389,0.421187,0.639481,0.007405,0.544380,0.864499,0.486281,0.639481,0.420389,5,,,,,,peaked,1,1,debug,0.094581,0.245758,,,,0.386000,0.277948,0.086597,0.159900,0.161922,0.208638,0.160401,-0.0667,,1.715243,0.177654,,,,0.936869,0.166450,0.162849
4.6335,pushUp,face,,0.421187,0.000000,,,,,,,,,,,,,peaked,1,1,debug,0.094581,0.245758,,,,0.383987,0.280196,0.065347,0.159600,0.162643,1.617693,,-0.0333,,1.735592,0.181047,,,,,0.158809,
4.6669,pushUp,face,,0.421187,0.000000,,,,,,,,,,,,,peaked,1,1,debug,0.094581,0.245758,,,,0.381278,0.280577,0.062917,0.159600,0.162849,1.635777,,-0.0333,,1.735592,0.181303,,,,,,
4.7002,pushUp,face,,0.421187,0.000000,,,,,,,,,,,,,peaked,1,1,debug,0.094581,0.245758,,,,0.384666,0.285905,0.075556,0.159600,0.162436,0.240601,0.158809,-0.0667,,1.735592,0.182857,,,,,0.158809,0.159006
4.7669,pushUp,face,,0.421187,0.000000,,,,,,,,,,,,,peaked,1,1,debug,0.094581,0.245758,,,,0.417219,0.310589,0.161528,0.159402,0.161514,0.181303,0.167211,-0.0667,0.170439,1.674570,0.185506,,0.162436,0.163161,0.159006,0.171812,0.165910
4.8335,pushUp,face,,0.421187,0.000000,,,,,,,,,,,,,peaked,1,1,debug,0.094581,0.245758,,,,0.467788,0.355629,0.290486,0.159600,0.161718,0.182727,0.169874,-0.0333,0.178521,0.216582,0.192337,0.158514,0.167979,0.169424,0.164524,0.183119,0.170439
4.8669,pushUp,face,0.345221,0.398396,0.599886,0.034195,0.600372,0.783407,0.440666,0.599886,0.345221,5,,,,,,peaked,1,1,debug,0.094581,0.245758,,,,0.488186,0.383773,0.767847,0.161006,0.163057,0.191760,0.189770,-0.0667,0.217872,0.233151,0.190760,0.185776,0.179901,0.171812,0.196772,0.206119,0.179649
4.9335,pushUp,face,0.388593,0.393396,0.713979,0.103565,0.507534,0.831163,0.467529,0.713979,0.388593,5,,,,,,peaked,1,1,debug,0.094581,0.245758,,,,0.547202,0.442392,0.916389,0.169987,0.172739,0.209493,0.193352,-0.0333,0.246153,1.598750,0.194086,0.206451,0.182206,0.182727,0.240150,0.215307,0.197379
4.9669,pushUp,face,0.351141,0.380719,0.744773,0.162807,0.503846,0.790096,0.444429,0.744773,0.351141,5,,,,,,peaked,1,1,debug,0.094581,0.245758,,,,0.573031,0.463908,0.920764,0.186725,0.191045,0.233575,0.218244,-0.0333,0.644430,1.674570,0.207455,0.230631,0.203498,0.197683,0.271330,0.248544,0.215488
5.0002,pushUp,face,0.277882,0.349867,0.807678,0.207321,0.502601,0.702860,0.395359,0.807678,0.277882,5,,,,,,peaked,1,1,debug,0.094581,0.245758,,,,0.597615,0.474970,0.923542,0.215488,0.223972,0.286033,0.269757,-0.0667,0.791345,1.715243,0.232727,0.288939,0.253089,0.228980,0.857621,0.310303,0.252216
5.0669,pushUp,face,0.206605,0.276801,0.811297,0.257565,0.473483,0.606052,0.340904,0.811297,0.206605,5,,,,,,peaked,1,1,debug,0.094581,0.245758,,,,0.644354,0.479443,0.927639,0.230631,0.239925,0.313150,0.294931,-0.0333,0.842797,1.715243,0.247822,0.322418,0.277206,0.246153,0.956115,0.339297,0.271905
5.1002,pushUp,face,0.179348,0.247564,0.791495,0.276282,0.461771,0.564659,0.317621,0.791495,0.179348,5,,,,,,peaked,1,1,debug,0.094581,0.245758,,,,0.662157,0.484657,0.929931,0.245209,0.255744,0.341561,0.320200,-0.0333,0.863406,1.715243,0.262834,0.358042,0.305125,0.262834,1.024511,0.374817,0.292571
5.1336,pushUp,face,0.154924,0.219771,0.842882,0.292325,0.453084,0.524805,0.295203,0.842882,0.154924,5,,,,,,peaked,1,1,debug,0.094581,0.245758,,,,0.673580,0.486709,0.934375,0.276607,0.288939,0.402516,0.369940,-0.0667,0.901407,1.735592,0.295610,0.804399,0.359802,0.297500,1.139041,1.898054,0.333550
5.2002,pushUp,face,0.118540,0.168142,0.874721,0.314789,0.434893,0.459061,0.258222,0.874721,0.118540,5,,,,,,peaked,1,1,debug,0.094581,0.245758,,,,0.681504,0.486957,0.935486,0.292571,0.306954,0.436860,0.396899,-0.0333,0.912656,1.735592,0.318012,0.857621,0.384962,0.315269,1.157714,1.976825,0.353591
5.2336,pushUp,face,0.104440,0.149030,0.869402,0.324683,0.425198,0.430896,0.242379,0.869402,0.104440,5,,,,,,peaked,1,1,debug,0.094581,0.245758,,,,0.683504,0.498782,0.935694,0.309740,0.325907,0.675014,0.422791,-0.0333,0.918383,1.756431,0.343393,0.912656,0.405705,0.331391,1.157714,1.948620,0.369940
5.2669,pushUp,face,0.095101,0.132851,0.889116,0.330221,0.415537,0.411180,0.231289,0.889116,0.095101,5,,,,,,peaked,1,1,debug,0.094581,0.245758,,,,0.684682,0.518648,0.937500,0.326738,0.344086,0.734050,0.449516,-0.0333,0.912656,1.735592,0.366237,0.975238,0.429170,0.350924,1.196261,2.062437,0.389353
5.3336,pushUp,face,0.077691,0.104718,0.901659,0.341351,0.401192,0.371640,0.209048,0.901659,0.077691,5,,,,,,peaked,1,1,debug,0.094581,0.245758,,,,0.680534,0.548374,0.938681,0.358794,0.376747,0.804399,0.496122,-0.0333,0.918383,1.756431,0.404743,1.031738,0.470156,0.389353,1.177010,2.003906,0.414236
5.3669,pushUp,face,0.071333,0.094702,0.896499,0.347061,0.395250,0.356109,0.200312,0.896499,0.071333,5,,,,,,peaked,1,1,debug,0.094581,0.245758,,,,0.677260,0.559350,0.939097,0.374817,0.392336,0.832520,0.516129,-0.0333,0.912656,1.756431,0.416598,1.039594,0.491363,0.408293,1.196261,2.062437,0.429170
5.4002,pushUp,face,0.067257,0.086469,0.873883,0.346568,0.386386,0.345787,0.194505,0.873883,0.067257,5,,,,,rep,rest,1,2,debug,0.094581,0.245758,,,,0.673477,0.567795,0.939167,0.386123,0.401252,0.847677,0.537532,-0.0333,0.912656,1.756431,0.427736,1.031738,0.505179,0.422791,1.186558,2.003906,0.434266
5.4336,pushUp,face,0.064324,0.079825,0.901929,0.350859,0.380994,0.338164,0.190217,0.901929,0.064324,5,,,,,,rest,1,2,debug,0.094581,0.245758,,,,0.669052,0.574565,0.938958,0.397823,0.412902,0.873720,0.556522,-0.0333,0.906997,1.756431,0.434266,1.039594,0.523785,0.436860,1.196261,2.092999,0.446382
5.5002,pushUp,face,0.058875,0.069140,0.912960,0.358244,0.373169,0.323521,0.181981,0.912960,0.058875,5,,,,,,rest,1,2,debug,0.094581,0.245758,,,,0.660364,0.582711,0.938403,0.409273,0.425249,0.895888,0.588505,-0.0333,0.918383,1.756431,0.442524,1.031738,0.539515,0.453498,1.166951,2.003906,0.457961
5.5336,pushUp,face,0.055565,0.065067,0.907327,0.363110,0.371511,0.314296,0.176792,0.907327,0.055565,5,,,,,,rest,1,2,debug,0.094581,0.245758,,,,0.655729,0.583800,0.938611,0.412902,0.430252,0.901407,0.606275,-0.0333,0.918383,1.779320,0.446382,1.024511,0.543811,0.459605,1.177010,2.003906,0.464188
5.5669,pushUp,face,0.055692,0.062255,0.886641,0.363583,0.367890,0.314655,0.176993,0.886641,0.055692,5,0.497116,0.463840,,0.741211,,rest,1,2,debug,0.094581,0.245758,0.372551,0.166260,2,0.651476,0.583154,0.939028,0.414236,0.431703,0.895888,0.608799,-0.0333,0.918383,1.756431,0.446382,1.031738,0.545841,0.462511,1.177010,2.003906,0.464188
5.6002,pushUp,face,0.053797,0.059717,0.889391,0.364917,0.369938,0.309255,0.173956,0.889391,0.053797,5,0.496162,0.448879,,0.763184,,rest,1,2,debug,0.094581,0.245758,0.369625,0.186523,2,0.647324,0.581154,0.938819,0.414236,0.431703,0.901407,0.603418,-0.0333,0.906997,1.756431,0.445217,1.039594,0.545841,0.460846,1.196261,2.092999,0.468435
5.6336,pushUp,face,0.054578,0.058175,0.885539,0.362338,0.371742,0.311493,0.175215,0.885539,0.054578,5,,,,,,rest,1,2,debug,0.094581,0.245758,,,,0.643093,0.577982,0.938958,0.409273,0.427736,0.890435,0.583808,-0.0333,0.912656,1.756431,0.440998,1.039594,0.539515,0.456734,1.196261,2.123379,0.462511
5.6669,pushUp,face,0.055343,0.057326,0.898947,0.360884,0.372692,0.313667,0.176438,0.898947,0.055343,5,,,,,,rest,1,2,debug,0.094581,0.245758,,,,0.638748,0.572058,0.938472,0.403467,0.420361,0.873720,0.565121,-0.0333,0.906997,1.756431,0.434266,1.039594,0.529473,0.446382,1.196261,2.123379,0.452294
5.7002,pushUp,face,0.056956,0.057215,0.918559,0.361600,0.375730,0.318207,0.178991,0.918559,0.056956,5,,,,,,rest,1,2,debug,0.094581,0.245758,,,,0.634090,0.562837,0.939514,0.393543,0.409273,0.847677,0.541512,-0.0333,0.912656,1.756431,0.427736,1.031738,0.510468,0.435743,1.177010,2.003906,0.439485
5.7336,pushUp,face,0.061314,0.058445,0.893499,0.357391,0.377362,0.330156,0.185712,0.893499,0.061314,5,,,,,,rest,1,2,debug,0.094581,0.245758,,,,0.628543,0.550411,0.938889,0.381805,0.397823,0.827806,0.521650,-0.0333,0.912656,1.756431,0.418985,1.031738,0.491363,0.421399,1.177010,2.003906,0.427736
5.7669,pushUp,face,0.064525,0.060269,0.918824,0.352491,0.380903,0.338689,0.190513,0.918824,0.064525,5,,,,,,rest,1,2,debug,0.094581,0.245758,,,,0.622470,0.534069,0.939097,0.369142,0.384962,0.809485,0.499998,-0.0333,0.912656,1.756431,0.404743,1.039594,0.474953,0.406995,1.196261,2.092999,0.417618
5.8003,pushUp,face,0.068455,0.062725,0.904362,0.351546,0.384274,0.348852,0.196229,0.904362,0.068455,5,,,,,,rest,1,2,debug,0.094581,0.245758,,,,0.616691,0.517503,0.937292,0.336840,0.349965,0.742025,0.450704,-0.0667,0.912656,1.756431,0.367288,0.989371,0.429170,0.367288,1.177010,1.976825,0.381805
5.8669,pushUp,face,0.084304,0.073731,0.898675,0.334775,0.389421,0.387136,0.217764,0.898675,0.084304,5,,,,,,rest,1,2,debug,0.094581,0.245758,,,,0.603032,0.473636,0.936875,0.319401,0.331391,0.678145,0.426665,-0.0333,0.906997,1.735592,0.347354,0.949027,0.406995,0.348299,1.186558,2.032753,0.365193
5.9003,pushUp,face,0.091020,0.078918,0.891310,0.329296,0.396248,0.402260,0.226271,0.891310,0.091020,5,,,,,,rest,1,2,debug,0.094581,0.245758,,,,0.594724,0.443870,0.936042,0.299941,0.309740,0.439485,0.397823,-0.0333,0.918383,1.735592,0.330535,0.884283,0.382947,0.325907,1.147982,1.923004,0.341561
5.9336,pushUp,face,0.105116,0.086777,0.902471,0.317073,0.394703,0.432287,0.243162,0.902471,0.105116,5,,,,,,rest,1,2,debug,0.094581,0.245758,,,,0.585919,0.411712,0.934722,0.278866,0.289592,0.403467,0.369940,-0.0333,0.906997,1.735592,0.312386,0.823150,0.357043,0.301887,1.120963,1.898054,0.323028
5.9669,pushUp,face,0.116418,0.095670,0.892131,0.310261,0.400830,0.454935,0.255901,0.892131,0.116418,5,,,,,,leaving,1,2,debug,0.094581,0.245758,,,,0.575959,0.379549,0.932917,0.261892,0.271330,0.374817,0.345013,-0.0333,0.884283,1.715243,0.294421,0.778115,0.329683,0.279933,1.112438,1.693958,0.304399
6.0003,pushUp,face,0.131258,0.106347,0.896772,0.289185,0.407921,0.483061,0.271722,0.896772,0.131258,5,,,,,,leaving,1,2,debug,0.094581,0.245758,,,,0.564262,0.354948,0.930486,0.246391,0.254472,0.344086,0.318012,-0.0333,0.868532,1.715243,0.279324,0.701848,0.300646,0.262834,1.039594,1.216872,0.279933
6.0669,pushUp,face,0.170687,0.139162,0.854960,0.249409,0.424302,0.550858,0.309858,0.854960,0.170687,5,,,,,,leaving,1,2,debug,0.094581,0.245758,,,,0.529568,0.332729,0.923264,0.216582,0.221645,0.283186,0.265836,-0.0333,0.757393,1.655612,0.244273,0.284919,0.244742,0.229802,0.918383,0.313725,0.242195
6.1003,pushUp,face,0.192189,0.155070,0.862919,0.224716,0.439490,0.584525,0.328795,0.862919,0.192189,5,,,,,,leaving,1,2,debug,0.094581,0.245758,,,,0.504422,0.319277,0.917639,0.200942,0.206785,0.255361,0.238139,-0.0333,0.691425,1.423206,0.225352,0.254472,0.220499,0.213332,0.827806,0.287156,0.224758
6.1336,pushUp,face,0.230142,0.177593,0.860085,0.181345,0.448919,0.639642,0.359798,0.860085,0.230142,5,,,,,,leaving,1,2,debug,0.094581,0.245758,,,,0.478348,0.310254,0.914514,0.186045,0.190193,0.229802,0.211396,-0.0333,0.264873,0.267782,0.209150,0.228775,0.197683,0.198449,0.277206,0.261892,0.206451
6.1669,pushUp,face,0.277172,0.207468,0.798558,0.160180,0.459121,0.701962,0.394854,0.798558,0.277172,5,,,,,,leaving,1,2,debug,0.094581,0.245758,,,,0.449486,0.304041,0.781250,0.160100,0.162231,0.189209,0.175222,-0.0667,0.199532,0.223385,0.185506,0.183776,0.165055,0.171812,0.208638,0.203173,0.175462
6.2336,pushUp,face,0.399093,0.305199,0.720107,0.089481,0.486691,0.842317,0.473803,0.720107,0.399093,5,,,,,,peaked,1,2,debug,0.094581,0.245758,,,,0.400066,0.294931,0.509236,0.160602,0.163161,0.182206,0.186045,-0.0333,0.175462,0.209835,0.193793,0.166884,0.185776,0.170212,0.180408,0.206119,0.172275
6.2669,pushUp,face,0.513606,0.367724,0.698946,0.023797,0.462947,0.955551,0.537497,0.698946,0.513606,5,,,,,,peaked,1,2,debug,0.094581,0.245758,,,,0.382399,0.288523,0.286111,0.159204,0.160602,0.181047,0.173913,-0.0333,0.171697,0.207118,0.191187,1.381916,0.171009,0.172507,0.167648,0.192337,0.170895
6.3003,pushUp,face,0.463113,0.396342,0.640434,0.012153,0.503916,0.907366,0.510393,0.640434,0.463113,5,,,,,,peaked,1,2,debug,0.094581,0.245758,,,,0.372023,0.279907,0.106181,0.159701,0.161718,0.185776,0.165910,-0.0667,0.165696,1.715243,0.179649,,,0.161310,,0.174982,0.163578
6.3669,pushUp,face,,0.396342,0.000000,,,,,,,,,,,,,peaked,1,2,debug,0.094581,0.245758,,,,0.373391,0.280846,0.082153,0.159600,0.162128,0.216215,0.163161,-0.0333,,1.735592,0.177163,,,,,0.169200,0.162436
6.4003,pushUp,face,,0.396342,0.000000,,,,,,,,,,,,,peaked,1,2,debug,0.094581,0.245758,,,,0.376875,0.281958,0.074375,0.159900,0.162128,0.246153,0.162643,-0.0333,,1.735592,0.176309,,,,0.263782,0.166018,0.161922
6.4336,pushUp,face,,0.396342,0.000000,,,,,,,,,,,,,peaked,1,2,debug,0.094581,0.245758,,,,0.384098,0.284315,0.084236,0.159600,0.162128,0.222996,0.164313,-0.0667,,1.735592,0.179901,,,,,0.169987,0.162436
6.5003,pushUp,face,,0.396342,0.000000,,,,,,,,,,,,,peaked,1,2,debug,0.094581,0.245758,,,,0.413348,0.307868,0.107986,0.159701,0.161922,0.185506,0.166667,-0.0333,0.160602,1.715243,0.183119,,0.161310,0.161006,,0.174387,0.164947
6.5670,pushUp,face,,0.396342,0.000000,,,,,,,,,,,,,peaked,1,2,debug,0.094581,0.245758,,,,0.457524,0.346345,0.296944,0.159204,0.160401,0.180791,0.173913,-0.0333,0.172275,0.203173,0.194677,0.159204,0.174149,0.167869,0.165482,0.194381,0.172739
6.6003,pushUp,face,0.453465,0.413479,0.620098,0.067312,0.520309,0.897864,0.505048,0.620098,0.453465,5,,,,,,peaked,1,2,debug,0.094581,0.245758,,,,0.479528,0.368098,0.839236,0.161310,0.163161,0.189770,0.180408,-0.0667,0.211047,0.227151,0.174863,0.186725,0.168864,0.170895,0.204472,0.197683,0.177408
6.6670,pushUp,face,0.468750,0.441668,0.721801,0.078163,0.485756,0.912871,0.513490,0.721801,0.468750,5,,,,,,peaked,1,2,debug,0.094581,0.245758,,,,0.537187,0.430563,0.916181,0.174149,0.176066,0.209493,0.193062,-0.0333,0.245209,0.260958,0.189910,0.207624,0.183119,0.183776,0.248544,0.229802,0.192770
6.7003,pushUp,face,0.373345,0.421170,0.719429,0.134091,0.496173,0.814693,0.458265,0.719429,0.373345,5,,,,,,peaked,1,2,debug,0.094581,0.245758,,,,0.565638,0.452901,0.916528,0.188651,0.192770,0.233575,0.216582,-0.0333,0.284444,1.655612,0.204963,0.231674,0.204147,0.198142,0.276607,0.257157,0.208980
6.7336,pushUp,face,0.293569,0.382888,0.823839,0.190613,0.488602,0.722426,0.406365,0.823839,0.293569,5,,,,,,peaked,1,2,debug,0.094581,0.245758,,,,0.593822,0.465673,0.923819,0.214585,0.221837,0.284919,0.267363,-0.0667,0.769925,1.693958,0.231674,0.287156,0.249999,0.228367,0.884283,0.313150,0.246866
6.8003,pushUp,face,0.211400,0.295427,0.843461,0.239672,0.466328,0.613043,0.344837,0.843461,0.211400,5,,,,,,peaked,1,2,debug,0.094581,0.245758,,,,0.641345,0.476739,0.928056,0.227151,0.237037,0.313150,0.292571,-0.0333,0.823150,1.715243,0.245209,0.320801,0.273942,0.243578,0.962404,0.339973,0.267363
6.8336,pushUp,face,0.180680,0.261001,0.849805,0.259216,0.460068,0.566752,0.318798,0.849805,0.180680,5,,,,,,peaked,1,2,debug,0.094581,0.245758,,,,0.657940,0.478600,0.930417,0.241509,0.252216,0.339297,0.316636,-0.0333,0.857621,1.715243,0.260427,0.356050,0.299239,0.260030,1.024511,1.062792,0.287802
6.8670,pushUp,face,0.155935,0.229480,0.850953,0.275309,0.451418,0.526515,0.296165,0.850953,0.155935,5,,,,,,peaked,1,2,debug,0.094581,0.245758,,,,0.669612,0.479995,0.934306,0.270327,0.283186,0.396899,0.365193,-0.0667,0.895888,1.735592,0.290744,0.787087,0.352617,0.291904,1.112438,1.898054,0.326738
6.9336,pushUp,face,0.120684,0.173993,0.874442,0.302497,0.435800,0.463195,0.260547,0.874442,0.120684,5,,,,,,peaked,1,2,debug,0.094581,0.245758,,,,0.677779,0.475820,0.934722,0.286033,0.299239,0.427736,0.391436,-0.0333,0.912656,1.735592,0.308992,0.837971,0.377860,0.307692,1.147982,1.948620,0.345013
6.9670,pushUp,face,0.109940,0.154776,0.843461,0.308698,0.423287,0.442095,0.248679,0.843461,0.109940,5,,,,,,peaked,1,2,debug,0.094581,0.245758,,,,0.679922,0.485954,0.935903,0.301887,0.316636,0.506928,0.416598,-0.0333,0.918383,1.735592,0.329049,0.895888,0.399064,0.325907,1.166951,1.976825,0.362606
7.0003,pushUp,face,0.096700,0.137353,0.855246,0.321719,0.417791,0.414623,0.233225,0.855246,0.096700,5,,,,,,peaked,1,2,debug,0.094581,0.245758,,,,0.681383,0.505780,0.937431,0.334421,0.350924,0.765894,0.465454,-0.0667,0.912656,1.735592,0.371821,1.002937,0.442524,0.363378,1.186558,2.003906,0.393543
7.0670,pushUp,face,0.081163,0.108695,0.894318,0.332026,0.400995,0.379854,0.213668,0.894318,0.081163,5,,,,,,peaked,1,2,debug,0.094581,0.245758,,,,0.678998,0.538207,0.938264,0.350924,0.367288,0.795647,0.486228,-0.0333,0.912656,1.756431,0.393543,1.024511,0.464188,0.382947,1.177010,2.003906,0.405705
7.1003,pushUp,face,0.072987,0.097982,0.886917,0.338639,0.395791,0.360214,0.202621,0.886917,0.072987,5,,,,,,peaked,1,2,debug,0.094581,0.245758,,,,0.676189,0.550936,0.938681,0.366237,0.384096,0.823150,0.508692,-0.0333,0.912656,1.756431,0.408293,1.031738,0.481202,0.397823,1.177010,2.003906,0.417618
7.1336,pushUp,face,0.069600,0.089467,0.882501,0.342488,0.387704,0.351757,0.197863,0.882501,0.069600,5,,,,,rep,rest,1,3,debug,0.094581,0.245758,,,,0.671927,0.561374,0.940000,0.380952,0.396899,0.842797,0.529473,-0.0333,0.918383,1.756431,0.421399,1.031738,0.499998,0.412902,1.186558,2.003906,0.430252
7.1670,pushUp,face,0.062806,0.081468,0.898675,0.350635,0.382047,0.334148,0.187958,0.898675,0.062806,5,,,,,,rest,1,3,debug,0.094581,0.245758,,,,0.667733,0.570899,0.939097,0.391436,0.408293,0.868532,0.545841,-0.0333,0.912656,1.756431,0.430252,1.024511,0.516129,0.426665,1.177010,2.032753,0.442524
7.2336,pushUp,face,0.057404,0.069195,0.912693,0.354613,0.371442,0.319455,0.179693,0.912693,0.057404,5,,,,,,rest,1,3,debug,0.094581,0.245758,,,,0.659511,0.581417,0.939097,0.404743,0.423839,0.890435,0.588505,-0.0333,0.912656,1.756431,0.442524,1.031738,0.537532,0.445217,1.177010,2.032753,0.459605
7.2670,pushUp,face,0.055917,0.065212,0.915097,0.355048,0.366737,0.315290,0.177351,0.915097,0.055917,5,,,,,,rest,1,3,debug,0.094581,0.245758,,,,0.654935,0.584432,0.938264,0.408293,0.427736,0.901407,0.619105,-0.0333,0.912656,1.756431,0.446382,1.031738,0.543811,0.452294,1.186558,2.032753,0.464188
7.3003,pushUp,face,0.057853,0.063004,0.926234,0.355374,0.362613,0.320701,0.180394,0.926234,0.057853,5,,,,,,rest,1,3,debug,0.094581,0.245758,,,,0.650365,0.584665,0.939028,0.409273,0.429170,0.901407,1.216872,-0.0333,0.918383,1.756431,0.447944,1.031738,0.543811,0.453498,1.186558,2.032753,0.464188
7.3337,pushUp,face,0.056943,0.061185,0.923859,0.351946,0.362493,0.318169,0.178970,0.923859,0.056943,5,,,,,,rest,1,3,debug,0.094581,0.245758,,,,0.645438,0.581643,0.938194,0.409273,0.427736,0.895888,0.596042,-0.0333,0.912656,1.756431,0.445217,1.031738,0.539515,0.452294,1.177010,2.032753,0.457961
7.4003,pushUp,face,0.056090,0.058586,0.926761,0.346067,0.367465,0.315776,0.177624,0.926761,0.056090,5,,,,,,rest,1,3,debug,0.094581,0.245758,,,,0.634866,0.567331,0.939583,0.399064,0.415247,0.868532,0.547885,-0.0333,0.912656,1.756431,0.435743,1.031738,0.514314,0.439485,1.177010,2.032753,0.443674
7.4337,pushUp,face,0.059085,0.058736,0.910818,0.341835,0.367382,0.324100,0.182306,0.910818,0.059085,5,,,,,,rest,1,3,debug,0.094581,0.245758,,,,0.628822,0.555822,0.939306,0.388172,0.404743,0.842797,0.527563,-0.0333,0.912656,1.756431,0.425249,1.031738,0.494686,0.427736,1.177010,2.032753,0.435743
7.4670,pushUp,face,0.062580,0.059889,0.918824,0.334553,0.369930,0.333547,0.187620,0.918824,0.062580,5,,,,,,rest,1,3,debug,0.094581,0.245758,,,,0.621789,0.540519,0.939236,0.376747,0.392336,0.818545,0.505179,-0.0333,0.912656,1.756431,0.412902,1.031738,0.474953,0.415247,1.177010,2.003906,0.425249
7.5003,pushUp,face,0.068026,0.062330,0.914296,0.329298,0.371071,0.347756,0.195613,0.914296,0.068026,5,,,,,,rest,1,3,debug,0.094581,0.245758,,,,0.614883,0.522749,0.938472,0.346649,0.358794,0.761338,0.457961,-0.0667,0.912656,1.735592,0.375918,1.016880,0.431703,0.381805,1.177010,2.003906,0.392336
7.5670,pushUp,face,0.078488,0.070571,0.893772,0.312598,0.380479,0.373544,0.210118,0.893772,0.078488,5,,,,,,rest,1,3,debug,0.094581,0.245758,,,,0.599520,0.474873,0.937361,0.329049,0.340879,0.719101,0.431703,-0.0333,0.912656,1.715243,0.358794,0.962404,0.406995,0.360563,1.177010,2.003906,0.373996
7.6003,pushUp,face,0.086938,0.075482,0.885539,0.302543,0.385688,0.393138,0.221140,0.885539,0.086938,5,,,,,,rest,1,3,debug,0.094581,0.245758,,,,0.590201,0.444778,0.936042,0.309740,0.320801,0.473197,0.402516,-0.0333,0.912656,1.715243,0.341561,0.906997,0.382947,0.338400,1.177010,1.976825,0.353591
7.6337,pushUp,face,0.100348,0.082942,0.876673,0.286719,0.387770,0.422371,0.237583,0.876673,0.100348,5,,,,,,rest,1,3,debug,0.094581,0.245758,,,,0.579894,0.410219,0.934306,0.288939,0.300646,0.409273,0.373996,-0.0333,0.901407,1.715243,0.323845,0.837971,0.354325,0.316636,1.157714,1.948620,0.331391
7.7003,pushUp,face,0.125923,0.104863,0.853817,0.265752,0.404895,0.473142,0.266142,0.853817,0.125923,5,,,,,,leaving,1,3,debug,0.094581,0.245758,,,,0.555264,0.337265,0.930486,0.246866,0.255744,0.339973,0.312386,-0.0333,0.852621,1.693958,0.280394,0.715581,0.290085,0.266250,1.062792,1.282403,0.283186
7.7337,pushUp,face,0.153524,0.119462,0.855246,0.237844,0.404579,0.522429,0.293866,0.855246,0.153524,5,,,,,,leaving,1,3,debug,0.094581,0.245758,,,,0.538434,0.322724,0.926111,0.230216,0.236599,0.308992,0.284444,-0.0333,0.809485,1.655612,0.260427,0.311056,0.261892,0.243114,0.989371,0.345013,0.258586
7.7670,pushUp,face,0.188724,0.140241,0.864050,0.215328,0.401951,0.579232,0.325818,0.864050,0.188724,5,,,,,,leaving,1,3,debug,0.094581,0.245758,,,,0.518636,0.321775,0.921528,0.215488,0.221262,0.274972,0.257157,-0.0333,0.745812,1.598750,0.238583,0.274972,0.235510,0.227151,0.901407,0.304399,0.237037
7.8337,pushUp,face,0.252762,0.197629,0.861220,0.170029,0.426434,0.670339,0.377066,0.861220,0.252762,5,,,,,,leaving,1,3,debug,0.094581,0.245758,,,,0.464083,0.302705,0.916181,0.181303,0.183644,0.216765,0.196469,-0.0333,0.252590,0.253089,0.198756,0.216215,0.184571,0.191760,0.252216,0.246391,0.198142
7.8670,pushUp,face,0.309325,0.231139,0.773398,0.143585,0.438556,0.741560,0.417128,0.773398,0.309325,5,,,,,,leaving,1,3,debug,0.094581,0.245758,,,,0.425882,0.294364,0.866667,0.162231,0.166884,0.191187,0.171009,-0.0333,0.218803,0.227151,0.180155,0.189209,0.162436,0.176309,0.215852,0.196018,0.181047
7.9003,pushUp,face,0.385856,0.277555,0.747718,0.106105,0.453327,0.828230,0.465880,0.747718,0.385856,5,,,,,,peaked,1,3,debug,0.094581,0.245758,,,,0.390619,0.285545,0.583750,0.159600,0.161209,0.174387,0.181560,-0.0333,0.178273,0.212624,0.166450,0.166233,0.191473,0.164947,0.176796,0.204963,0.169874
7.9337,pushUp,face,0.495049,0.342806,0.708486,0.050093,0.456309,0.938130,0.527698,0.708486,0.495049,5,,,,,,peaked,1,3,debug,0.094581,0.245758,,,,0.369253,0.276309,0.211944,0.159006,0.160401,0.183776,0.172856,-0.0333,0.176551,0.220120,0.183776,,0.171009,0.169648,0.166233,0.207118,0.171237
8.0003,pushUp,face,0.368156,0.355735,0.592103,0.247799,0.005373,0.809011,0.455069,0.592103,0.368156,7,,,,,,peaked,1,3,debug,0.094581,0.245758,,,,0.350325,0.258053,0.067292,0.160100,0.162849,0.215488,0.164524,-0.0333,0.167869,1.715243,0.170895,,,,,0.177901,0.163578
8.0337,pushUp,face,,0.355735,0.000000,,,,,,,,,,,,,peaked,1,3,debug,0.094581,0.245758,,,,0.348740,0.254510,0.037083,0.163997,0.178771,1.735592,,-0.0667,,1.735592,0.177654,,,,,,
8.1003,pushUp,face,,0.355735,0.000000,,,,,,,,,,,,,peaked,1,3,debug,0.094581,0.245758,,,,0.343913,0.258379,0.037153,0.174149,0.192770,1.735592,,-0.0333,,1.756431,0.194381,,,,,,
8.1337,pushUp,face,,0.355735,0.000000,,,,,,,,,,,,,peaked,1,3,debug,0.094581,0.245758,,,,0.342648,0.263527,0.038750,0.174982,0.187959,1.715243,,-0.0333,,1.735592,0.191187,,,,,,
8.1670,pushUp,face,,0.355735,0.000000,,,,,,,,,,,,,peaked,1,3,debug,0.094581,0.245758,,,,0.350466,0.275647,0.047153,0.166993,0.184305,1.715243,2.123379,-0.0667,,1.735592,0.193352,,,,,,
8.2337,pushUp,face,,0.355735,0.000000,,,,,,,,,,,,,peaked,1,3,debug,0.094581,0.245758,,,,0.395305,0.308949,0.056389,0.159402,0.162231,1.693958,0.158710,-0.0333,,1.735592,0.178771,,,,,,0.159204
8.2670,pushUp,face,,0.355735,0.000000,,,,,,,,,,,,,peaked,1,3,debug,0.094581,0.245758,,,,0.430210,0.326693,0.138125,0.159402,0.161006,0.179649,0.163057,-0.0667,0.166018,1.693958,0.184305,0.765894,0.161718,0.161310,0.301176,0.183644,0.166233
8.3337,pushUp,face,,0.355735,0.000000,,,,,,,,,,,,,peaked,1,3,debug,0.094581,0.245758,,,,0.477958,0.376816,0.237778,0.159402,0.161006,0.180155,0.169424,-0.0333,0.176796,0.212978,0.182206,,0.174625,0.163161,0.161310,0.199532,0.172043
8.3670,pushUp,face,0.511799,0.402556,0.581494,-0.038258,0.012485,0.536551,0.953868,0.581494,0.511799,4,,,,,,peaked,1,3,debug,0.094581,0.245758,,,,0.496397,0.408769,0.790347,0.163057,0.165910,0.183381,0.182727,-0.0667,0.203498,0.221837,0.177408,0.176066,0.168199,0.177901,0.187408,0.179021,0.185776
8.4337,pushUp,face,0.526650,0.465845,0.726520,0.023427,0.037841,0.544280,0.967609,0.726520,0.526650,4,,,,,,peaked,1,3,debug,0.094581,0.245758,,,,0.537410,0.451023,0.915417,0.172043,0.176309,0.201575,0.187408,-0.0333,0.228980,0.258064,0.192337,0.196772,0.179272,0.194677,0.215488,0.189910,0.203173
8.4670,pushUp,face,0.423925,0.453269,0.783746,0.077887,0.088272,0.488322,0.868127,0.783746,0.423925,4,,,,,,peaked,1,3,debug,0.094581,0.245758,,,,0.558292,0.463966,0.918194,0.206451,0.211745,0.248544,0.236380,-0.0667,0.698021,1.674570,0.220120,0.243578,0.220880,0.226147,0.288449,0.279933,0.241509
8.5337,pushUp,face,0.298676,0.374425,0.857811,0.163341,0.151094,0.409885,0.728684,0.857811,0.298676,4,,,,,,peaked,1,3,debug,0.094581,0.245758,,,,0.604324,0.471997,0.921181,0.219931,0.228980,0.274531,0.258586,-0.0333,0.753495,1.693958,0.234431,0.269757,0.243114,0.240150,0.823150,0.306403,0.260427
8.5670,pushUp,face,0.253252,0.338071,0.839689,0.201004,0.184461,0.377431,0.670988,0.839689,0.253252,4,,,,,,peaked,1,3,debug,0.094581,0.245758,,,,0.627162,0.470594,0.925903,0.232727,0.244041,0.303677,0.282716,-0.0333,0.813990,1.693958,0.249026,0.298716,0.267782,0.253464,0.918383,0.334421,0.279324
8.6004,pushUp,face,0.218461,0.302187,0.844618,0.233317,0.210647,0.350549,0.623198,0.844618,0.218461,4,,,,,,peaked,1,3,debug,0.094581,0.245758,,,,0.645639,0.470553,0.931181,0.260030,0.272920,0.359802,0.334421,-0.0667,0.878970,1.715243,0.275565,0.734050,0.320801,0.284444,1.054583,1.271256,0.318012
8.6670,pushUp,face,0.156724,0.227999,0.845484,0.293273,0.257989,0.296913,0.527845,0.845484,0.156724,4,,,,,,peaked,1,3,debug,0.094581,0.245758,,,,0.671360,0.474426,0.932778,0.274972,0.288939,0.392336,0.360563,-0.0333,0.895888,1.715243,0.291405,0.791345,0.345712,0.299941,1.112438,1.923004,0.336840
8.7004,pushUp,face,0.133808,0.199740,0.847215,0.319489,0.276405,0.274348,0.487730,0.847215,0.133808,4,,,,,,peaked,1,3,debug,0.094581,0.245758,,,,0.676066,0.471175,0.934653,0.291904,0.305672,0.426665,0.389353,-0.0333,0.906997,1.715243,0.310303,0.837971,0.371012,0.316636,1.139041,1.976825,0.354325
8.7337,pushUp,face,0.116742,0.174840,0.878898,0.347142,0.290240,0.256257,0.455568,0.878898,0.116742,4,,,,,,peaked,1,3,debug,0.094581,0.245758,,,,0.679646,0.481493,0.935486,0.308992,0.323028,0.519797,0.415247,-0.0333,0.912656,1.715243,0.329683,0.901407,0.394757,0.335958,1.166951,1.976825,0.371012
8.7670,pushUp,face,0.102111,0.153021,0.891584,0.368099,0.298034,0.239662,0.426065,0.891584,0.102111,4,,,,,,peaked,1,3,debug,0.094581,0.245758,,,,0.681296,0.502794,0.937153,0.325907,0.339973,0.726757,0.438354,-0.0333,0.912656,1.735592,0.352617,0.962404,0.420361,0.354325,1.177010,2.003906,0.386123
8.8337,pushUp,face,0.086021,0.118850,0.894045,0.403976,0.306016,0.219971,0.391059,0.894045,0.086021,4,,,,,,peaked,1,3,debug,0.094581,0.245758,,,,0.677680,0.535670,0.939028,0.358042,0.372906,0.795647,0.483018,-0.0333,0.912656,1.735592,0.393543,1.031738,0.462511,0.389353,1.177010,2.003906,0.411575
8.8670,pushUp,face,0.074227,0.105463,0.906789,0.422206,0.326049,0.204335,0.363262,0.906789,0.074227,4,,,,,,peaked,1,3,debug,0.094581,0.245758,,,,0.674117,0.548914,0.938542,0.371821,0.388172,0.823150,0.503441,-0.0333,0.912656,1.735592,0.408293,1.031738,0.476279,0.404743,1.177010,2.032753,0.421399
8.9004,pushUp,face,0.068532,0.094383,0.887742,0.436706,0.330908,0.196340,0.349048,0.887742,0.068532,4,,,,,rep,rest,1,4,debug,0.094581,0.245758,,,,0.670731,0.560755,0.937917,0.384962,0.401252,0.847677,0.527563,-0.0333,0.912656,1.735592,0.421399,1.024511,0.494686,0.418985,1.186558,2.032753,0.435743
8.9337,pushUp,face,0.063982,0.085263,0.909745,0.452495,0.336279,0.189710,0.337263,0.909745,0.063982,4,,,,,,rest,1,4,debug,0.094581,0.245758,,,,0.667265,0.570374,0.938194,0.396899,0.411575,0.868532,0.547885,-0.0333,0.912656,1.735592,0.430252,1.031738,0.510468,0.431703,1.177010,2.032753,0.446382
8.9671,pushUp,face,0.064509,0.079036,0.924652,0.459125,0.333490,0.190490,0.338649,0.924652,0.064509,4,,,,,,rest,1,4,debug,0.094581,0.245758,,,,0.663341,0.576944,0.937917,0.408293,0.426665,0.895888,0.579184,-0.0667,0.912656,1.735592,0.443674,1.024511,0.529473,0.449516,1.177010,2.032753,0.460846
9.0337,pushUp,face,0.061589,0.070138,0.910550,0.468886,0.327412,0.186128,0.330895,0.910550,0.061589,4,0.506955,0.475427,,0.756836,,rest,1,4,debug,0.094581,0.245758,0.384631,0.141113,2,0.655658,0.581999,0.937778,0.411575,0.430252,0.895888,0.586148,-0.0333,0.912656,1.735592,0.445217,1.031738,0.533611,0.453498,1.186558,2.032753,0.464188
9.0671,pushUp,face,0.061257,0.067474,0.908671,0.470102,0.322937,0.185626,0.330002,0.908671,0.061257,4,0.509982,0.470143,,0.763184,,rest,1,4,debug,0.094581,0.245758,0.372235,0.205078,2,0.651748,0.581996,0.937778,0.411575,0.430252,0.895888,0.586148,0.0000,0.912656,1.735592,0.445217,1.031738,0.533611,0.453498,1.186558,2.032753,0.464188
9.1004,pushUp,face,0.062564,0.066001,0.891310,0.467305,0.318478,0.187596,0.333504,0.891310,0.062564,4,0.516036,0.484473,,0.751465,,rest,1,4,debug,0.094581,0.245758,0.364758,0.197266,2,0.647559,0.578648,0.938125,0.411575,0.430252,0.895888,0.583808,0.0000,0.912656,1.735592,0.443674,1.024511,0.533611,0.456734,1.166951,2.032753,0.462511
9.1337,pushUp,face,0.061304,0.064591,0.872765,0.466750,0.324800,0.185697,0.330127,0.872765,0.061304,4,0.520579,0.478726,,0.695312,,rest,1,4,debug,0.094581,0.245758,0.363467,0.203613,2,0.642906,0.573441,0.938194,0.409273,0.429170,0.890435,0.574313,0.0000,0.912656,1.756431,0.442524,1.031738,0.531396,0.453498,1.186558,2.032753,0.460846
9.1671,pushUp,face,0.064949,0.064699,0.903552,0.458406,0.314093,0.191138,0.339802,0.903552,0.064949,4,,,,,,rest,1,4,debug,0.094581,0.245758,,,,0.638396,0.566025,0.938889,0.399064,0.416598,0.863406,0.543811,-0.0333,0.912656,1.735592,0.431703,1.031738,0.510468,0.438354,1.177010,2.032753,0.446382
9.2004,pushUp,face,0.062366,0.063999,0.892679,0.455597,0.324514,0.187299,0.332976,0.892679,0.062366,4,,,,,,rest,1,4,debug,0.094581,0.245758,,,,0.633658,0.556507,0.939444,0.386998,0.404743,0.837971,0.523785,-0.0333,0.912656,1.735592,0.418985,1.024511,0.491363,0.427736,1.186558,2.003906,0.435743
9.2337,pushUp,face,0.067845,0.065153,0.918824,0.440472,0.309274,0.195353,0.347295,0.918824,0.067845,4,,,,,,rest,1,4,debug,0.094581,0.245758,,,,0.627506,0.542013,0.939167,0.376747,0.391436,0.813990,0.501469,-0.0333,0.912656,1.735592,0.403467,1.024511,0.471889,0.412902,1.177010,2.003906,0.425249
9.2671,pushUp,face,0.073085,0.067533,0.886366,0.430724,0.305152,0.202757,0.360457,0.886366,0.073085,4,,,,,,rest,1,4,debug,0.094581,0.245758,,,,0.620059,0.523001,0.938125,0.346649,0.359802,0.753495,0.453498,-0.0667,0.912656,1.735592,0.368080,1.002937,0.429170,0.377860,1.177010,2.003906,0.394757
9.3337,pushUp,face,0.084968,0.076425,0.902741,0.401099,0.292325,0.218620,0.388658,0.902741,0.084968,4,,,,,,rest,1,4,debug,0.094581,0.245758,,,,0.603753,0.475575,0.936736,0.329683,0.341561,0.708650,0.427736,-0.0333,0.912656,1.715243,0.353591,0.949027,0.403467,0.357043,1.177010,2.003906,0.374817
9.3671,pushUp,face,0.093431,0.081527,0.898132,0.383475,0.283744,0.229248,0.407552,0.898132,0.093431,4,,,,,,rest,1,4,debug,0.094581,0.245758,,,,0.594580,0.444765,0.935139,0.309740,0.320801,0.456734,0.397823,-0.0333,0.906997,1.715243,0.335297,0.884283,0.376747,0.335297,1.177010,1.976825,0.352617
9.4004,pushUp,face,0.101426,0.087497,0.874721,0.367229,0.273564,0.238856,0.424632,0.874721,0.101426,4,,,,,,rest,1,4,debug,0.094581,0.245758,,,,0.583858,0.408193,0.933819,0.287802,0.299239,0.402516,0.367288,-0.0333,0.895888,1.715243,0.316636,0.827806,0.345013,0.312386,1.147982,1.976825,0.328205
9.4671,pushUp,face,0.141979,0.115284,0.860369,0.313686,0.244171,0.282601,0.502401,0.860369,0.141979,4,,,,,,leaving,1,4,debug,0.094581,0.245758,,,,0.557742,0.337562,0.928889,0.243114,0.252590,0.335297,0.306954,-0.0333,0.847677,1.674570,0.277206,0.350924,0.283186,0.263373,1.054583,1.227082,0.279324
9.5004,pushUp,face,0.170889,0.131966,0.875000,0.285482,0.211471,0.310040,0.551182,0.875000,0.170889,4,,,,,,leaving,1,4,debug,0.094581,0.245758,,,,0.541312,0.324682,0.924653,0.223580,0.230631,0.303137,0.278261,-0.0333,0.795647,1.635777,0.254472,0.310303,0.254853,0.237037,0.996105,0.332900,0.253089
9.5337,pushUp,face,0.196845,0.151430,0.869121,0.254302,0.186608,0.332754,0.591563,0.869121,0.196845,4,,,,,,leaving,1,4,debug,0.094581,0.245758,,,,0.522048,0.320099,0.919306,0.207624,0.212978,0.271330,0.249026,-0.0333,0.726757,0.342475,0.234647,0.273504,0.229390,0.218803,0.918383,0.301176,0.228775
9.5671,pushUp,face,0.218529,0.171560,0.812500,0.212948,0.159781,0.350603,0.623294,0.812500,0.218529,4,,,,,,leaving,1,4,debug,0.094581,0.245758,,,,0.496635,0.307874,0.913194,0.192048,0.195718,0.242654,0.220880,-0.0333,0.653477,0.272920,0.216582,0.243578,0.205622,0.200942,0.842797,0.273942,0.208980
9.6337,pushUp,face,0.294450,0.234236,0.803739,0.115871,0.071303,0.406975,0.723511,0.803739,0.294450,4,,,,,,leaving,1,4,debug,0.094581,0.245758,,,,0.437530,0.288997,0.819167,0.161514,0.163369,0.192048,0.175222,-0.0333,0.207624,0.221645,0.177901,0.191473,0.163997,0.169200,0.229390,0.208980,0.173913
9.6671,pushUp,face,0.388159,0.280415,0.729539,0.057540,0.008920,0.467268,0.830698,0.729539,0.388159,4,,,,,,peaked,1,4,debug,0.094581,0.245758,,,,0.404545,0.282449,0.470069,0.159701,0.162231,0.179021,0.175222,-0.0333,0.176066,0.205292,0.186181,0.169874,0.168199,0.168199,0.186998,0.215307,0.171467
9.7004,pushUp,face,0.462929,0.335171,0.690865,-0.005095,-0.035428,0.510292,0.907185,0.690865,0.462929,4,,,,,,peaked,1,4,debug,0.094581,0.245758,,,,0.376548,0.268925,0.183611,0.159204,0.160300,0.184305,0.165482,-0.0333,0.171467,0.206785,0.193793,,0.162849,0.163057,0.167648,0.209150,0.171009
9.7338,pushUp,face,0.468019,0.375027,0.644993,-0.041232,-0.023744,0.513089,0.912159,0.644993,0.468019,4,,,,,,peaked,1,4,debug,0.094581,0.245758,,,,0.356067,0.254292,0.056597,0.159600,0.161718,1.635777,0.161718,-0.0667,,1.715243,0.167430,,,,,0.172043,0.163787
9.8004,pushUp,face,,0.375027,0.000000,,,,,,,,,,,,,peaked,1,4,debug,0.094581,0.245758,,,,0.340962,0.250209,0.037014,0.159600,0.162849,1.715243,,-0.0333,,1.735592,0.166018,,,,,0.163997,0.163369
9.8338,pushUp,face,,0.375027,0.000000,,,,,,,,,,,,,peaked,1,4,debug,0.094581,0.245758,,,,0.330437,0.248614,0.031528,0.173090,0.191760,1.715243,,-0.0667,,1.735592,0.181047,,,,,,
9.9004,pushUp,face,,0.375027,0.000000,,,,,,,,,,,,,peaked,1,4,debug,0.094581,0.245758,,,,0.330964,0.260159,0.032361,0.175222,0.190476,1.715243,,-0.0333,,1.735592,0.189770,,,,,,
9.9338,pushUp,face,,0.375027,0.000000,,,,,,,,,,,,,peaked,1,4,debug,0.094581,0.245758,,,,0.339661,0.269771,0.040764,0.159402,0.163997,1.715243,,-0.0667,,1.735592,0.184040,,,,,,0.160804
10.0004,pushUp,face,,0.375027,0.000000,,,,,,,,,,,,,peaked,1,4,debug,0.094581,0.245758,,,,0.389921,0.310451,0.056875,0.159402,0.161310,1.674570,0.159600,-0.0333,1.216872,1.715243,0.172856,,,,,0.174863,0.163787
10.0671,pushUp,face,,0.375027,0.000000,,,,,,,,,,,,,peaked,1,4,debug,0.094581,0.245758,,,,0.466102,0.354086,0.151250,0.159402,0.161209,0.183776,0.167430,-0.0333,0.168864,1.655612,0.193062,,0.163369,0.163369,0.159600,0.193793,0.171009
10.1004,pushUp,face,,0.375027,0.000000,,,,,,,,,,,,,peaked,1,4,debug,0.094581,0.245758,,,,0.490377,0.380354,0.564028,0.159204,0.160401,0.181047,0.177901,-0.0667,0.188235,0.212096,0.168199,0.172275,0.181689,0.163997,0.182466,0.214945,0.170212
10.1671,pushUp,face,0.446032,0.411241,0.677304,-0.037136,0.021231,0.500892,0.890475,0.677304,0.446032,4,,,,,,peaked,1,4,debug,0.094581,0.245758,,,,0.538089,0.438603,0.862292,0.161514,0.163787,0.192337,0.180791,-0.0333,0.225352,0.233575,0.173795,0.191760,0.169874,0.172507,0.208638,0.189910,0.181560
10.2004,pushUp,face,0.436743,0.418892,0.732877,0.016932,0.033226,0.495649,0.881153,0.732877,0.436743,4,,,,,,peaked,1,4,debug,0.094581,0.245758,,,,0.566813,0.464359,0.918125,0.190193,0.196318,0.239925,0.220499,-0.0667,0.678145,1.655612,0.203498,0.239925,0.210180,0.200626,0.283812,0.265836,0.218244
10.2671,pushUp,face,0.278298,0.347187,0.810394,0.128040,0.135659,0.395655,0.703386,0.810394,0.278298,4,,,,,,peaked,1,4,debug,0.094581,0.245758,,,,0.615127,0.484150,0.920347,0.203821,0.210699,0.265285,0.245209,-0.0333,0.745812,1.674570,0.218244,0.267782,0.232727,0.216215,0.823150,0.292571,0.237037
10.3004,pushUp,face,0.244412,0.316353,0.827388,0.170774,0.165416,0.370785,0.659174,0.827388,0.244412,4,,,,,,peaked,1,4,debug,0.094581,0.245758,,,,0.636291,0.485363,0.925000,0.216582,0.225154,0.290744,0.271330,-0.0333,0.799998,1.693958,0.231255,0.296812,0.255744,0.230838,0.901407,0.315854,0.255744
10.3338,pushUp,face,0.212536,0.285207,0.829451,0.206063,0.204165,0.345762,0.614689,0.829451,0.212536,4,,,,,,peaked,1,4,debug,0.094581,0.245758,,,,0.651972,0.485292,0.930417,0.242195,0.253464,0.345013,0.319401,-0.0667,0.868532,1.693958,0.258978,0.691425,0.305125,0.259503,1.024511,0.404743,0.292571
10.4004,pushUp,face,0.160706,0.221709,0.848367,0.270926,0.242067,0.300661,0.534508,0.848367,0.160706,4,,,,,,peaked,1,4,debug,0.094581,0.245758,,,,0.671783,0.485008,0.932431,0.255744,0.268342,0.371012,0.343393,-0.0333,0.884283,1.715243,0.272340,0.761338,0.329049,0.274972,1.087048,1.248775,0.311056
10.4338,pushUp,face,0.139800,0.197136,0.848079,0.295899,0.265297,0.280424,0.498531,0.848079,0.139800,4,,,,,,peaked,1,4,debug,0.094581,0.245758,,,,0.673243,0.479256,0.934514,0.270327,0.282716,0.396899,0.366237,-0.0333,0.901407,1.715243,0.288449,0.799998,0.354325,0.290085,1.120963,1.898054,0.328205
10.4671,pushUp,face,0.128999,0.176694,0.874721,0.318010,0.272917,0.269374,0.478886,0.874721,0.128999,4,,,,,,peaked,1,4,debug,0.094581,0.245758,,,,0.674694,0.479630,0.935069,0.284444,0.298021,0.426665,0.390243,-0.0333,0.901407,1.715243,0.305125,0.847677,0.376747,0.305672,1.139041,1.948620,0.345013
10.5005,pushUp,face,0.114711,0.158099,0.884436,0.342826,0.281915,0.254018,0.451588,0.884436,0.114711,4,,,,,,peaked,1,4,debug,0.094581,0.245758,,,,0.675739,0.490667,0.937083,0.314496,0.329683,0.708650,0.438354,-0.0667,0.912656,1.735592,0.345712,0.956115,0.420361,0.338400,1.177010,2.003906,0.377860
10.5671,pushUp,face,0.091616,0.124191,0.900033,0.375598,0.306019,0.227010,0.403574,0.900033,0.091616,4,,,,,,peaked,1,4,debug,0.094581,0.245758,,,,0.674527,0.521745,0.937917,0.331391,0.348299,0.749634,0.462511,-0.0333,0.912656,1.735592,0.368080,1.002937,0.439485,0.357043,1.177010,2.003906,0.390243
10.6005,pushUp,face,0.081859,0.111491,0.901929,0.394738,0.317821,0.214582,0.381479,0.901929,0.081859,4,,,,,,peaked,1,4,debug,0.094581,0.245758,,,,0.673198,0.536186,0.938611,0.346649,0.363378,0.791345,0.484390,-0.0333,0.912656,1.735592,0.390243,1.024511,0.462511,0.373996,1.186558,2.003906,0.403467
10.6338,pushUp,face,0.076400,0.100963,0.913227,0.408004,0.324878,0.207304,0.368540,0.913227,0.076400,4,,,,,,peaked,1,4,debug,0.094581,0.245758,,,,0.671498,0.549344,0.939514,0.361582,0.379820,0.813990,0.506928,-0.0333,0.906997,1.735592,0.404743,1.031738,0.483018,0.390243,1.186558,2.003906,0.414236
10.6671,pushUp,face,0.069730,0.091593,0.905711,0.424652,0.339723,0.198048,0.352086,0.905711,0.069730,4,,,,,rep,rest,1,5,debug,0.094581,0.245758,,,,0.669774,0.561760,0.938958,0.376747,0.394757,0.837971,0.529473,-0.0333,0.912656,1.735592,0.418985,1.031738,0.503441,0.404743,1.186558,2.032753,0.426665
10.7005,pushUp,face,0.066236,0.083986,0.910014,0.432821,0.342528,0.193023,0.343152,0.910014,0.066236,4,,,,,,rest,1,5,debug,0.094581,0.245758,,,,0.668051,0.572719,0.939444,0.386998,0.405705,0.857621,0.547885,-0.0333,0.912656,1.735592,0.427736,1.031738,0.516129,0.417618,1.186558,2.032753,0.438354
10.7338,pushUp,face,0.063337,0.077791,0.935936,0.443754,0.347162,0.188752,0.335558,0.935936,0.063337,4,,,,,,rest,1,5,debug,0.094581,0.245758,,,,0.666265,0.580449,0.939167,0.396899,0.414236,0.873720,0.562946,-0.0333,0.918383,1.756431,0.434266,1.031738,0.527563,0.429170,1.186558,2.032753,0.449516
10.8005,pushUp,face,0.057946,0.067670,0.916163,0.455952,0.352450,0.180540,0.320961,0.916163,0.057946,4,,,,,,rest,1,5,debug,0.094581,0.245758,,,,0.660184,0.586371,0.939028,0.405705,0.426665,0.878970,0.581487,-0.0333,0.912656,1.756431,0.440998,1.031738,0.535565,0.442524,1.186558,2.032753,0.462511
10.8338,pushUp,face,0.057414,0.064593,0.906519,0.457934,0.352803,0.179709,0.319482,0.906519,0.057414,4,,,,,,rest,1,5,debug,0.094581,0.245758,,,,0.657533,0.585485,0.938611,0.409273,0.429170,0.884283,0.581487,-0.0333,0.906997,1.735592,0.443674,1.031738,0.537532,0.446382,1.186558,2.003906,0.464188
10.8671,pushUp,face,0.056683,0.062220,0.912157,0.458029,0.351439,0.178562,0.317443,0.912157,0.056683,4,0.491208,0.457426,,0.786621,,rest,1,5,debug,0.094581,0.245758,0.358779,0.162842,2,0.654707,0.582477,0.938681,0.412902,0.430252,0.884283,0.581487,-0.0333,0.906997,1.735592,0.445217,1.024511,0.537532,0.450704,1.177010,2.032753,0.464188
10.9005,pushUp,face,0.056776,0.060587,0.910818,0.458059,0.353209,0.178708,0.317702,0.910818,0.056776,4,0.490983,0.454666,,0.756348,,rest,1,5,debug,0.094581,0.245758,0.361102,0.164307,2,0.653118,0.580954,0.938681,0.412902,0.430252,0.884283,0.581487,0.0000,0.906997,1.735592,0.445217,1.024511,0.537532,0.450704,1.177010,2.032753,0.464188
10.9338,pushUp,face,0.056683,0.059415,0.916963,0.459435,0.350945,0.178561,0.317442,0.916963,0.056683,4,,,,,,rest,1,5,debug,0.094581,0.245758,,,,0.651597,0.579442,0.938264,0.414236,0.433164,0.890435,0.583808,0.0000,0.906997,1.735592,0.445217,1.024511,0.537532,0.450704,1.177010,2.003906,0.467149
10.9671,pushUp,face,0.055962,0.058379,0.909209,0.463587,0.349264,0.177422,0.315416,0.909209,0.055962,4,,,,,,rest,1,5,debug,0.094581,0.245758,,,,0.650713,0.579862,0.939167,0.417618,0.436860,0.895888,0.588505,-0.0333,0.906997,1.735592,0.449516,1.031738,0.539515,0.453498,1.186558,2.032753,0.468435
11.0005,pushUp,face,0.056797,0.057905,0.903282,0.465342,0.338942,0.178741,0.317762,0.903282,0.056797,4,,,,,,rest,1,5,debug,0.094581,0.245758,,,,0.650202,0.580690,0.938611,0.420361,0.436860,0.895888,0.590881,-0.0333,0.912656,1.735592,0.449516,1.024511,0.539515,0.456734,1.186558,2.032753,0.470156
11.0338,pushUp,face,0.057639,0.057825,0.894864,0.467278,0.338975,0.180062,0.320109,0.894864,0.057639,4,,,,,,rest,1,5,debug,0.094581,0.245758,,,,0.649457,0.581133,0.938681,0.422791,0.438354,0.901407,0.596042,-0.0333,0.912656,1.735592,0.450704,1.031738,0.539515,0.457961,1.177010,2.032753,0.470156
11.0671,pushUp,face,0.057663,0.057777,0.912425,0.468690,0.332477,0.180099,0.320176,0.912425,0.057663,4,,,,,,rest,1,5,debug,0.094581,0.245758,,,,0.649182,0.582035,0.939236,0.422791,0.439485,0.906997,0.608799,-0.0333,0.906997,1.735592,0.452294,1.024511,0.537532,0.459605,1.177010,2.032753,0.470156
11.1005,pushUp,face,0.059352,0.058249,0.911086,0.471483,0.318259,0.182717,0.324831,0.911086,0.059352,4,,,,,,rest,1,5,debug,0.094581,0.245758,,,,0.648925,0.583172,0.938819,0.422791,0.439485,0.912656,1.186558,-0.0667,0.906997,1.735592,0.453498,1.031738,0.537532,0.459605,1.186558,2.032753,0.471889
11.1671,pushUp,face,0.059479,0.058877,0.921743,0.478490,0.314462,0.182913,0.325178,0.921743,0.059479,4,,,,,,rest,1,5,debug,0.094581,0.245758,,,,0.648239,0.583499,0.938819,0.422791,0.439485,0.912656,1.227082,-0.0333,0.906997,1.735592,0.453498,1.031738,0.537532,0.457961,1.186558,2.062437,0.471889
11.2005,pushUp,face,0.058316,0.058708,0.920152,0.479031,0.308609,0.181115,0.321983,0.920152,0.058316,4,,,,,,rest,1,5,debug,0.094581,0.245758,,,,0.648397,0.584130,0.939236,0.418985,0.438354,0.918383,1.227082,-0.0333,0.912656,1.735592,0.449516,1.024511,0.537532,0.456734,1.186558,2.032753,0.471889
11.2338,pushUp,face,0.058051,0.058511,0.914029,0.480069,0.301601,0.180704,0.321252,0.914029,0.058051,4,,,,,,rest,1,5,debug,0.094581,0.245758,,,,0.648289,0.583463,0.939444,0.417618,0.435743,0.918383,1.248775,-0.0333,0.912656,1.735592,0.447944,1.031738,0.535565,0.453498,1.186558,2.062437,0.471889
11.3005,pushUp,face,0.059005,0.058763,0.903282,0.478543,0.288779,0.182182,0.323879,0.903282,0.059005,4,,,,,,rest,1,5,debug,0.094581,0.245758,,,,0.647604,0.583791,0.939375,0.414236,0.433164,0.918383,1.271256,-0.0333,0.906997,1.715243,0.442524,1.024511,0.539515,0.450704,1.196261,2.062437,0.470156
11.3338,pushUp,face,0.058251,0.058609,0.918824,0.479438,0.286703,0.181014,0.321803,0.918824,0.058251,4,,,,,,rest,1,5,debug,0.094581,0.245758,,,,0.647201,0.584059,0.939444,0.411575,0.431703,0.918383,1.271256,-0.0333,0.912656,1.715243,0.440998,1.031738,0.539515,0.449516,1.186558,2.062437,0.468435
11.3672,pushUp,face,0.057892,0.058394,0.917229,0.480284,0.277717,0.180456,0.320811,0.917229,0.057892,4,,,,,,rest,1,5,debug,0.094581,0.245758,,,,0.647386,0.585200,0.939167,0.409273,0.430252,0.918383,1.294562,-0.0333,0.912656,1.715243,0.440998,1.024511,0.541512,0.447944,1.186558,2.062437,0.468435
11.4338,pushUp,face,0.058069,0.058228,0.900846,0.478887,0.268936,0.180731,0.321299,0.900846,0.058069,4,,,,,,rest,1,5,debug,0.094581,0.245758,,,,0.648522,0.587980,0.939097,0.410585,0.429170,0.925022,1.330733,-0.0333,0.912656,1.715243,0.440998,1.031738,0.543811,0.450704,1.186558,2.062437,0.465454
11.4672,pushUp,face,0.058237,0.058231,0.893499,0.480859,0.264370,0.180993,0.321765,0.893499,0.058237,4,,,,,,rest,1,5,debug,0.094581,0.245758,,,,0.649251,0.590634,0.939375,0.411575,0.430252,0.936869,1.368982,-0.0333,0.912656,1.715243,0.442524,1.031738,0.545841,0.453498,1.186558,2.062437,0.465454
11.5005,pushUp,face,0.058634,0.058352,0.923595,0.484491,0.260760,0.181608,0.322859,0.923595,0.058634,4,,,,,,rest,1,5,debug,0.094581,0.245758,,,,0.649797,0.593404,0.940347,0.412902,0.431703,0.936869,1.396042,-0.0333,0.912656,1.715243,0.443674,1.031738,0.547885,0.456734,1.186558,2.062437,0.465454
11.5338,pushUp,face,0.058289,0.058333,0.930442,0.486874,0.257999,0.181073,0.321908,0.930442,0.058289,4,,,,,,rest,1,5,debug,0.094581,0.245758,,,,0.650546,0.597054,0.939375,0.414236,0.433164,0.949027,1.423206,-0.0333,0.912656,1.715243,0.446382,1.031738,0.552021,0.459605,1.186558,2.032753,0.468435
11.5672,pushUp,face,0.060270,0.058914,0.910818,0.490434,0.246617,0.184125,0.327333,0.910818,0.060270,4,,,,,,rest,1,5,debug,0.094581,0.245758,,,,0.651189,0.600944,0.939792,0.415247,0.435743,0.962404,1.468100,-0.0333,0.912656,1.693958,0.447944,1.024511,0.552021,0.460846,1.177010,2.062437,0.470156
11.6005,pushUp,face,0.060716,0.059455,0.901929,0.495081,0.241830,0.184805,0.328542,0.901929,0.060716,4,,,,,,rest,1,5,debug,0.094581,0.245758,,,,0.651935,0.604886,0.940694,0.416598,0.436860,0.968780,1.482979,-0.0333,0.906997,1.693958,0.452294,1.031738,0.556522,0.462511,1.186558,2.062437,0.473197
11.6338,pushUp,face,0.061037,0.059929,0.921213,0.500876,0.240053,0.185292,0.329408,0.921213,0.061037,4,,,,,,rest,1,5,debug,0.094581,0.245758,,,,0.652114,0.607083,0.940208,0.418985,0.438354,0.975238,1.514787,-0.0333,0.912656,1.693958,0.455111,1.031738,0.558647,0.462511,1.186558,2.032753,0.474953
11.6672,pushUp,face,0.062130,0.060589,0.919887,0.506493,0.232243,0.186944,0.332344,0.919887,0.062130,4,,,,,,rest,1,5,debug,0.094581,0.245758,,,,0.651767,0.607982,0.940347,0.421399,0.439485,0.989371,1.564550,-0.0333,0.912656,1.693958,0.462511,1.024511,0.565121,0.467149,1.186558,2.032753,0.479849
11.7005,pushUp,face,0.063448,0.061447,0.918027,0.512097,0.223703,0.188917,0.335853,0.918027,0.063448,4,,,,,,rest,1,5,debug,0.094581,0.245758,,,,0.652434,0.610392,0.940278,0.422791,0.442524,1.002937,1.581467,-0.0333,0.906997,1.693958,0.464188,1.031738,0.576576,0.467149,1.186558,2.062437,0.486228
11.7338,pushUp,face,0.062171,0.061664,0.895954,0.515772,0.221666,0.187005,0.332454,0.895954,0.062171,4,,,,,,rest,1,5,debug,0.094581,0.245758,,,,0.652624,0.611379,0.939792,0.426665,0.443674,1.009858,1.598750,-0.0333,0.912656,1.693958,0.464188,1.024511,0.590881,0.468435,1.177010,2.062437,0.496122
11.7672,pushUp,face,0.063969,0.062356,0.903282,0.518903,0.217435,0.189691,0.337228,0.903282,0.063969,4,,,,,,rest,1,5,debug,0.094581,0.245758,,,,0.652876,0.612193,0.940139,0.427736,0.443674,1.016880,1.598750,-0.0333,0.912656,1.693958,0.467149,1.031738,1.581467,0.470156,1.186558,2.062437,0.499998
11.8005,pushUp,face,0.065322,0.063246,0.904902,0.524998,0.215888,0.191687,0.340777,0.904902,0.065322,4,,,,,,rest,1,5,debug,0.094581,0.245758,,,,0.653211,0.612411,0.939444,0.427736,0.445217,1.031738,1.598750,-0.0333,0.912656,1.693958,0.467149,1.031738,1.655612,0.468435,1.186558,2.062437,0.510468
11.8338,pushUp,face,0.064826,0.063720,0.892405,0.526211,0.215990,0.190956,0.339478,0.892405,0.064826,4,,,,,,rest,1,5,debug,0.094581,0.245758,,,,0.653940,0.613707,0.939028,0.427736,0.445217,1.039594,1.617693,-0.0333,0.912656,1.693958,0.467149,1.024511,1.674570,0.465454,1.186558,2.062437,0.535565
11.8672,pushUp,face,0.066041,0.064416,0.880285,0.528865,0.212579,0.192738,0.342646,0.880285,0.066041,4,0.617707,0.605032,,0.676758,,rest,1,5,debug,0.094581,0.245758,0.339994,0.134033,2,0.655109,0.614171,0.938958,0.426665,0.445217,1.054583,1.617693,-0.0333,0.912656,1.693958,0.467149,1.024511,1.693958,0.464188,1.186558,2.062437,1.898054
11.9005,pushUp,face,0.066942,0.065174,0.896227,0.532011,0.212207,0.194049,0.344976,0.896227,0.066942,4,,,,,,rest,1,5,debug,0.094581,0.245758,,,,0.656334,0.614316,0.938681,0.425249,0.445217,1.062792,1.617693,-0.0333,0.906997,1.693958,0.465454,1.024511,1.693958,0.460846,1.177010,2.032753,1.898054
11.9338,pushUp,face,0.067560,0.065890,0.903822,0.535053,0.209297,0.194942,0.346563,0.903822,0.067560,4,0.618644,0.644613,,0.716309,,rest,1,5,debug,0.094581,0.245758,0.303575,0.124512,2,0.657813,0.615483,0.938681,0.425249,0.445217,1.062792,1.617693,0.0000,0.906997,1.693958,0.465454,1.024511,1.693958,0.460846,1.177010,2.032753,1.898054
11.9672,pushUp,face,0.069262,0.066901,0.885539,0.537787,0.206605,0.197382,0.350902,0.885539,0.069262,4,0.622323,0.645863,,0.683105,,rest,1,5,debug,0.094581,0.245758,0.292432,0.154053,2,0.658797,0.615305,0.937639,0.425249,0.443674,1.078462,1.617693,0.0000,0.912656,1.693958,0.465454,1.024511,1.715243,0.459605,1.186558,2.062437,1.948620
12.0005,pushUp,face,0.070621,0.068017,0.915364,0.542138,0.202588,0.199309,0.354327,0.915364,0.070621,4,0.625154,0.609218,,0.625488,,rest,1,5,debug,0.094581,0.245758,0.339740,0.116943,2,0.659495,0.615232,0.937986,0.423839,0.442524,1.087048,1.635777,0.0000,0.912656,1.693958,0.464188,1.024511,1.756431,0.456734,1.186558,2.062437,1.948620
12.0339,pushUp,face,0.072454,0.069348,0.928078,0.542701,0.197334,0.201880,0.358897,0.928078,0.072454,4,,,,,,rest,1,5,debug,0.094581,0.245758,,,,0.659749,0.615066,0.937292,0.423839,0.440998,1.104041,1.635777,-0.0333,0.912656,1.693958,0.460846,1.024511,1.756431,0.455111,1.186558,2.062437,1.976825
12.0672,pushUp,face,0.074725,0.070961,0.910550,0.545765,0.193596,0.205019,0.364478,0.910550,0.074725,4,0.383665,0.354702,,0.477539,,rest,1,5,debug,0.094581,0.245758,0.301615,0.179199,4,0.660229,0.615539,0.937014,0.423839,0.439485,1.112438,1.635777,-0.0333,0.912656,1.693958,0.459605,1.024511,1.756431,0.453498,1.186558,2.062437,1.976825
12.1005,pushUp,face,0.074334,0.071973,0.896227,0.549264,0.190010,0.204482,0.363524,0.896227,0.074334,4,,,,,,rest,1,5,debug,0.094581,0.245758,,,,0.660913,0.617385,0.937361,0.423839,0.439485,1.112438,1.635777,-0.0333,0.912656,1.693958,0.459605,1.024511,1.756431,0.453498,1.186558,2.062437,1.976825
12.1339,pushUp,face,0.076795,0.073420,0.918559,0.550087,0.182378,0.207840,0.369493,0.918559,0.076795,4,,,,,,rest,1,5,debug,0.094581,0.245758,,,,0.661575,0.619537,0.937292,0.423839,0.439485,1.120963,1.655612,-0.0333,0.912656,1.693958,0.457961,1.031738,1.779320,0.453498,1.186558,2.062437,1.976825
12.2005,pushUp,face,0.079096,0.076315,0.912157,0.554171,0.173565,0.210930,0.374987,0.912157,0.079096,4,,,,,,rest,1,5,debug,0.094581,0.245758,,,,0.663989,0.624462,0.937292,0.425249,0.439485,1.120963,1.655612,-0.0333,0.912656,1.693958,0.457961,1.031738,1.801231,0.456734,1.186558,2.062437,1.976825
12.2339,pushUp,face,0.079128,0.077159,0.906789,0.555107,0.171717,0.210972,0.375062,0.906789,0.079128,4,,,,,,rest,1,5,debug,0.094581,0.245758,,,,0.665074,0.627008,0.937153,0.425249,0.440998,1.120963,1.655612,-0.0333,0.912656,1.674570,0.457961,1.024511,1.801231,0.456734,1.196261,2.062437,1.976825
12.2672,pushUp,face,0.077068,0.077131,0.902741,0.555264,0.172518,0.208208,0.370147,0.902741,0.077068,4,,,,,,rest,1,5,debug,0.094581,0.245758,,,,0.666194,0.629388,0.937639,0.425249,0.440998,1.112438,1.674570,-0.0333,0.912656,1.674570,0.456734,1.024511,1.801231,0.459605,1.186558,2.062437,1.976825
12.3339,pushUp,face,0.078095,0.077623,0.919621,0.556925,0.169005,0.209591,0.372607,0.919621,0.078095,4,0.641895,0.663673,,0.618164,,rest,1,5,debug,0.094581,0.245758,0.278938,0.126953,2,0.668607,0.634054,0.937708,0.425249,0.440998,1.104041,1.674570,-0.0333,0.912656,1.693958,0.457961,1.031738,1.801231,0.457961,1.186558,2.062437,1.976825
12.3672,pushUp,face,0.076156,0.077183,0.932801,0.557296,0.167462,0.206973,0.367952,0.932801,0.076156,4,0.644240,0.662379,,0.615234,,rest,1,5,debug,0.094581,0.245758,0.275324,0.120605,2,0.669383,0.635462,0.937708,0.425249,0.440998,1.104041,1.674570,0.0000,0.912656,1.693958,0.457961,1.031738,1.801231,0.457961,1.186558,2.062437,1.976825
12.4005,pushUp,face,0.076670,0.077029,0.935414,0.555784,0.164878,0.207670,0.369191,0.935414,0.076670,4,0.649850,0.664720,,0.565430,,rest,1,5,debug,0.094581,0.245758,0.273660,0.108154,2,0.670264,0.636878,0.937292,0.425249,0.439485,1.104041,1.674570,0.0000,0.912656,1.693958,0.456734,1.024511,1.801231,0.457961,1.177010,2.062437,1.976825
12.4339,pushUp,face,0.077379,0.077134,0.932801,0.553728,0.162919,0.208628,0.370895,0.932801,0.077379,4,0.649284,0.661507,,0.563965,,rest,1,5,debug,0.094581,0.245758,0.272949,0.106689,2,0.671026,0.637464,0.937500,0.423839,0.439485,1.104041,1.674570,0.0000,0.912656,1.674570,0.455111,1.031738,1.801231,0.457961,1.186558,2.062437,1.976825
12.4672,pushUp,face,0.076573,0.076966,0.930967,0.553506,0.164955,0.207538,0.368957,0.930967,0.076573,4,0.647116,0.660685,,0.550293,,rest,1,5,debug,0.094581,0.245758,0.274870,0.107910,2,0.671132,0.636775,0.938056,0.422791,0.439485,1.095185,1.674570,0.0000,0.912656,1.674570,0.455111,1.024511,1.801231,0.457961,1.186558,2.062437,1.948620
12.5005,pushUp,face,0.077174,0.077028,0.925971,0.551538,0.163291,0.208352,0.370404,0.925971,0.077174,4,,,,,,rest,1,5,debug,0.094581,0.245758,,,,0.671299,0.636046,0.937847,0.422791,0.436860,1.095185,1.655612,-0.0333,0.912656,1.674570,0.453498,1.031738,1.801231,0.456734,1.196261,2.062437,1.948620
12.5339,pushUp,face,0.077553,0.077186,0.924387,0.549923,0.161867,0.208863,0.371311,0.924387,0.077553,4,0.644297,0.655631,,0.506836,,rest,1,5,debug,0.094581,0.245758,0.285265,0.107422,2,0.671565,0.635072,0.937847,0.422791,0.436860,1.095185,1.655612,0.0000,0.912656,1.674570,0.453498,1.031738,1.801231,0.456734,1.196261,2.062437,1.948620
12.5672,pushUp,face,0.077666,0.077330,0.925179,0.550742,0.162631,0.209014,0.371581,0.925179,0.077666,4,,,,,,rest,1,5,debug,0.094581,0.245758,,,,0.672125,0.634942,0.937778,0.421399,0.435743,1.087048,1.655612,-0.0333,0.912656,1.674570,0.452294,1.031738,1.779320,0.455111,1.186558,2.062437,1.948620
12.6005,pushUp,face,0.077346,0.077335,0.914563,0.548689,0.162743,0.208583,0.370815,0.914563,0.077346,4,,,,,,rest,1,5,debug,0.094581,0.245758,,,,0.672923,0.635437,0.938056,0.420361,0.435743,1.078462,1.655612,-0.0333,0.912656,1.674570,0.452294,1.024511,1.779320,0.452294,1.186558,2.062437,1.976825
12.6672,pushUp,face,0.077374,0.077355,0.911086,0.545555,0.168468,0.208622,0.370883,0.911086,0.077374,4,0.643525,0.650662,,0.424805,,rest,1,5,debug,0.094581,0.245758,0.279285,0.121094,2,0.674247,0.635277,0.937847,0.421399,0.435743,1.078462,1.655612,0.0000,0.912656,1.674570,0.452294,1.031738,1.756431,0.453498,1.186558,2.062437,1.976825
12.7005,pushUp,face,0.077239,0.077320,0.910550,0.543593,0.169483,0.208439,0.370558,0.910550,0.077239,4,0.641473,0.649842,,0.494873,,rest,1,5,debug,0.094581,0.245758,0.284573,0.102295,2,0.674645,0.634381,0.937847,0.421399,0.435743,1.078462,1.635777,0.0000,0.912656,1.674570,0.452294,1.031738,1.756431,0.453498,1.196261,2.062437,1.948620
12.7339,pushUp,face,0.078200,0.077584,0.910282,0.543992,0.170927,0.209732,0.372856,0.910282,0.078200,4,0.651236,0.651294,,0.482178,,rest,1,5,debug,0.094581,0.245758,0.281917,0.106689,2,0.675165,0.634056,0.938194,0.420361,0.434266,1.070570,1.635777,0.0000,0.906997,1.674570,0.452294,1.024511,1.756431,0.452294,1.186558,2.062437,1.948620
12.7672,pushUp,face,0.077206,0.077471,0.911622,0.543941,0.172142,0.208395,0.370480,0.911622,0.077206,4,0.644378,0.651870,,0.576660,,rest,1,5,debug,0.094581,0.245758,0.277012,0.112793,2,0.675438,0.633757,0.937222,0.420361,0.434266,1.070570,1.635777,0.0000,0.912656,1.674570,0.453498,1.024511,1.756431,0.452294,1.186558,2.062437,1.948620
12.8006,pushUp,face,0.077657,0.077527,0.909745,0.543788,0.171843,0.209003,0.371561,0.909745,0.077657,4,0.647412,0.648824,,0.530273,,rest,1,5,debug,0.094581,0.245758,0.281317,0.102295,2,0.675770,0.633073,0.937917,0.420361,0.434266,1.062792,1.635777,0.0000,0.912656,1.674570,0.452294,1.024511,1.735592,0.452294,1.186558,2.062437,1.976825
12.8339,pushUp,face,0.077788,0.077605,0.912425,0.542288,0.173684,0.209179,0.371874,0.912425,0.077788,4,0.646691,0.647430,,0.499512,,rest,1,5,debug,0.094581,0.245758,0.279255,0.119141,2,0.676105,0.632959,0.937778,0.420361,0.434266,1.070570,1.635777,0.0000,0.912656,1.674570,0.452294,1.031738,1.735592,0.450704,1.186558,2.062437,1.948620
12.8672,pushUp,face,0.077133,0.077463,0.915364,0.541677,0.173413,0.208296,0.370303,0.915364,0.077133,4,,,,,,rest,1,5,debug,0.094581,0.245758,,,,0.676502,0.633545,0.937361,0.420361,0.434266,1.062792,1.635777,-0.0333,0.912656,1.674570,0.450704,1.031738,1.735592,0.449516,1.186558,2.062437,1.948620
12.9006,pushUp,face,0.076192,0.077082,0.916963,0.541247,0.176170,0.207022,0.368039,0.916963,0.076192,4,,,,,,rest,1,5,debug,0.094581,0.245758,,,,0.676747,0.633910,0.937569,0.420361,0.434266,1.062792,1.617693,-0.0333,0.906997,1.674570,0.450704,1.024511,1.735592,0.452294,1.186558,2.062437,1.948620
12.9339,pushUp,face,0.076959,0.077045,0.918559,0.540828,0.172956,0.208062,0.369887,0.918559,0.076959,4,0.646393,0.644804,,0.511719,,rest,1,5,debug,0.094581,0.245758,0.277818,0.117676,2,0.677060,0.634432,0.937431,0.420361,0.434266,1.062792,1.635777,-0.0333,0.906997,1.674570,0.450704,1.024511,1.735592,0.450704,1.186558,2.062437,1.948620
12.9672,pushUp,face,0.076588,0.076908,0.914830,0.540038,0.172943,0.207560,0.368995,0.914830,0.076588,4,0.646678,0.641842,,0.506836,,rest,1,5,debug,0.094581,0.245758,0.279155,0.111084,2,0.677231,0.634659,0.938194,0.418985,0.434266,1.062792,1.635777,-0.0333,0.912656,1.674570,0.452294,1.031738,1.756431,0.450704,1.186558,2.062437,1.948620
13.0006,pushUp,face,0.076362,0.076744,0.918293,0.540229,0.174639,0.207252,0.368448,0.918293,0.076362,4,,,,,,rest,1,5,debug,0.094581,0.245758,,,,0.677480,0.634816,0.937847,0.418985,0.434266,1.062792,1.617693,-0.0333,0.912656,1.674570,0.452294,1.031738,1.735592,0.450704,1.186558,2.062437,1.948620
13.0339,pushUp,face,0.075990,0.076518,0.917229,0.538779,0.169398,0.206747,0.367550,0.917229,0.075990,4,0.647598,0.643130,,0.516602,,rest,1,5,debug,0.094581,0.245758,0.275146,0.109131,2,0.677701,0.635016,0.937639,0.418985,0.433164,1.062792,1.635777,-0.0333,0.912656,1.674570,0.452294,1.024511,1.756431,0.450704,1.196261,2.062437,1.948620
13.0672,pushUp,face,0.076694,0.076571,0.917229,0.540708,0.172987,0.207702,0.369248,0.917229,0.076694,4,0.645710,0.644737,,0.526367,,rest,1,5,debug,0.094581,0.245758,0.274181,0.106445,2,0.677947,0.635212,0.937778,0.418985,0.434266,1.062792,1.617693,-0.0333,0.906997,1.674570,0.450704,1.031738,1.735592,0.450704,1.186558,2.062437,1.948620
13.1006,pushUp,face,0.076163,0.076448,0.918027,0.541032,0.174188,0.206982,0.367968,0.918027,0.076163,4,0.645603,0.643643,,0.530273,,rest,1,5,debug,0.094581,0.245758,0.274228,0.119141,2,0.678122,0.635216,0.937847,0.418985,0.434266,1.070570,1.635777,-0.0333,0.912656,1.674570,0.450704,1.024511,1.756431,0.449516,1.186558,2.062437,1.948620
13.1339,pushUp,face,0.075567,0.076184,0.918293,0.539858,0.174270,0.206171,0.366525,0.918293,0.075567,4,,,,,,rest,1,5,debug,0.094581,0.245758,,,,0.678397,0.635399,0.938056,0.420361,0.434266,1.062792,1.617693,-0.0333,0.912656,1.674570,0.450704,1.024511,1.735592,0.452294,1.186558,2.062437,1.948620
13.1672,pushUp,face,0.074658,0.075726,0.916430,0.540531,0.176964,0.204928,0.364316,0.916430,0.074658,4,,,,,,rest,1,5,debug,0.094581,0.245758,,,,0.678649,0.635058,0.937708,0.420361,0.434266,1.062792,1.617693,-0.0333,0.912656,1.674570,0.450704,1.031738,1.735592,0.450704,1.186558,2.062437,1.948620
13.2006,pushUp,face,0.076776,0.076041,0.911890,0.541610,0.174846,0.207814,0.369448,0.911890,0.076776,4,0.644321,0.647068,,0.543945,,rest,1,5,debug,0.094581,0.245758,0.278687,0.120850,2,0.678771,0.634719,0.937292,0.420361,0.434266,1.062792,1.617693,-0.0333,0.912656,1.674570,0.450704,1.024511,1.735592,0.450704,1.186558,2.062437,1.948620
13.2339,pushUp,face,0.077955,0.076616,0.914296,0.540928,0.171538,0.209404,0.372273,0.914296,0.077955,4,0.643930,0.649562,,0.502930,,rest,1,5,debug,0.094581,0.245758,0.276488,0.118408,2,0.678939,0.634761,0.937292,0.420361,0.434266,1.062792,1.617693,0.0000,0.912656,1.674570,0.450704,1.024511,1.735592,0.450704,1.186558,2.062437,1.948620
13.2672,pushUp,face,0.076844,0.076684,0.916696,0.542981,0.174669,0.207905,0.369610,0.916696,0.076844,4,0.644136,0.647177,,0.491455,,rest,1,5,debug,0.094581,0.245758,0.277842,0.111084,2,0.679289,0.635130,0.937500,0.420361,0.434266,1.070570,1.617693,0.0000,0.912656,1.674570,0.450704,1.024511,1.735592,0.450704,1.186558,2.062437,1.948620
13.3006,pushUp,face,0.077581,0.076953,0.918027,0.542905,0.176891,0.208900,0.371378,0.918027,0.077581,4,0.644101,0.648629,,0.511230,,rest,1,5,debug,0.094581,0.245758,0.276183,0.136475,2,0.679654,0.635326,0.937639,0.420361,0.434266,1.070570,1.635777,0.0000,0.912656,1.674570,0.450704,1.031738,1.735592,0.450704,1.186558,2.062437,1.948620
13.3339,pushUp,face,0.077133,0.077007,0.920152,0.542802,0.178691,0.208296,0.370304,0.920152,0.077133,4,0.642657,0.649837,,0.516602,,rest,1,5,debug,0.094581,0.245758,0.275484,0.157959,2,0.679919,0.635389,0.938056,0.420361,0.434266,1.070570,1.617693,0.0000,0.912656,1.674570,0.449516,1.024511,1.735592,0.450704,1.186558,2.062437,1.948620
13.3672,pushUp,face,0.075889,0.076672,0.922007,0.545179,0.180725,0.206610,0.367306,0.922007,0.075889,4,0.644284,0.646675,,0.522461,,rest,1,5,debug,0.094581,0.245758,0.278863,0.166992,2,0.680063,0.635478,0.937639,0.420361,0.434266,1.070570,1.617693,0.0000,0.906997,1.674570,0.450704,1.024511,1.735592,0.450704,1.186558,2.062437,1.976825
13.4006,pushUp,face,0.076599,0.076650,0.920417,0.542713,0.178293,0.207574,0.369021,0.920417,0.076599,4,0.643198,0.652455,,0.523926,,rest,1,5,debug,0.094581,0.245758,0.274914,0.172607,2,0.680283,0.635589,0.938056,0.420361,0.434266,1.070570,1.617693,0.0000,0.912656,1.674570,0.450704,1.024511,1.735592,0.450704,1.186558,2.062437,1.948620
13.4339,pushUp,face,0.076093,0.076483,0.918559,0.543385,0.181599,0.206887,0.367799,0.918559,0.076093,4,0.640433,0.650269,,0.579590,,rest,1,5,debug,0.094581,0.245758,0.280663,0.138428,2,0.680482,0.635715,0.937986,0.420361,0.434266,1.070570,1.617693,0.0000,0.912656,1.674570,0.450704,1.031738,1.735592,0.450704,1.186558,2.062437,1.948620
13.4672,pushUp,face,0.078742,0.077160,0.911622,0.543830,0.174356,0.210457,0.374146,0.911622,0.078742,4,,,,,,rest,1,5,debug,0.094581,0.245758,,,,0.680736,0.636149,0.937847,0.420361,0.435743,1.078462,1.617693,-0.0333,0.912656,1.674570,0.450704,1.031738,1.735592,0.450704,1.186558,2.062437,1.976825
13.5006,pushUp,face,0.076693,0.077020,0.905711,0.544781,0.178376,0.207701,0.369247,0.905711,0.076693,4,,,,,,rest,1,5,debug,0.094581,0.245758,,,,0.681107,0.637098,0.937917,0.420361,0.435743,1.078462,1.635777,-0.0333,0.912656,1.674570,0.452294,1.024511,1.756431,0.450704,1.186558,2.062437,1.948620
13.5339,pushUp,face,0.076663,0.076913,0.904902,0.546577,0.175954,0.207660,0.369174,0.904902,0.076663,4,,,,,,rest,1,5,debug,0.094581,0.245758,,,,0.681279,0.637794,0.937986,0.421399,0.435743,1.078462,1.635777,-0.0333,0.906997,1.674570,0.452294,1.024511,1.756431,0.450704,1.196261,2.062437,1.976825
13.5673,pushUp,face,0.076931,0.076918,0.899490,0.544845,0.174433,0.208024,0.369820,0.899490,0.076931,4,0.643162,0.653352,,0.592285,,rest,1,5,debug,0.094581,0.245758,0.281968,0.130615,2,0.681651,0.638842,0.937986,0.420361,0.434266,1.087048,1.635777,-0.0333,0.912656,1.674570,0.450704,1.031738,1.756431,0.452294,1.186558,2.032753,1.948620
13.6006,pushUp,face,0.076759,0.076871,0.901929,0.547293,0.172132,0.207790,0.369405,0.901929,0.076759,4,,,,,,rest,1,5,debug,0.094581,0.245758,,,,0.682846,0.641998,0.937083,0.420361,0.434266,1.095185,1.655612,-0.0333,0.918383,1.674570,0.449516,1.039594,1.756431,0.453498,1.196261,2.062437,1.976825
13.6339,pushUp,face,0.076701,0.076820,0.925179,0.545662,0.164273,0.207712,0.369266,0.925179,0.076701,4,,,,,,rest,1,5,debug,0.094581,0.245758,,,,0.682124,0.642486,0.937292,0.421399,0.435743,1.087048,1.635777,-0.0333,0.912656,1.674570,0.452294,1.024511,1.779320,0.453498,1.177010,2.062437,1.976825
13.6673,pushUp,face,0.076529,0.076733,0.910282,0.548192,0.170757,0.207479,0.368852,0.910282,0.076529,4,,,,,,rest,1,5,debug,0.094581,0.245758,,,,0.683454,0.643209,0.937083,0.421399,0.436860,1.104041,1.655612,-0.0333,0.925022,1.674570,0.449516,1.031738,1.779320,0.456734,1.177010,2.062437,1.976825
13.7006,pushUp,face,0.078029,0.077122,0.918027,0.546092,0.166554,0.209503,0.372449,0.918027,0.078029,4,,,,,,rest,1,5,debug,0.094581,0.245758,,,,0.685514,0.646194,0.936528,0.423839,0.438354,1.120963,1.674570,-0.0667,0.925022,1.674570,0.450704,1.024511,1.779320,0.459605,1.139041,2.062437,1.976825
13.7673,pushUp,face,0.076979,0.077049,0.914296,0.547006,0.155889,0.208089,0.369935,0.914296,0.076979,4,0.353345,0.322625,,0.424072,,rest,1,5,debug,0.094581,0.245758,0.305679,0.111572,4,0.687139,0.648886,0.936597,0.423839,0.439485,1.130241,1.674570,-0.0333,0.925022,1.674570,0.450704,1.024511,1.801231,0.460846,1.139041,2.032753,1.976825
13.8006,pushUp,face,0.077921,0.077311,0.904632,0.547713,0.149550,0.209357,0.372191,0.904632,0.077921,4,0.418896,0.316237,,0.409424,,rest,1,5,debug,0.094581,0.245758,0.305020,0.119873,4,0.687517,0.650610,0.936597,0.423839,0.439485,1.130241,1.674570,0.0000,0.925022,1.674570,0.450704,1.024511,1.801231,0.460846,1.139041,2.032753,1.976825
13.8339,pushUp,face,0.077485,0.077363,0.900846,0.547384,0.150195,0.208770,0.371147,0.900846,0.077485,4,0.347282,0.314412,,0.457275,,rest,1,5,debug,0.094581,0.245758,0.303556,0.137207,4,0.687385,0.651197,0.936667,0.423839,0.439485,1.139041,1.693958,0.0000,0.925022,1.674570,0.449516,1.024511,1.801231,0.462511,1.147982,2.062437,1.976825
13.8673,pushUp,face,0.078165,0.077603,0.921213,0.549814,0.157434,0.209685,0.372773,0.921213,0.078165,4,0.429380,0.322395,,0.464355,,rest,1,5,debug,0.094581,0.245758,0.310028,0.118164,4,0.688878,0.651019,0.936597,0.423839,0.439485,1.120963,1.674570,0.0000,0.918383,1.674570,0.452294,1.016880,1.801231,0.460846,1.139041,2.062437,1.976825
13.9006,pushUp,face,0.077185,0.077478,0.921743,0.549345,0.158019,0.208367,0.370430,0.921743,0.077185,4,0.436014,0.317502,,0.513672,,rest,1,5,debug,0.094581,0.245758,0.299522,0.140869,4,0.688205,0.650258,0.936944,0.423839,0.439485,1.112438,1.674570,0.0000,0.912656,1.674570,0.450704,1.009858,1.779320,0.460846,1.130241,2.032753,1.976825
13.9339,pushUp,face,0.077598,0.077514,0.922272,0.546625,0.157078,0.208923,0.371419,0.922272,0.077598,4,0.430917,0.313988,,0.491211,,rest,1,5,debug,0.094581,0.245758,0.294224,0.147461,4,0.688021,0.650945,0.937014,0.423839,0.439485,1.112438,1.674570,0.0000,0.925022,1.674570,0.450704,1.009858,1.801231,0.462511,1.120963,2.032753,1.976825
13.9673,pushUp,face,0.078013,0.077664,0.916963,0.547388,0.151376,0.209481,0.372411,0.916963,0.078013,4,0.424561,0.312031,,0.603027,,rest,1,5,debug,0.094581,0.245758,0.292432,0.147217,4,0.687705,0.651350,0.936597,0.425249,0.439485,1.120963,1.674570,0.0000,0.925022,1.674570,0.449516,1.009858,1.801231,0.460846,1.130241,2.032753,1.976825
14.0006,pushUp,face,0.077296,0.077553,0.911354,0.548620,0.153017,0.208516,0.370696,0.911354,0.077296,4,0.418657,0.312387,,0.487549,,rest,1,5,debug,0.094581,0.245758,0.291540,0.120361,4,0.687609,0.652188,0.936528,0.425249,0.439485,1.112438,1.674570,0.0000,0.925022,1.674570,0.450704,1.009858,1.801231,0.462511,1.130241,2.032753,1.976825
14.0339,pushUp,face,0.077211,0.077451,0.907865,0.548135,0.152342,0.208401,0.370491,0.907865,0.077211,4,0.417976,0.311729,,0.464111,,rest,1,5,debug,0.094581,0.245758,0.288854,0.113037,4,0.687349,0.652979,0.936944,0.423839,0.439485,1.112438,1.674570,0.0000,0.918383,1.674570,0.449516,1.009858,1.801231,0.460846,1.130241,2.062437,1.976825
14.0673,pushUp,face,0.076800,0.077255,0.904362,0.548376,0.150453,0.207846,0.369505,0.904362,0.076800,4,0.417918,0.316198,,0.515137,,rest,1,5,debug,0.094581,0.245758,0.293085,0.108643,4,0.687202,0.653414,0.936528,0.423839,0.439485,1.112438,1.674570,0.0000,0.925022,1.674570,0.449516,1.024511,1.801231,0.460846,1.130241,2.062437,1.976825
14.1006,pushUp,face,0.076938,0.077160,0.901117,0.548622,0.149819,0.208033,0.369836,0.901117,0.076938,4,0.416674,0.313141,,0.489746,,rest,1,5,debug,0.094581,0.245758,0.288951,0.109131,4,0.687129,0.653704,0.936806,0.423839,0.439485,1.112438,1.674570,0.0000,0.918383,1.674570,0.449516,1.016880,1.801231,0.462511,1.130241,2.062437,1.976825
14.1339,pushUp,face,0.078135,0.077453,0.895137,0.548261,0.147616,0.209644,0.372701,0.895137,0.078135,4,0.420917,0.313512,,0.458984,,rest,1,5,debug,0.094581,0.245758,0.291596,0.114502,4,0.687269,0.653984,0.936389,0.423839,0.439485,1.112438,1.674570,0.0000,0.918383,1.674570,0.450704,1.024511,1.801231,0.462511,1.130241,2.062437,1.976825
14.1673,pushUp,face,0.077376,0.077430,0.894318,0.548268,0.149778,0.208625,0.370888,0.894318,0.077376,4,,,,,,rest,1,5,debug,0.094581,0.245758,,,,0.687486,0.654233,0.936458,0.423839,0.439485,1.112438,1.693958,-0.0333,0.918383,1.674570,0.449516,1.016880,1.825311,0.462511,1.130241,2.062437,1.976825
14.2006,pushUp,face,0.076941,0.077283,0.888567,0.548393,0.148313,0.208037,0.369844,0.888567,0.076941,4,,,,,,rest,1,5,debug,0.094581,0.245758,,,,0.687808,0.654492,0.936875,0.423839,0.439485,1.112438,1.674570,-0.0333,0.918383,1.674570,0.450704,1.016880,1.801231,0.462511,1.130241,2.062437,1.976825
14.2339,pushUp,face,0.078111,0.077531,0.886090,0.546650,0.142827,0.209612,0.372644,0.886090,0.078111,4,,,,,,rest,1,5,debug,0.094581,0.245758,,,,0.688093,0.654724,0.936458,0.423839,0.438354,1.130241,1.693958,-0.0667,0.930907,1.655612,0.446382,1.016880,1.825311,0.464188,1.147982,2.062437,2.003906
14.3006,pushUp,face,0.074987,0.076234,0.899761,0.549652,0.151321,0.205378,0.365116,0.899761,0.074987,4,,,,,,rest,1,5,debug,0.094581,0.245758,,,,0.689830,0.657698,0.936528,0.423839,0.438354,1.104041,1.693958,-0.0333,0.918383,1.674570,0.449516,1.016880,1.825311,0.462511,1.130241,2.062437,2.003906
14.3340,pushUp,face,0.075424,0.075991,0.895682,0.548918,0.149036,0.205975,0.366178,0.895682,0.075424,4,0.414432,0.314193,,0.598145,,rest,1,5,debug,0.094581,0.245758,0.309446,0.158691,4,0.690847,0.658110,0.937014,0.423839,0.439485,1.112438,1.674570,-0.0333,0.925022,1.674570,0.449516,1.016880,1.801231,0.462511,1.139041,2.062437,1.976825
14.3673,pushUp,face,0.077014,0.076298,0.888292,0.549031,0.146737,0.208136,0.370019,0.888292,0.077014,4,0.419124,0.315696,,0.551758,,rest,1,5,debug,0.094581,0.245758,0.306255,0.121826,4,0.690371,0.656958,0.937014,0.423839,0.439485,1.112438,1.674570,0.0000,0.925022,1.674570,0.449516,1.016880,1.801231,0.462511,1.139041,2.062437,1.976825
14.4006,pushUp,face,0.076767,0.076439,0.882501,0.548591,0.147494,0.207802,0.369426,0.882501,0.076767,4,0.418821,0.307071,,0.583496,,rest,1,5,debug,0.094581,0.245758,0.292970,0.144775,4,0.690291,0.656948,0.936944,0.423839,0.439485,1.112438,1.674570,0.0000,0.918383,1.674570,0.449516,1.009858,1.801231,0.464188,1.130241,2.032753,1.976825
14.4340,pushUp,face,0.076771,0.076538,0.887742,0.549178,0.148938,0.207807,0.369434,0.887742,0.076771,4,,,,,,rest,1,5,debug,0.094581,0.245758,,,,0.690343,0.656882,0.936875,0.423839,0.438354,1.104041,1.674570,-0.0333,0.918383,1.674570,0.447944,1.009858,1.801231,0.462511,1.130241,2.062437,1.976825
14.4673,pushUp,face,0.075172,0.076128,0.884712,0.549457,0.152052,0.205631,0.365566,0.884712,0.075172,4,,,,,,rest,1,5,debug,0.094581,0.245758,,,,0.690629,0.657198,0.936944,0.423839,0.438354,1.104041,1.674570,-0.0333,0.918383,1.674570,0.447944,1.009858,1.801231,0.462511,1.130241,2.062437,1.976825
14.5006,pushUp,face,0.075265,0.075869,0.891310,0.546908,0.151346,0.205759,0.365793,0.891310,0.075265,4,,,,,,rest,1,5,debug,0.094581,0.245758,,,,0.690912,0.657652,0.936736,0.423839,0.439485,1.095185,1.693958,-0.0333,0.918383,1.674570,0.449516,1.009858,1.801231,0.462511,1.139041,2.062437,1.976825
14.5340,pushUp,face,0.076861,0.076167,0.896772,0.546238,0.146392,0.207929,0.369651,0.896772,0.076861,4,,,,,,rest,1,5,debug,0.094581,0.245758,,,,0.691090,0.657915,0.937083,0.423839,0.438354,1.095185,1.693958,-0.0667,0.918383,1.674570,0.449516,1.016880,1.801231,0.460846,1.130241,2.062437,1.976825
14.6006,pushUp,face,0.074337,0.075234,0.905711,0.545715,0.152782,0.204486,0.363531,0.905711,0.074337,4,,,,,,rest,1,5,debug,0.094581,0.245758,,,,0.691255,0.658291,0.937361,0.422791,0.438354,1.095185,1.674570,-0.0333,0.925022,1.674570,0.449516,1.016880,1.801231,0.462511,1.130241,2.032753,1.976825
14.6340,pushUp,face,0.077065,0.075783,0.903822,0.543643,0.149890,0.208205,0.370142,0.903822,0.077065,4,,,,,,rest,1,5,debug,0.094581,0.245758,,,,0.691167,0.657727,0.936875,0.421399,0.436860,1.095185,1.674570,-0.0333,0.925022,1.674570,0.447944,1.009858,1.801231,0.460846,1.130241,2.032753,1.976825
14.6673,pushUp,face,0.074304,0.075340,0.908403,0.543330,0.153750,0.204441,0.363451,0.908403,0.074304,4,,,,,,rest,1,5,debug,0.094581,0.245758,,,,0.691141,0.657635,0.937222,0.421399,0.436860,1.087048,1.674570,-0.0667,0.918383,1.674570,0.446382,1.016880,1.801231,0.460846,1.130241,2.032753,1.976825
14.7340,pushUp,face,0.074810,0.075070,0.916430,0.544493,0.152737,0.205136,0.364686,0.916430,0.074810,4,,,,,,rest,1,5,debug,0.094581,0.245758,,,,0.691135,0.657716,0.937153,0.421399,0.436860,1.087048,1.674570,-0.0333,0.918383,1.674570,0.446382,1.016880,1.825311,0.460846,1.139041,2.062437,1.976825
14.7673,pushUp,face,0.075161,0.075097,0.919356,0.543516,0.151190,0.205617,0.365540,0.919356,0.075161,4,,,,,,rest,1,5,debug,0.094581,0.245758,,,,0.691151,0.657727,0.936597,0.421399,0.435743,1.087048,1.674570,-0.0333,0.918383,1.655612,0.446382,1.009858,1.801231,0.460846,1.120963,2.062437,1.976825
14.8006,pushUp,face,0.076902,0.075638,0.917761,0.542900,0.148261,0.207984,0.369749,0.917761,0.076902,4,,,,,,rest,1,5,debug,0.094581,0.245758,,,,0.691317,0.657911,0.936667,0.420361,0.435743,1.087048,1.693958,-0.0667,0.918383,1.674570,0.446382,1.009858,1.801231,0.460846,1.130241,2.062437,1.976825
