t,exercise,source,raw,smoothed,confidence,face_x,face_y,face_w,face_h,face_conf,face_area,orientation,pose_nose_y,pose_shoulder_y,pose_hip_y,pose_conf,event,phase,armed,rep_count,state,low,high,pose_shoulder_w,luma_mean,luma_center,depth_near,depth_center,depth_valid
0.0000,squat,face,0.026948,0.032408,0.916696,0.291579,0.560073,0.123119,0.218879,0.916696,0.026948,2,,,,,,rest,0,0,debug,0.006000,0.012000,,0.598522,0.641112,,,
0.0333,squat,face,0.036710,0.033699,0.929917,0.278660,0.536831,0.143699,0.255464,0.929917,0.036710,2,0.660155,0.677375,,0.817383,,rest,0,0,debug,0.006000,0.012000,0.378948,0.600526,0.639581,0.575000,1.705000,1.000000
0.1000,squat,face,0.030494,0.032737,0.930705,0.288320,0.546242,0.130968,0.232832,0.930705,0.030494,2,0.656346,0.674418,,0.818848,,rest,0,0,debug,0.006000,0.012000,0.378518,0.599855,0.638632,,,
0.1333,squat,face,0.031145,0.032260,0.932015,0.284541,0.546146,0.132360,0.235307,0.932015,0.031145,2,0.656305,0.674070,,0.813965,,rest,0,0,debug,0.006000,0.012000,0.377202,0.599208,0.638728,0.575000,1.705000,1.000000
0.1667,squat,face,0.031649,0.032076,0.931491,0.284392,0.543038,0.133426,0.237202,0.931491,0.031649,2,,,,,,rest,0,0,debug,0.006000,0.012000,,0.598633,0.638639,0.575000,1.695000,1.000000
0.2000,squat,face,0.026636,0.030444,0.928867,0.295156,0.556245,0.122404,0.217607,0.928867,0.026636,2,,,,,,rest,0,0,debug,0.006000,0.012000,,0.598701,0.638445,0.575000,1.695000,1.000000
0.2667,squat,face,0.029727,0.030229,0.898947,0.292293,0.543877,0.129311,0.229886,0.898947,0.029727,2,,,,,,rest,0,0,debug,0.006000,0.012000,,0.598319,0.639367,,,
0.3333,squat,face,0.029151,0.029906,0.908134,0.293989,0.546562,0.128052,0.227648,0.908134,0.029151,2,,,,,,rest,0,0,debug,0.006000,0.012000,,0.598652,0.640831,0.575000,1.695000,1.000000
0.3667,squat,face,0.031375,0.030346,0.914029,0.294967,0.540770,0.132847,0.236172,0.914029,0.031375,2,,,,,,rest,0,0,debug,0.006000,0.012000,,0.598569,0.641548,0.575000,1.695000,1.000000
0.4000,squat,face,0.029524,0.030100,0.921213,0.296537,0.542958,0.128869,0.229101,0.921213,0.029524,2,,,,,,rest,0,0,debug,0.006000,0.012000,,0.598123,0.641622,,,
0.4333,squat,face,0.027712,0.029383,0.922801,0.298730,0.550702,0.124851,0.221957,0.922801,0.027712,2,,,,,,rest,0,0,debug,0.006000,0.012000,,0.598368,0.642256,0.575000,1.705000,1.000000
0.4667,squat,face,0.029539,0.029430,0.922007,0.297058,0.549007,0.128901,0.229158,0.922007,0.029539,2,,,,,,rest,0,0,debug,0.006000,0.012000,,0.598834,0.642992,,,
0.5000,squat,face,0.029421,0.029427,0.919621,0.296094,0.546982,0.128643,0.228700,0.919621,0.029421,2,,,,,,rest,0,0,debug,0.006000,0.012000,,0.599513,0.643263,0.575000,1.705000,1.000000
0.5667,squat,face,0.028596,0.029178,0.921213,0.298269,0.553583,0.126827,0.225470,0.921213,0.028596,2,0.661040,0.621306,,0.818359,,rest,0,0,debug,0.006000,0.012000,0.470900,0.600767,0.644324,0.575000,1.705000,1.000000
0.6000,squat,face,0.025826,0.028172,0.907865,0.304364,0.555587,0.120528,0.214273,0.907865,0.025826,2,0.656083,0.620712,,0.795898,,rest,0,0,debug,0.006000,0.012000,0.474083,0.601564,0.645556,0.585000,1.705000,1.000000
0.6333,squat,face,0.024013,0.026924,0.889939,0.313770,0.557996,0.116221,0.206615,0.889939,0.024013,2,0.654139,0.620135,,0.746094,,rest,0,0,debug,0.006000,0.012000,0.472245,0.602081,0.646900,,,
0.6667,squat,face,0.023668,0.025948,0.900304,0.322943,0.556538,0.115384,0.205126,0.900304,0.023668,2,0.653675,0.619543,,0.839844,,rest,0,0,debug,0.006000,0.012000,0.476411,0.601548,0.645974,0.585000,1.695000,1.000000
0.7000,squat,face,0.024626,0.025551,0.874163,0.332168,0.543245,0.117694,0.209234,0.874163,0.024626,2,0.648928,0.619954,,0.820801,,rest,0,0,debug,0.006000,0.012000,0.466248,0.600809,0.644195,,,
0.7333,squat,face,0.022008,0.024488,0.888292,0.345343,0.542401,0.111263,0.197801,0.888292,0.022008,2,0.644918,0.622534,,0.787598,,rest,0,0,debug,0.006000,0.012000,0.439620,0.601725,0.643806,0.605000,1.665000,1.000000
0.7667,squat,face,0.019287,0.022928,0.865179,0.357088,0.545808,0.104159,0.185171,0.865179,0.019287,2,0.638090,0.618247,,0.784668,,rest,0,0,debug,0.006000,0.012000,0.422264,0.602619,0.644154,,,
0.8000,squat,face,0.016807,0.021091,0.909477,0.366535,0.547679,0.097230,0.172854,0.909477,0.016807,2,0.637962,0.615810,,0.789062,,rest,0,0,debug,0.006000,0.012000,0.411776,0.604081,0.647398,0.615000,1.655000,1.000000
0.8333,squat,face,0.014497,0.019113,0.883607,0.376056,0.551546,0.090303,0.160539,0.883607,0.014497,2,0.632924,0.606396,,0.808594,,rest,0,0,debug,0.006000,0.012000,0.387087,0.606028,0.647471,,,
0.8667,squat,face,0.012849,0.017234,0.847791,0.379352,0.552560,0.085015,0.151138,0.847791,0.012849,2,0.632415,0.613366,,0.821777,,rest,0,0,debug,0.006000,0.012000,0.377280,0.608082,0.651439,0.635000,1.655000,1.000000
0.9000,squat,face,0.011716,0.015579,0.837652,0.381798,0.551233,0.081181,0.144321,0.837652,0.011716,2,0.630869,0.610192,,0.840820,,rest,0,0,debug,0.006000,0.012000,0.370403,0.610243,0.654456,0.635000,1.655000,1.000000
0.9667,squat,face,0.009907,0.013877,0.821465,0.382950,0.554034,0.074651,0.132713,0.821465,0.009907,2,0.628811,0.607486,0.434234,0.828125,,rest,0,0,debug,0.006000,0.012000,0.341190,0.615023,0.664720,,,
1.0000,squat,face,0.009453,0.012550,0.852673,0.380771,0.553551,0.072920,0.129635,0.852673,0.009453,2,0.628385,0.603394,0.519916,0.813477,,rest,0,0,debug,0.006000,0.012000,0.323828,0.618550,0.667486,0.635000,1.645000,1.000000
1.0334,squat,face,0.008461,0.011323,0.898404,0.381760,0.554112,0.068986,0.122641,0.898404,0.008461,2,0.629135,0.601882,0.512150,0.800781,,rest,0,0,debug,0.006000,0.012000,0.316730,0.619812,0.668002,0.645000,1.645000,1.000000
1.0667,squat,face,0.007998,0.010326,0.876673,0.375978,0.554355,0.067073,0.119241,0.876673,0.007998,2,0.625227,0.599177,0.522141,0.780762,,rest,0,0,debug,0.006000,0.012000,0.307068,0.618649,0.667717,0.645000,1.645000,1.000000
1.1000,squat,face,0.007710,0.009541,0.864332,0.368467,0.551900,0.065857,0.117078,0.864332,0.007710,2,0.619585,0.586970,0.538794,0.823242,,rest,0,0,debug,0.006000,0.012000,0.287721,0.617679,0.671882,0.645000,1.645000,1.000000
1.1334,squat,face,0.007229,0.008847,0.866025,0.368440,0.550220,0.063765,0.113361,0.866025,0.007229,2,0.617024,0.578051,0.465594,0.848633,,rest,0,0,debug,0.006000,0.012000,0.283992,0.614672,0.668269,0.655000,1.645000,1.000000
1.1667,squat,face,0.006987,0.008289,0.825320,0.365665,0.547182,0.062691,0.111451,0.825320,0.006987,2,0.611554,0.579985,0.431844,0.827148,,rest,0,0,debug,0.006000,0.012000,0.282475,0.612604,0.668666,0.655000,1.645000,1.000000
1.2000,squat,face,0.007003,0.007903,0.823543,0.361337,0.542460,0.062763,0.111579,0.823543,0.007003,2,0.605972,0.577694,0.431681,0.779785,,rest,0,0,debug,0.006000,0.012000,0.284890,0.609821,0.666344,0.665000,1.645000,1.000000
1.2334,squat,face,0.006616,0.007517,0.886641,0.356876,0.537759,0.061004,0.108452,0.886641,0.006616,2,0.598762,0.573020,0.559514,0.823242,,rest,0,0,debug,0.006000,0.012000,0.289450,0.607496,0.669267,0.665000,1.645000,1.000000
1.3000,squat,face,0.006967,0.007352,0.827388,0.344400,0.524040,0.062600,0.111290,0.827388,0.006967,2,0.590414,0.566358,0.542297,0.833984,,rest,0,0,debug,0.006000,0.012000,0.290733,0.601528,0.665888,,,
1.3334,squat,face,0.006521,0.007103,0.837068,0.341044,0.523372,0.060563,0.107667,0.837068,0.006521,2,0.580085,0.554753,0.531098,0.776855,,rest,0,0,debug,0.006000,0.012000,0.284910,0.599838,0.666910,0.675000,1.655000,1.000000
1.3667,squat,face,0.006804,0.007013,0.839108,0.334360,0.512282,0.061865,0.109982,0.839108,0.006804,2,0.574588,0.547585,0.524026,0.861328,,rest,0,0,debug,0.006000,0.012000,0.276426,0.597196,0.663806,0.675000,1.655000,1.000000
1.4000,squat,face,0.006346,0.006813,0.859233,0.333626,0.509041,0.059747,0.106217,0.859233,0.006346,2,0.571295,0.537722,0.346789,0.852051,,rest,0,0,debug,0.006000,0.012000,0.267739,0.595849,0.664178,,,
1.4334,squat,face,0.006387,0.006685,0.816098,0.332950,0.501861,0.059940,0.106560,0.816098,0.006387,2,0.561165,0.522505,0.341833,0.779785,,rest,0,0,debug,0.006000,0.012000,0.260733,0.594008,0.664284,0.675000,1.655000,1.000000
1.4667,squat,face,0.006506,0.006631,0.856387,0.330457,0.498442,0.060495,0.107546,0.856387,0.006506,2,0.555669,0.515516,0.324607,0.876953,,rest,0,0,debug,0.006000,0.012000,0.262322,0.591653,0.662237,,,
1.5000,squat,face,0.005766,0.006372,0.880840,0.331610,0.488931,0.056952,0.101248,0.880840,0.005766,2,0.551733,0.500673,0.304348,0.872070,,rest,0,0,debug,0.006000,0.012000,0.239885,0.590083,0.661615,0.675000,1.655000,1.000000
1.5334,squat,face,0.005596,0.006139,0.856672,0.330234,0.485877,0.056103,0.099738,0.856672,0.005596,2,0.546644,0.502885,0.307130,0.834473,,rest,0,0,debug,0.006000,0.012000,0.257341,0.588422,0.660016,,,
1.5667,squat,face,0.005693,0.006005,0.788095,0.328701,0.480780,0.056587,0.100598,0.788095,0.005693,2,0.536162,0.490188,0.266644,0.853027,,rest,0,0,debug,0.006000,0.012000,0.255790,0.587027,0.658890,0.685000,1.655000,1.000000
1.6334,squat,face,0.005588,0.005880,0.814900,0.326490,0.467550,0.056065,0.099670,0.814900,0.005588,2,0.532518,0.481797,0.283816,0.870605,,rest,0,0,debug,0.006000,0.012000,0.257091,0.585912,0.658492,,,
1.6667,squat,face,0.005499,0.005766,0.797947,0.325384,0.466359,0.055616,0.098872,0.797947,0.005499,2,0.530899,0.472162,0.282818,0.865234,,rest,0,0,debug,0.006000,0.012000,0.253902,0.584876,0.658521,0.695000,1.655000,1.000000
1.7000,squat,face,0.005536,0.005697,0.809490,0.324051,0.467827,0.055803,0.099206,0.809490,0.005536,2,0.529243,0.470905,0.277979,0.859375,,rest,0,0,debug,0.006000,0.012000,0.256657,0.584431,0.658259,0.695000,1.655000,1.000000
1.7334,squat,face,0.005287,0.005574,0.800695,0.325037,0.470467,0.054534,0.096950,0.800695,0.005287,2,0.529824,0.470768,0.267547,0.862793,,rest,0,0,debug,0.006000,0.012000,0.255512,0.583326,0.657868,0.695000,1.655000,1.000000
1.7667,squat,face,0.005291,0.005489,0.808282,0.326534,0.469487,0.054555,0.096987,0.808282,0.005291,2,0.529859,0.471785,0.299408,0.857910,,rest,0,0,debug,0.006000,0.012000,0.253244,0.581924,0.656580,0.695000,1.655000,1.000000
1.8334,squat,face,0.005405,0.005464,0.793344,0.328869,0.473855,0.055137,0.098021,0.793344,0.005405,2,0.533741,0.481689,0.325545,0.869629,,rest,0,0,debug,0.006000,0.012000,0.263957,0.578601,0.655013,,,
1.8667,squat,face,0.005181,0.005379,0.780937,0.329277,0.478458,0.053982,0.095968,0.780937,0.005181,2,0.538343,0.486511,0.284890,0.825195,,rest,0,0,debug,0.006000,0.012000,0.253497,0.576623,0.657037,0.695000,1.655000,1.000000
1.9334,squat,face,0.004865,0.005225,0.805256,0.330765,0.494438,0.052312,0.093000,0.805256,0.004865,2,0.552556,0.497361,0.287433,0.867188,,rest,0,0,debug,0.006000,0.012000,0.243619,0.572916,0.654050,,,
1.9667,squat,face,0.004956,0.005144,0.784991,0.329757,0.499958,0.052801,0.093869,0.784991,0.004956,2,0.554791,0.506105,0.304439,0.875488,,rest,0,0,debug,0.006000,0.012000,0.247739,0.570957,0.652866,0.695000,1.655000,1.000000
2.0334,squat,face,0.005248,0.005175,0.778746,0.331462,0.511059,0.054334,0.096593,0.778746,0.005248,2,0.565557,0.519228,0.309885,0.801758,armed,rest,1,0,debug,0.006000,0.012000,0.257620,0.569787,0.650781,,,
2.0667,squat,face,0.004351,0.004928,0.831215,0.335957,0.521844,0.049470,0.087946,0.831215,0.004351,2,0.571179,0.517802,0.308831,0.830078,,rest,1,0,debug,0.006000,0.012000,0.249139,0.569852,0.650450,0.695000,1.655000,1.000000
2.1000,squat,face,0.004655,0.004846,0.797641,0.333378,0.526517,0.051168,0.090966,0.797641,0.004655,2,0.577274,0.517047,0.323891,0.835938,,rest,1,0,debug,0.006000,0.012000,0.250098,0.569893,0.650905,0.695000,1.655000,1.000000
2.1334,squat,face,0.003986,0.004588,0.787475,0.339344,0.531061,0.047351,0.084180,0.787475,0.003986,2,0.588216,0.516194,0.331469,0.742676,,rest,1,0,debug,0.006000,0.012000,0.247535,0.570142,0.650890,0.695000,1.665000,1.000000
2.1667,squat,face,0.003696,0.004320,0.730876,0.334881,0.540810,0.045594,0.081055,0.730876,0.003696,2,0.601808,0.513458,0.523835,0.760254,,rest,1,0,debug,0.006000,0.012000,0.247967,0.570255,0.649246,,,
2.2000,squat,face,0.003556,0.004091,0.716368,0.333079,0.548756,0.044722,0.079506,0.716368,0.003556,2,0.609368,0.506582,0.684963,0.746582,,rest,1,0,debug,0.006000,0.012000,0.238720,0.570105,0.650538,0.695000,1.665000,1.000000
2.2334,squat,face,0.003538,0.003925,0.762590,0.328217,0.559782,0.044611,0.079308,0.762590,0.003538,2,0.616995,0.511524,0.384944,0.732910,,rest,1,0,debug,0.006000,0.012000,0.261237,0.570404,0.650042,,,
2.2667,squat,face,0.003408,0.003770,0.799475,0.325145,0.564403,0.043783,0.077837,0.799475,0.003408,2,0.620482,0.513151,,0.749023,,rest,1,0,debug,0.006000,0.012000,0.274386,0.570279,0.648732,0.685000,1.665000,1.000000
2.3000,squat,face,0.003418,0.003664,0.777491,0.321006,0.560064,0.043847,0.077950,0.777491,0.003418,2,0.622956,0.507810,0.345233,0.777832,,rest,1,0,debug,0.006000,0.012000,0.262217,0.569444,0.647422,,,
2.3334,squat,face,0.003348,0.003569,0.755514,0.317068,0.564041,0.043399,0.077153,0.755514,0.003348,2,0.623150,0.505637,0.327789,0.822754,,rest,1,0,debug,0.006000,0.012000,0.262729,0.568753,0.646918,0.685000,1.665000,1.000000
2.3667,squat,face,0.003365,0.003508,0.790261,0.311803,0.562267,0.043505,0.077343,0.790261,0.003365,2,0.622920,0.502095,0.295031,0.771484,,rest,1,0,debug,0.006000,0.012000,0.254854,0.568392,0.646718,,,
2.4000,squat,face,0.003314,0.003450,0.793652,0.311690,0.558377,0.043174,0.076754,0.793652,0.003314,2,0.625326,0.376479,,0.761230,,rest,1,0,debug,0.006000,0.012000,0.008104,0.567993,0.645962,0.685000,1.665000,1.000000
2.4334,squat,face,0.003453,0.003451,0.683047,0.303419,0.564911,0.044070,0.078346,0.683047,0.003453,2,0.625184,0.376965,0.286320,0.803223,,rest,1,0,debug,0.006000,0.012000,0.008223,0.567439,0.644626,0.685000,1.665000,1.000000
2.5000,squat,face,0.003548,0.003480,0.685544,0.294910,0.562606,0.044677,0.079426,0.685544,0.003548,2,0.624611,0.492587,0.286403,0.815430,,rest,1,0,debug,0.006000,0.012000,0.239416,0.566597,0.642821,,,
2.5334,squat,face,0.003559,0.003504,0.636227,0.293144,0.564998,0.044743,0.079544,0.636227,0.003559,2,0.626184,0.484477,0.258173,0.812012,,rest,1,0,debug,0.006000,0.012000,0.212756,0.566560,0.641439,0.685000,1.665000,1.000000
2.5667,squat,face,0.003408,0.003475,0.670056,0.290899,0.563105,0.043782,0.077834,0.670056,0.003408,2,0.627604,0.487905,0.264382,0.790039,,rest,1,0,debug,0.006000,0.012000,0.211381,0.566679,0.640829,0.675000,1.665000,1.000000
2.6000,squat,face,0.003403,0.003453,0.734541,0.289614,0.562860,0.043752,0.077782,0.734541,0.003403,2,0.626443,0.490095,0.264367,0.797852,,rest,1,0,debug,0.006000,0.012000,0.201815,0.566842,0.639832,0.675000,1.675000,1.000000
2.6334,squat,face,0.003188,0.003374,0.714662,0.289247,0.562108,0.042346,0.075281,0.714662,0.003188,2,0.626307,0.494523,,0.732910,,rest,1,0,debug,0.006000,0.012000,0.205967,0.566528,0.639253,0.675000,1.675000,1.000000
2.6667,squat,face,0.003388,0.003378,0.643097,0.285934,0.556061,0.043656,0.077611,0.643097,0.003388,2,0.625595,0.499751,,0.770996,,rest,1,0,debug,0.006000,0.012000,0.224293,0.566133,0.638857,0.675000,1.675000,1.000000
2.7000,squat,face,0.003172,0.003316,0.625976,0.287190,0.562062,0.042241,0.075095,0.625976,0.003172,2,0.625869,0.515861,,0.742676,,rest,1,0,debug,0.006000,0.012000,0.193402,0.565485,0.635573,0.675000,1.675000,1.000000
2.7334,squat,face,0.002934,0.003202,0.591484,0.284652,0.563569,0.040627,0.072226,0.591484,0.002934,2,0.625895,0.503348,,0.745605,,rest,1,0,debug,0.006000,0.012000,0.221246,0.566107,0.630599,0.675000,1.675000,1.000000
2.7667,squat,face,0.002797,0.003080,0.581703,0.279984,0.571709,0.039665,0.070515,0.581703,0.002797,2,0.625974,0.496938,,0.718262,,rest,1,0,debug,0.006000,0.012000,0.218464,0.567952,0.632122,0.675000,1.675000,1.000000
2.8334,squat,face,,0.003080,0.000000,,,,,,,,0.629027,0.548589,,0.800293,,rest,1,0,debug,0.006000,0.012000,0.121395,0.569043,0.633605,,,
2.8667,squat,face,0.003837,0.003307,0.580863,0.280518,0.566338,0.046458,0.082592,0.580863,0.003837,2,0.622823,0.545426,,0.648438,,rest,1,0,debug,0.006000,0.012000,0.107841,0.569021,0.629965,0.675000,1.675000,1.000000
2.9001,squat,face,0.003244,0.003288,0.588795,0.279522,0.566033,0.042715,0.075937,0.588795,0.003244,2,0.623762,0.550177,,0.691895,,rest,1,0,debug,0.006000,0.012000,0.135057,0.568399,0.625474,0.675000,1.675000,1.000000
2.9334,squat,face,0.002958,0.003189,0.629476,0.276329,0.572229,0.040788,0.072513,0.629476,0.002958,2,0.624918,0.538022,,0.700684,,rest,1,0,debug,0.006000,0.012000,0.138044,0.568744,0.622222,,,
2.9667,squat,face,0.003375,0.003245,0.585260,0.274021,0.570925,0.043571,0.077459,0.585260,0.003375,2,0.626809,0.540821,,0.756348,,rest,1,0,debug,0.006000,0.012000,0.126180,0.569575,0.619439,0.675000,1.665000,1.000000
3.0001,squat,face,,0.003245,0.000000,,,,,,,,0.625824,0.539615,,0.660156,,rest,1,0,debug,0.006000,0.012000,0.100658,0.570770,0.618898,0.675000,1.665000,1.000000
3.0334,squat,face,,0.003245,0.000000,,,,,,,,0.625537,0.542008,,0.650879,,rest,1,0,debug,0.006000,0.012000,0.069604,0.572409,0.619989,,,
3.0667,squat,face,0.003666,0.003371,0.609775,0.271521,0.566215,0.045412,0.080732,0.609775,0.003666,2,0.625451,0.535854,,0.681641,,rest,1,0,debug,0.006000,0.012000,0.138789,0.573067,0.621258,0.675000,1.675000,1.000000
3.1001,squat,face,0.003474,0.003402,0.621474,0.272153,0.566516,0.044203,0.078583,0.621474,0.003474,2,0.625764,0.533859,,0.689453,,rest,1,0,debug,0.006000,0.012000,0.148288,0.573796,0.625039,,,
3.1334,squat,face,0.003508,0.003434,0.592103,0.271979,0.567062,0.044420,0.078970,0.592103,0.003508,2,,,,,,rest,1,0,debug,0.006000,0.012000,,0.574019,0.627436,0.675000,1.665000,1.000000
3.1667,squat,face,,0.003434,0.000000,,,,,,,,,,,,,rest,1,0,debug,0.006000,0.012000,,0.572713,0.626934,,,
3.2001,squat,face,0.003466,0.003443,0.617534,0.274653,0.564327,0.044152,0.078492,0.617534,0.003466,2,,,,,,rest,1,0,debug,0.006000,0.012000,,0.571430,0.627332,0.675000,1.665000,1.000000
3.2334,squat,face,0.003350,0.003415,0.634691,0.274084,0.565643,0.043412,0.077178,0.634691,0.003350,2,,,,,,rest,1,0,debug,0.006000,0.012000,,0.570065,0.626961,0.675000,1.665000,1.000000
3.3001,squat,face,0.002871,0.003252,0.640625,0.287327,0.564556,0.040189,0.071447,0.640625,0.002871,2,0.623722,0.584621,,0.674805,,rest,1,0,debug,0.006000,0.012000,0.005126,0.567688,0.624196,,,
3.3334,squat,face,0.002923,0.003154,0.711238,0.288642,0.568051,0.040551,0.072091,0.711238,0.002923,2,0.623341,0.583978,,0.755371,,rest,1,0,debug,0.006000,0.012000,0.006040,0.566325,0.622696,0.675000,1.665000,1.000000
3.4001,squat,face,0.002823,0.003055,0.724838,0.300602,0.564949,0.039852,0.070849,0.724838,0.002823,2,0.614471,0.515792,,0.769531,,rest,1,0,debug,0.006000,0.012000,0.150716,0.563754,0.618563,,,
3.4334,squat,face,0.003045,0.003052,0.711238,0.305173,0.560184,0.041388,0.073579,0.711238,0.003045,2,0.604979,0.504982,,0.681152,,rest,1,0,debug,0.006000,0.012000,0.119797,0.562430,0.615064,0.675000,1.665000,1.000000
3.5001,squat,face,0.004125,0.003374,0.579180,0.316757,0.497201,0.048168,0.085632,0.579180,0.004125,2,0.586944,0.517821,,0.736328,,rest,1,0,debug,0.006000,0.012000,0.177611,0.564681,0.616922,,,
3.5334,squat,face,0.005517,0.004017,0.635267,0.312868,0.493257,0.055706,0.099032,0.635267,0.005517,2,0.579048,0.518927,0.337339,0.780762,,rest,1,0,debug,0.006000,0.012000,0.189716,0.566178,0.618258,0.675000,1.665000,1.000000
3.5667,squat,face,0.004890,0.004279,0.601918,0.324297,0.489806,0.052446,0.093237,0.601918,0.004890,2,0.570187,0.524406,0.486995,0.797852,,rest,1,0,debug,0.006000,0.012000,0.202355,0.568162,0.621683,0.675000,1.655000,1.000000
3.6001,squat,face,0.004868,0.004455,0.738188,0.334120,0.494188,0.052327,0.093026,0.738188,0.004868,2,0.575344,0.527423,0.467835,0.887695,,rest,1,0,debug,0.006000,0.012000,0.217329,0.569577,0.623264,0.675000,1.655000,1.000000
3.6667,squat,face,0.004777,0.004552,0.792112,0.341710,0.513740,0.051837,0.092155,0.792112,0.004777,2,0.571019,0.533868,0.437491,0.854980,,rest,1,0,debug,0.006000,0.012000,0.233130,0.570337,0.622231,,,
3.7001,squat,face,0.005304,0.004777,0.857242,0.349747,0.515916,0.054620,0.097102,0.857242,0.005304,2,0.572860,0.532334,0.495719,0.812500,,rest,1,0,debug,0.006000,0.012000,0.241933,0.570237,0.620211,0.675000,1.655000,1.000000
3.7334,squat,face,0.005394,0.004962,0.862636,0.356327,0.515272,0.055084,0.097927,0.862636,0.005394,2,0.574008,0.536063,0.493940,0.867676,,rest,1,0,debug,0.006000,0.012000,0.261819,0.571092,0.618038,0.685000,1.655000,1.000000
3.7667,squat,face,0.006263,0.005353,0.867715,0.360837,0.509417,0.059355,0.105519,0.867715,0.006263,2,0.572835,0.528690,0.492756,0.819824,,rest,1,0,debug,0.006000,0.012000,0.282650,0.573453,0.622505,0.685000,1.655000,1.000000
3.8001,squat,face,0.006080,0.005571,0.881671,0.368184,0.512498,0.058479,0.103963,0.881671,0.006080,2,0.573759,0.527126,0.346162,0.846191,,rest,1,0,debug,0.006000,0.012000,0.301372,0.575443,0.631346,,,
3.8334,squat,face,0.007250,0.006075,0.895954,0.367132,0.509578,0.063861,0.113531,0.895954,0.007250,2,0.573785,0.522331,0.496309,0.832520,,leaving,1,0,debug,0.006000,0.012000,0.314040,0.574783,0.631254,0.695000,1.645000,1.000000
3.8667,squat,face,0.008247,0.006726,0.877508,0.369130,0.503239,0.068108,0.121081,0.877508,0.008247,2,0.573655,0.527332,0.356966,0.828613,,leaving,1,0,debug,0.006000,0.012000,0.321113,0.576806,0.628016,,,
3.9001,squat,face,0.008450,0.007243,0.889665,0.375837,0.504015,0.068941,0.122562,0.889665,0.008450,2,0.570569,0.537541,0.333914,0.816895,,leaving,1,0,debug,0.006000,0.012000,0.350271,0.574118,0.624075,0.715000,1.645000,1.000000
3.9334,squat,face,0.009614,0.007954,0.919887,0.377691,0.500653,0.073537,0.130732,0.919887,0.009614,2,0.570388,0.544865,,0.780762,,leaving,1,0,debug,0.006000,0.012000,0.380767,0.569622,0.620211,,,
3.9667,squat,face,0.010599,0.008748,0.906250,0.377836,0.496527,0.077215,0.137271,0.906250,0.010599,2,0.569721,0.547672,,0.761230,,leaving,1,0,debug,0.006000,0.012000,0.410826,0.563708,0.616838,0.715000,1.635000,1.000000
4.0334,squat,face,0.012604,0.009905,0.857242,0.377587,0.488937,0.084200,0.149689,0.857242,0.012604,2,0.570057,0.550146,,0.794922,,leaving,1,0,debug,0.006000,0.012000,0.428125,0.547743,0.611450,,,
4.0667,squat,face,0.012980,0.010827,0.869963,0.379110,0.488903,0.085447,0.151906,0.869963,0.012980,2,0.568137,0.552860,,0.759277,,leaving,1,0,debug,0.006000,0.012000,0.453975,0.542366,0.607548,0.715000,1.635000,1.000000
4.1001,squat,face,0.015035,0.012089,0.870805,0.373880,0.484873,0.091962,0.163488,0.870805,0.015035,2,0.571370,0.562439,,0.756836,,peaked,1,0,debug,0.006000,0.012000,0.479769,0.538231,0.603978,0.705000,1.625000,1.000000
4.1334,squat,face,0.018355,0.013969,0.881671,0.367068,0.478781,0.101610,0.180640,0.881671,0.018355,2,0.569560,0.558295,,0.750488,,peaked,1,0,debug,0.006000,0.012000,0.500327,0.536203,0.596405,0.685000,1.615000,1.000000
4.1667,squat,face,0.020728,0.015997,0.900846,0.361816,0.473332,0.107978,0.191961,0.900846,0.020728,2,0.571315,0.547394,,0.715820,,peaked,1,0,debug,0.006000,0.012000,0.536025,0.536579,0.593516,0.675000,1.615000,1.000000
4.2001,squat,face,0.024895,0.018666,0.897860,0.357307,0.468406,0.118335,0.210374,0.897860,0.024895,2,0.575112,0.538084,,0.722656,,peaked,1,0,debug,0.006000,0.012000,0.556085,0.536807,0.589660,0.655000,1.605000,1.000000
4.2334,squat,face,0.027167,0.021216,0.901659,0.350893,0.462247,0.123617,0.219764,0.901659,0.027167,2,0.577438,0.541095,,0.706543,,peaked,1,0,debug,0.006000,0.012000,0.597324,0.538892,0.587107,0.645000,1.595000,1.000000
4.2667,squat,face,0.029121,0.023588,0.888567,0.347477,0.458943,0.127987,0.227533,0.888567,0.029121,2,,,,,,peaked,1,0,debug,0.006000,0.012000,,0.540756,0.586130,0.635000,1.575000,1.000000
4.3334,squat,face,0.029714,0.025426,0.915630,0.346419,0.451480,0.129283,0.229836,0.915630,0.029714,2,0.575827,0.532930,,0.706543,,peaked,1,0,debug,0.006000,0.012000,0.598665,0.544286,0.589405,,,
4.3667,squat,face,0.029676,0.026701,0.920417,0.350926,0.448408,0.129201,0.229691,0.920417,0.029676,2,0.573117,0.520643,,0.745605,,peaked,1,0,debug,0.006000,0.012000,0.601069,0.548502,0.596496,0.615000,1.565000,1.000000
4.4001,squat,face,0.026847,0.026745,0.909477,0.355945,0.450538,0.122888,0.218467,0.909477,0.026847,2,0.567576,0.528170,,0.696777,,peaked,1,0,debug,0.006000,0.012000,0.589288,0.552391,0.604844,0.605000,1.565000,1.000000
4.4334,squat,face,0.022305,0.025413,0.850092,0.364429,0.455004,0.112011,0.199131,0.850092,0.022305,2,0.559495,0.524194,,0.707520,,peaked,1,0,debug,0.006000,0.012000,0.521426,0.556246,0.615206,0.595000,1.585000,1.000000
4.5001,squat,face,0.019039,0.023501,0.876951,0.374159,0.452159,0.103487,0.183977,0.876951,0.019039,2,0.547756,0.537449,,0.775879,,peaked,1,0,debug,0.006000,0.012000,0.518061,0.563659,0.632370,,,
4.5334,squat,face,0.016697,0.021460,0.871645,0.376373,0.452849,0.096914,0.172291,0.871645,0.016697,2,0.542394,0.529527,,0.774902,,peaked,1,0,debug,0.006000,0.012000,0.492902,0.568440,0.639549,0.595000,1.585000,1.000000
4.5667,squat,face,0.015428,0.019650,0.839689,0.376354,0.453430,0.093158,0.165614,0.839689,0.015428,2,0.538609,0.517019,,0.799805,,peaked,1,0,debug,0.006000,0.012000,0.472666,0.574404,0.647828,0.595000,1.585000,1.000000
4.6001,squat,face,0.012951,0.017640,0.822653,0.379559,0.454436,0.085351,0.151735,0.822653,0.012951,2,0.539896,0.510950,,0.780762,,peaked,1,0,debug,0.006000,0.012000,0.435754,0.581828,0.651638,0.605000,1.585000,1.000000
4.6334,squat,face,0.011969,0.015939,0.883054,0.376479,0.447704,0.082052,0.145870,0.883054,0.011969,2,0.534746,0.496827,,0.783203,,peaked,1,0,debug,0.006000,0.012000,0.402766,0.590023,0.657977,,,
4.6668,squat,face,0.010776,0.014390,0.904902,0.378888,0.451256,0.077857,0.138413,0.904902,0.010776,2,0.532112,0.486780,,0.793945,,peaked,1,0,debug,0.006000,0.012000,0.377009,0.596056,0.661481,0.625000,1.595000,1.000000
4.7001,squat,face,0.010061,0.013092,0.916963,0.376712,0.450627,0.075230,0.133741,0.916963,0.010061,2,0.526968,0.487998,,0.797363,,peaked,1,0,debug,0.006000,0.012000,0.345236,0.596869,0.664978,,,
4.7334,squat,face,0.008893,0.011832,0.870805,0.373923,0.454344,0.070728,0.125739,0.870805,0.008893,2,0.526295,0.487907,0.296021,0.829102,,peaked,1,0,debug,0.006000,0.012000,0.334086,0.597459,0.669003,0.635000,1.595000,1.000000
4.7668,squat,face,0.008357,0.010790,0.881394,0.369272,0.456378,0.068562,0.121888,0.881394,0.008357,2,0.530166,0.489682,0.304701,0.853516,,peaked,1,0,debug,0.006000,0.012000,0.332182,0.600194,0.669246,0.645000,1.595000,1.000000
4.8001,squat,face,0.007673,0.009855,0.884160,0.367454,0.458020,0.065699,0.116798,0.884160,0.007673,2,0.530080,0.494165,0.309092,0.789551,,peaked,1,0,debug,0.006000,0.012000,0.314571,0.602619,0.669687,,,
4.8334,squat,face,0.006479,0.008842,0.885263,0.367788,0.464208,0.060369,0.107323,0.885263,0.006479,2,0.533322,0.491002,0.475730,0.848145,,peaked,1,0,debug,0.006000,0.012000,0.307094,0.603636,0.668128,0.655000,1.595000,1.000000
4.8668,squat,face,0.006188,0.008046,0.874721,0.367665,0.464495,0.059000,0.104888,0.874721,0.006188,2,0.533805,0.483190,0.325863,0.858398,,peaked,1,0,debug,0.006000,0.012000,0.289205,0.603008,0.666127,0.665000,1.595000,1.000000
4.9334,squat,face,0.005069,0.007153,0.844329,0.358270,0.478929,0.053398,0.094930,0.844329,0.005069,2,0.535879,0.483097,0.483980,0.815918,,peaked,1,0,debug,0.006000,0.012000,0.273033,0.600353,0.666460,,,
4.9668,squat,face,0.004165,0.006256,0.814301,0.357672,0.485740,0.048403,0.086049,0.814301,0.004165,2,0.537538,0.471067,0.339301,0.812500,,peaked,1,0,debug,0.006000,0.012000,0.243227,0.598821,0.664954,0.675000,1.605000,1.000000
5.0334,squat,face,0.004430,0.005709,0.755190,0.344068,0.493001,0.049919,0.088745,0.755190,0.004430,2,0.549034,0.472649,0.307905,0.753906,rep,rest,1,1,debug,0.006000,0.012000,0.250586,0.592989,0.666746,,,
5.0668,squat,face,0.003935,0.005177,0.700690,0.343977,0.495216,0.047049,0.083643,0.700690,0.003935,2,0.551076,0.468967,0.312158,0.766113,,rest,1,1,debug,0.006000,0.012000,0.245910,0.590319,0.666400,0.675000,1.615000,1.000000
5.1001,squat,face,0.003581,0.004698,0.789333,0.338052,0.502710,0.044883,0.079792,0.789333,0.003581,2,0.555324,0.464762,0.451435,0.757324,,rest,1,1,debug,0.006000,0.012000,0.243990,0.588070,0.666739,0.685000,1.615000,1.000000
5.1334,squat,face,0.003531,0.004348,0.797334,0.335775,0.494885,0.044567,0.079231,0.797334,0.003531,2,0.557202,0.461887,0.453537,0.742188,,rest,1,1,debug,0.006000,0.012000,0.241927,0.586271,0.665340,0.685000,1.615000,1.000000
5.2001,squat,face,0.003422,0.004070,0.727528,0.329955,0.506814,0.043871,0.077993,0.727528,0.003422,2,0.561751,0.463432,0.449556,0.729492,,rest,1,1,debug,0.006000,0.012000,0.238772,0.583801,0.662398,,,
5.2334,squat,face,0.003804,0.003990,0.711238,0.327568,0.499491,0.046258,0.082236,0.711238,0.003804,2,0.557750,0.463523,0.454360,0.755371,,rest,1,1,debug,0.006000,0.012000,0.238264,0.582575,0.660930,0.685000,1.625000,1.000000
5.2668,squat,face,0.003639,0.003885,0.711581,0.326762,0.496780,0.045242,0.080429,0.711581,0.003639,2,0.555975,0.464446,0.460049,0.761719,,rest,1,1,debug,0.006000,0.012000,0.237713,0.581103,0.658651,0.685000,1.625000,1.000000
5.3001,squat,face,0.003664,0.003819,0.698597,0.326915,0.494463,0.045397,0.080706,0.698597,0.003664,2,0.551101,0.465224,0.311717,0.763184,,rest,1,1,debug,0.006000,0.012000,0.239826,0.580927,0.657160,0.685000,1.635000,1.000000
5.3668,squat,face,0.004109,0.003906,0.793959,0.329592,0.482968,0.048078,0.085471,0.793959,0.004109,2,0.538606,0.472522,0.344046,0.797852,,rest,1,1,debug,0.006000,0.012000,0.243748,0.580571,0.655088,,,
5.4001,squat,face,0.004217,0.003999,0.827093,0.336321,0.480698,0.048704,0.086586,0.827093,0.004217,2,0.536716,0.478838,0.349676,0.849121,,rest,1,1,debug,0.006000,0.012000,0.258392,0.579456,0.652448,0.685000,1.635000,1.000000
5.4334,squat,face,0.004502,0.004150,0.796109,0.338743,0.478595,0.050322,0.089462,0.796109,0.004502,2,0.534954,0.480073,0.473670,0.830566,,rest,1,1,debug,0.006000,0.012000,0.256438,0.579289,0.651499,0.685000,1.635000,1.000000
5.4668,squat,face,0.005004,0.004406,0.813701,0.343370,0.475353,0.053055,0.094319,0.813701,0.005004,2,0.534229,0.476059,0.461241,0.814941,,rest,1,1,debug,0.006000,0.012000,0.249926,0.579593,0.650060,0.695000,1.645000,1.000000
5.5001,squat,face,0.006239,0.004956,0.834732,0.341744,0.477954,0.059240,0.105316,0.834732,0.006239,2,0.535723,0.488084,0.477272,0.830078,,rest,1,1,debug,0.006000,0.012000,0.265354,0.579288,0.649312,,,
5.5334,squat,face,0.006590,0.005446,0.773398,0.350660,0.471361,0.060885,0.108240,0.773398,0.006590,2,0.535302,0.503432,0.360588,0.791992,,rest,1,1,debug,0.006000,0.012000,0.305114,0.579020,0.646931,0.695000,1.645000,1.000000
5.5668,squat,face,0.006729,0.005831,0.821762,0.353926,0.474667,0.061521,0.109370,0.821762,0.006729,2,0.536831,0.505429,0.307973,0.832520,,rest,1,1,debug,0.006000,0.012000,0.312978,0.579276,0.647886,,,
5.6001,squat,face,0.006381,0.005996,0.822059,0.360608,0.476586,0.059909,0.106504,0.822059,0.006381,2,0.542660,0.508930,0.308358,0.770508,,rest,1,1,debug,0.006000,0.012000,0.323506,0.578687,0.645182,0.695000,1.645000,1.000000
5.6334,squat,face,0.007325,0.006395,0.817891,0.362266,0.475815,0.064191,0.114118,0.817891,0.007325,2,0.542370,0.505093,0.328379,0.779785,,leaving,1,1,debug,0.006000,0.012000,0.330897,0.576734,0.642228,0.705000,1.645000,1.000000
5.6668,squat,face,0.008637,0.007067,0.872205,0.365315,0.475379,0.069703,0.123916,0.872205,0.008637,2,0.546999,0.508621,0.312317,0.832520,,leaving,1,1,debug,0.006000,0.012000,0.340233,0.573301,0.638530,,,
5.7001,squat,face,0.009565,0.007817,0.888292,0.367302,0.472004,0.073349,0.130398,0.888292,0.009565,2,0.548203,0.513965,,0.806152,,leaving,1,1,debug,0.006000,0.012000,0.366102,0.570585,0.635357,0.705000,1.645000,1.000000
5.7334,squat,face,0.010327,0.008570,0.888292,0.366101,0.475207,0.076216,0.135496,0.888292,0.010327,2,0.544899,0.522518,,0.774902,,leaving,1,1,debug,0.006000,0.012000,0.381606,0.563907,0.627150,0.695000,1.645000,1.000000
5.7668,squat,face,0.011671,0.009500,0.869682,0.368576,0.472351,0.081026,0.144046,0.869682,0.011671,2,0.546709,0.530956,,0.807617,,leaving,1,1,debug,0.006000,0.012000,0.399394,0.557502,0.623133,0.685000,1.645000,1.000000
5.8334,squat,face,0.015345,0.011254,0.888292,0.365857,0.465279,0.092906,0.165166,0.888292,0.015345,2,0.550621,0.551639,,0.767578,,leaving,1,1,debug,0.006000,0.012000,0.445224,0.553527,0.613374,0.675000,1.635000,1.000000
5.8668,squat,face,0.017453,0.013114,0.896499,0.363721,0.461134,0.099084,0.176148,0.896499,0.017453,2,0.554525,0.554074,,0.758789,,peaked,1,1,debug,0.006000,0.012000,0.452108,0.552179,0.607747,0.665000,1.635000,1.000000
5.9001,squat,face,0.020818,0.015425,0.876673,0.358949,0.455300,0.108213,0.192378,0.876673,0.020818,2,0.557606,0.546180,,0.763184,,peaked,1,1,debug,0.006000,0.012000,0.491437,0.549849,0.602874,,,
5.9334,squat,face,0.023448,0.017832,0.871645,0.354704,0.456714,0.114845,0.204169,0.871645,0.023448,2,0.559122,0.534482,,0.758789,,peaked,1,1,debug,0.006000,0.012000,0.531077,0.548173,0.598562,0.645000,1.625000,1.000000
5.9668,squat,face,0.026281,0.020366,0.864332,0.347822,0.447851,0.121585,0.216151,0.864332,0.026281,2,0.559533,0.530022,,0.725098,,peaked,1,1,debug,0.006000,0.012000,0.547153,0.546733,0.594932,0.645000,1.615000,1.000000
6.0334,squat,face,0.030009,0.023259,0.870524,0.339786,0.438043,0.129923,0.230975,0.870524,0.030009,2,0.553097,0.522536,,0.721680,,peaked,1,1,debug,0.006000,0.012000,0.566448,0.547808,0.593716,,,
6.0668,squat,face,0.029109,0.025014,0.880008,0.341010,0.440267,0.127960,0.227484,0.880008,0.029109,2,0.548944,0.537773,,0.744141,,peaked,1,1,debug,0.006000,0.012000,0.593183,0.549444,0.596420,0.635000,1.605000,1.000000
6.1001,squat,face,0.029318,0.026305,0.882225,0.344059,0.436585,0.128419,0.228300,0.882225,0.029318,2,0.551191,0.528725,,0.761230,,peaked,1,1,debug,0.006000,0.012000,0.580640,0.552612,0.599632,0.625000,1.595000,1.000000
6.1334,squat,face,0.029119,0.027149,0.874442,0.342719,0.432661,0.127982,0.227523,0.874442,0.029119,2,0.551950,0.526902,,0.748535,,peaked,1,1,debug,0.006000,0.012000,0.567622,0.556503,0.605330,0.625000,1.595000,1.000000
6.2001,squat,face,0.025469,0.026645,0.902741,0.351820,0.435141,0.119694,0.212789,0.902741,0.025469,2,0.546524,0.519538,,0.798828,,peaked,1,1,debug,0.006000,0.012000,0.542988,0.565735,0.618670,,,
6.2334,squat,face,0.023062,0.025570,0.895137,0.357456,0.438625,0.113897,0.202483,0.895137,0.023062,2,0.543022,0.528607,,0.770020,,peaked,1,1,debug,0.006000,0.012000,0.518070,0.570758,0.626535,0.625000,1.605000,1.000000
6.2668,squat,face,0.020788,0.024136,0.879453,0.364218,0.441622,0.108135,0.192240,0.879453,0.020788,2,0.539655,0.523488,,0.768555,,peaked,1,1,debug,0.006000,0.012000,0.495750,0.575135,0.634032,0.615000,1.605000,1.000000
6.3001,squat,face,0.018344,0.022398,0.881671,0.365174,0.447784,0.101579,0.180585,0.881671,0.018344,2,0.538509,0.529016,,0.722168,,peaked,1,1,debug,0.006000,0.012000,0.480763,0.578968,0.640432,,,
6.3334,squat,face,0.016800,0.020719,0.848655,0.370186,0.442773,0.097211,0.172819,0.848655,0.016800,2,0.534230,0.521583,,0.728516,,peaked,1,1,debug,0.006000,0.012000,0.457182,0.581995,0.647935,0.625000,1.605000,1.000000
6.3668,squat,face,0.014451,0.018838,0.884436,0.373020,0.444777,0.090158,0.160282,0.884436,0.014451,2,0.530385,0.512010,,0.743652,,peaked,1,1,debug,0.006000,0.012000,0.415929,0.583626,0.651498,0.625000,1.615000,1.000000
6.4001,squat,face,0.013112,0.017120,0.909209,0.371844,0.447093,0.085881,0.152678,0.909209,0.013112,2,0.527895,0.514791,,0.751465,,peaked,1,1,debug,0.006000,0.012000,0.396616,0.586165,0.654308,,,
6.4334,squat,face,0.011833,0.015534,0.906250,0.374144,0.448397,0.081586,0.145042,0.906250,0.011833,2,0.521189,0.505945,0.255459,0.820312,,peaked,1,1,debug,0.006000,0.012000,0.380813,0.590355,0.659455,0.625000,1.605000,1.000000
6.5001,squat,face,0.009943,0.013857,0.887192,0.373852,0.452351,0.074784,0.132950,0.887192,0.009943,2,0.523921,0.496663,0.290813,0.807129,,peaked,1,1,debug,0.006000,0.012000,0.366241,0.601616,0.664867,,,
6.5335,squat,face,0.009311,0.012493,0.888017,0.368277,0.453984,0.072368,0.128655,0.888017,0.009311,2,0.523784,0.496084,0.282313,0.795410,,peaked,1,1,debug,0.006000,0.012000,0.348651,0.605137,0.667971,0.635000,1.605000,1.000000
6.6001,squat,face,0.007903,0.011116,0.877786,0.367819,0.454501,0.066674,0.118532,0.877786,0.007903,2,0.525010,0.482016,0.300432,0.779297,,peaked,1,1,debug,0.006000,0.012000,0.313352,0.604475,0.667069,,,
6.6335,squat,face,0.007408,0.010004,0.883331,0.367047,0.454449,0.064554,0.114762,0.883331,0.007408,2,0.522073,0.476725,0.278060,0.782227,,peaked,1,1,debug,0.006000,0.012000,0.304456,0.602444,0.667327,0.635000,1.615000,1.000000
6.6668,squat,face,0.007003,0.009103,0.827388,0.364757,0.456768,0.062762,0.111577,0.827388,0.007003,2,0.517836,0.475192,0.284743,0.838379,,peaked,1,1,debug,0.006000,0.012000,0.292799,0.598459,0.663889,0.635000,1.615000,1.000000
6.7001,squat,face,0.006977,0.008466,0.827978,0.361996,0.454884,0.062647,0.111372,0.827978,0.006977,2,0.515787,0.474296,0.280288,0.835449,,peaked,1,1,debug,0.006000,0.012000,0.280861,0.593937,0.661156,0.645000,1.615000,1.000000
6.7668,squat,face,0.006124,0.007763,0.830921,0.356731,0.456552,0.058691,0.104340,0.830921,0.006124,2,0.514495,0.475596,0.282041,0.838379,,peaked,1,1,debug,0.006000,0.012000,0.277328,0.587674,0.658145,,,
6.8001,squat,face,0.005869,0.007195,0.806771,0.353744,0.459726,0.057457,0.102146,0.806771,0.005869,2,0.514999,0.476171,0.456434,0.872559,,peaked,1,1,debug,0.006000,0.012000,0.273454,0.585625,0.658696,0.645000,1.625000,1.000000
6.8335,squat,face,0.005833,0.006786,0.830333,0.348099,0.464144,0.057281,0.101833,0.830333,0.005833,2,0.522078,0.474596,0.302260,0.810547,,peaked,1,1,debug,0.006000,0.012000,0.268295,0.583102,0.658633,0.645000,1.625000,1.000000
6.8668,squat,face,0.004998,0.006250,0.860369,0.346178,0.471342,0.053020,0.094259,0.860369,0.004998,2,0.532240,0.471519,0.303059,0.818848,,peaked,1,1,debug,0.006000,0.012000,0.260905,0.579463,0.657075,0.655000,1.625000,1.000000
6.9001,squat,face,0.004678,0.005778,0.851240,0.343785,0.478402,0.051295,0.091191,0.851240,0.004678,2,0.535231,0.467890,0.303799,0.809570,rep,rest,1,2,debug,0.006000,0.012000,0.255433,0.577504,0.657854,0.655000,1.635000,1.000000
6.9335,squat,face,0.004423,0.005372,0.780312,0.340311,0.484876,0.049879,0.088673,0.780312,0.004423,2,0.550132,0.467594,0.303683,0.753906,,rest,1,2,debug,0.006000,0.012000,0.258373,0.575759,0.659197,,,
6.9668,squat,face,0.003996,0.004959,0.719429,0.342410,0.494403,0.047411,0.084287,0.719429,0.003996,2,0.556873,0.461790,0.297745,0.798828,,rest,1,2,debug,0.006000,0.012000,0.248488,0.574505,0.658066,0.655000,1.625000,1.000000
7.0335,squat,face,0.003472,0.004513,0.801305,0.339329,0.509763,0.044192,0.078564,0.801305,0.003472,2,0.563520,0.458122,0.432775,0.708984,,rest,1,2,debug,0.006000,0.012000,0.248788,0.572930,0.658417,0.655000,1.625000,1.000000
7.0668,squat,face,0.003356,0.004166,0.797334,0.336097,0.510832,0.043448,0.077240,0.797334,0.003356,2,0.573831,0.462783,0.249458,0.793945,,rest,1,2,debug,0.006000,0.012000,0.252833,0.571172,0.656909,,,
7.1001,squat,face,0.003192,0.003874,0.761629,0.333897,0.516313,0.042373,0.075330,0.761629,0.003192,2,0.573683,0.463565,0.228902,0.767090,,rest,1,2,debug,0.006000,0.012000,0.258931,0.570747,0.655611,0.655000,1.635000,1.000000
7.1335,squat,face,0.003295,0.003700,0.724164,0.325957,0.519847,0.043053,0.076538,0.724164,0.003295,2,0.579459,0.454789,,0.759766,,rest,1,2,debug,0.006000,0.012000,0.238843,0.570189,0.655681,0.665000,1.635000,1.000000
7.1668,squat,face,0.003207,0.003552,0.746738,0.325211,0.529829,0.042473,0.075508,0.746738,0.003207,2,0.586525,0.454505,0.235611,0.718750,,rest,1,2,debug,0.006000,0.012000,0.242607,0.568707,0.655379,,,
7.2001,squat,face,0.003220,0.003453,0.784369,0.325733,0.532574,0.042562,0.075666,0.784369,0.003220,2,0.588926,0.457544,0.228881,0.710449,,rest,1,2,debug,0.006000,0.012000,0.239543,0.568006,0.654927,0.665000,1.635000,1.000000
7.2335,squat,face,0.003109,0.003350,0.774345,0.323303,0.531660,0.041819,0.074345,0.774345,0.003109,2,0.595082,0.459214,0.239639,0.791016,,rest,1,2,debug,0.006000,0.012000,0.238112,0.566655,0.651930,,,
7.2668,squat,face,0.002955,0.003231,0.755514,0.325227,0.535633,0.040767,0.072475,0.755514,0.002955,2,0.597817,0.460121,0.236408,0.765137,,rest,1,2,debug,0.006000,0.012000,0.235252,0.565706,0.650511,0.665000,1.645000,1.000000
7.3001,squat,face,0.003222,0.003228,0.751951,0.323000,0.537361,0.042575,0.075688,0.751951,0.003222,2,0.600316,0.462114,0.237686,0.739258,,rest,1,2,debug,0.006000,0.012000,0.236378,0.565919,0.650965,0.665000,1.645000,1.000000
7.3335,squat,face,0.003160,0.003208,0.732544,0.328145,0.534917,0.042158,0.074947,0.732544,0.003160,2,0.602111,0.462569,0.240420,0.689941,,rest,1,2,debug,0.006000,0.012000,0.239781,0.565482,0.649320,0.665000,1.645000,1.000000
7.3668,squat,face,0.003177,0.003199,0.710551,0.327211,0.539221,0.042276,0.075158,0.710551,0.003177,2,0.603567,0.465923,0.260752,0.677734,,rest,1,2,debug,0.006000,0.012000,0.242649,0.565517,0.648766,0.665000,1.645000,1.000000
7.4335,squat,face,0.002829,0.003088,0.677304,0.334590,0.541986,0.039894,0.070923,0.677304,0.002829,2,0.606467,0.469457,0.454548,0.740234,,rest,1,2,debug,0.006000,0.012000,0.249313,0.565194,0.647559,,,
7.4668,squat,face,0.003064,0.003081,0.737857,0.336640,0.538838,0.041512,0.073799,0.737857,0.003064,2,0.604598,0.468328,0.650227,0.673828,,rest,1,2,debug,0.006000,0.012000,0.257474,0.564681,0.645203,0.665000,1.645000,1.000000
7.5001,squat,face,0.002981,0.003051,0.759703,0.341000,0.544681,0.040948,0.072797,0.759703,0.002981,2,0.603704,0.468008,,0.754883,,rest,1,2,debug,0.006000,0.012000,0.254404,0.564251,0.644618,0.665000,1.645000,1.000000
7.5668,squat,face,0.003461,0.003174,0.743789,0.355112,0.533343,0.044121,0.078437,0.743789,0.003461,2,0.590250,0.361481,,0.750488,,rest,1,2,debug,0.006000,0.012000,0.004924,0.566543,0.644091,,,
7.6001,squat,face,0.003782,0.003356,0.793959,0.364143,0.523179,0.046123,0.081996,0.793959,0.003782,2,0.581371,0.482025,,0.672852,,rest,1,2,debug,0.006000,0.012000,0.240727,0.568170,0.641365,0.665000,1.655000,1.000000
7.6335,squat,face,0.003770,0.003480,0.796109,0.371979,0.518194,0.046050,0.081867,0.796109,0.003770,2,0.577876,0.482924,0.489172,0.782715,,rest,1,2,debug,0.006000,0.012000,0.253808,0.570634,0.640291,0.665000,1.655000,1.000000
7.6668,squat,face,0.004376,0.003749,0.818786,0.376693,0.521534,0.049611,0.088197,0.818786,0.004376,2,0.574711,0.484666,0.471782,0.788574,,rest,1,2,debug,0.006000,0.012000,0.267229,0.571919,0.637088,0.665000,1.655000,1.000000
7.7001,squat,face,0.004363,0.003933,0.819978,0.385147,0.513300,0.049538,0.088068,0.819978,0.004363,2,0.575964,0.492100,0.283841,0.845215,,rest,1,2,debug,0.006000,0.012000,0.285419,0.572445,0.632495,0.665000,1.655000,1.000000
7.7668,squat,face,0.005854,0.004509,0.820870,0.393947,0.509187,0.057382,0.102012,0.820870,0.005854,2,0.570276,0.505637,0.465398,0.828125,,rest,1,2,debug,0.006000,0.012000,0.312211,0.573289,0.627315,,,
7.8001,squat,face,0.005975,0.004949,0.883883,0.395712,0.508333,0.057972,0.103061,0.883883,0.005975,2,0.573496,0.518594,0.471398,0.846680,,rest,1,2,debug,0.006000,0.012000,0.322334,0.572754,0.626423,0.665000,1.645000,1.000000
7.8335,squat,face,0.007080,0.005588,0.887192,0.397281,0.503520,0.063107,0.112190,0.887192,0.007080,2,0.572341,0.522628,0.311349,0.798828,,rest,1,2,debug,0.006000,0.012000,0.319967,0.568420,0.619137,0.675000,1.635000,1.000000
7.9001,squat,face,0.008155,0.006358,0.893499,0.401327,0.501870,0.067730,0.120408,0.893499,0.008155,2,0.571952,0.532363,0.295120,0.820312,,leaving,1,2,debug,0.006000,0.012000,0.362108,0.560325,0.612999,0.665000,1.635000,1.000000
7.9335,squat,face,0.009169,0.007201,0.917495,0.405917,0.498578,0.071815,0.127672,0.917495,0.009169,2,0.570135,0.542744,0.303372,0.781250,,leaving,1,2,debug,0.006000,0.012000,0.388110,0.554354,0.610303,0.655000,1.625000,1.000000
7.9668,squat,face,0.012501,0.008791,0.891310,0.400753,0.485107,0.083855,0.149075,0.891310,0.012501,2,0.572292,0.542560,,0.737793,,leaving,1,2,debug,0.006000,0.012000,0.421594,0.545186,0.606308,,,
8.0001,squat,face,0.012509,0.009907,0.876951,0.401382,0.488279,0.083883,0.149125,0.876951,0.012509,2,0.574068,0.549706,,0.686035,,leaving,1,2,debug,0.006000,0.012000,0.439965,0.540588,0.603797,0.655000,1.605000,1.000000
8.0335,squat,face,0.014628,0.011323,0.883054,0.397677,0.480481,0.090709,0.161260,0.883054,0.014628,2,0.571557,0.553015,,0.717285,,leaving,1,2,debug,0.006000,0.012000,0.497891,0.543467,0.601186,,,
8.0668,squat,face,0.014468,0.012266,0.884436,0.400035,0.475749,0.090212,0.160378,0.884436,0.014468,2,0.571194,0.560500,,0.652344,,peaked,1,2,debug,0.006000,0.012000,0.506337,0.539432,0.597955,0.645000,1.595000,1.000000
8.1001,squat,face,0.019224,0.014354,0.906250,0.392377,0.473161,0.103989,0.184870,0.906250,0.019224,2,0.571373,0.554916,,0.758301,,peaked,1,2,debug,0.006000,0.012000,0.517580,0.536844,0.595010,0.645000,1.595000,1.000000
8.1668,squat,face,0.023759,0.017175,0.888017,0.379980,0.464018,0.115605,0.205520,0.888017,0.023759,2,,,,,,peaked,1,2,debug,0.006000,0.012000,,0.536609,0.588683,0.635000,1.565000,1.000000
8.2001,squat,face,0.027495,0.020271,0.906519,0.371388,0.456759,0.124363,0.221089,0.906519,0.027495,2,0.569115,0.546657,,0.601074,,peaked,1,2,debug,0.006000,0.012000,0.583560,0.537704,0.588254,,,
8.2335,squat,face,0.025312,0.021783,0.920152,0.370145,0.458143,0.119322,0.212129,0.920152,0.025312,2,0.571254,0.541330,,0.648926,,peaked,1,2,debug,0.006000,0.012000,0.609123,0.541519,0.591441,0.625000,1.545000,1.000000
8.2668,squat,face,0.025695,0.022957,0.918293,0.368038,0.451439,0.120222,0.213728,0.918293,0.025695,2,,,,,,peaked,1,2,debug,0.006000,0.012000,,0.543917,0.592627,0.615000,1.535000,1.000000
8.3002,squat,face,0.029815,0.025014,0.886641,0.360012,0.443651,0.129503,0.230228,0.886641,0.029815,2,0.568619,0.545914,,0.754883,,peaked,1,2,debug,0.006000,0.012000,0.620037,0.547365,0.596843,,,
8.3335,squat,face,0.028184,0.025965,0.868840,0.362659,0.446575,0.125910,0.223840,0.868840,0.028184,2,0.564623,0.537069,,0.695801,,peaked,1,2,debug,0.006000,0.012000,0.601725,0.552134,0.602893,0.605000,1.545000,1.000000
8.4002,squat,face,0.023073,0.025098,0.878620,0.369504,0.447527,0.113923,0.202530,0.878620,0.023073,2,0.555210,0.525845,,0.668945,,peaked,1,2,debug,0.006000,0.012000,0.539445,0.561016,0.619682,0.595000,1.555000,1.000000
8.4335,squat,face,0.023143,0.024511,0.892405,0.369697,0.445686,0.114095,0.202836,0.892405,0.023143,2,0.551566,0.551553,,0.723633,,peaked,1,2,debug,0.006000,0.012000,0.545146,0.564569,0.628036,0.595000,1.555000,1.000000
8.5002,squat,face,0.018765,0.022787,0.903822,0.376278,0.448123,0.102740,0.182649,0.903822,0.018765,2,0.541761,0.544429,,0.735352,,peaked,1,2,debug,0.006000,0.012000,0.501389,0.572993,0.643694,,,
8.5335,squat,face,0.017220,0.021117,0.888017,0.376888,0.451765,0.098419,0.174968,0.888017,0.017220,2,0.541332,0.532036,,0.756836,,peaked,1,2,debug,0.006000,0.012000,0.500433,0.577179,0.652242,0.595000,1.565000,1.000000
8.5668,squat,face,0.014366,0.019092,0.869682,0.381625,0.458840,0.089894,0.159811,0.869682,0.014366,2,0.539612,0.539346,,0.779297,,peaked,1,2,debug,0.006000,0.012000,0.464462,0.582395,0.657748,0.605000,1.575000,1.000000
8.6002,squat,face,0.012568,0.017135,0.864897,0.382567,0.451373,0.084081,0.149478,0.864897,0.012568,2,0.540604,0.529974,,0.785645,,peaked,1,2,debug,0.006000,0.012000,0.447894,0.588838,0.660343,0.605000,1.585000,1.000000
8.6668,squat,face,0.010383,0.015109,0.849230,0.380259,0.455977,0.076423,0.135863,0.849230,0.010383,2,0.537620,0.506888,0.322445,0.782715,,peaked,1,2,debug,0.006000,0.012000,0.377272,0.601363,0.668833,,,
8.7002,squat,face,0.009704,0.013488,0.893499,0.378876,0.456185,0.073883,0.131347,0.893499,0.009704,2,0.536022,0.505328,,0.798828,,peaked,1,2,debug,0.006000,0.012000,0.332490,0.605031,0.673367,0.625000,1.585000,1.000000
8.7335,squat,face,0.008460,0.011980,0.916963,0.379091,0.459279,0.068985,0.122639,0.916963,0.008460,2,0.531363,0.501552,0.288023,0.804688,,peaked,1,2,debug,0.006000,0.012000,0.332453,0.605384,0.674028,0.635000,1.575000,1.000000
8.7668,squat,face,0.007652,0.010681,0.892679,0.377045,0.461133,0.065609,0.116638,0.892679,0.007652,2,0.529562,0.500876,0.293435,0.836426,,peaked,1,2,debug,0.006000,0.012000,0.343433,0.605210,0.673339,0.645000,1.595000,1.000000
8.8002,squat,face,0.007308,0.009669,0.844329,0.376848,0.460658,0.064115,0.113983,0.844329,0.007308,2,0.530182,0.494633,0.287908,0.860352,,peaked,1,2,debug,0.006000,0.012000,0.319730,0.605276,0.674068,,,
8.8335,squat,face,0.006402,0.008689,0.876951,0.371115,0.465328,0.060011,0.106686,0.876951,0.006402,2,0.525601,0.488152,0.284310,0.832031,,peaked,1,2,debug,0.006000,0.012000,0.300389,0.604000,0.673374,0.645000,1.595000,1.000000
8.9002,squat,face,0.006321,0.007979,0.860085,0.368381,0.460270,0.059631,0.106010,0.860085,0.006321,2,0.519877,0.486469,0.284157,0.810547,,peaked,1,2,debug,0.006000,0.012000,0.287581,0.596987,0.670035,0.655000,1.605000,1.000000
8.9335,squat,face,0.005590,0.007262,0.807678,0.364852,0.462726,0.056074,0.099688,0.807678,0.005590,2,0.518714,0.483172,0.285534,0.823730,,peaked,1,2,debug,0.006000,0.012000,0.266318,0.593785,0.669409,0.655000,1.615000,1.000000
8.9668,squat,face,0.005537,0.006745,0.833561,0.360604,0.468662,0.055808,0.099214,0.833561,0.005537,2,0.519223,0.479423,0.300347,0.797363,,peaked,1,2,debug,0.006000,0.012000,0.266519,0.590895,0.667788,,,
9.0002,squat,face,0.005117,0.006256,0.841142,0.357743,0.468326,0.053649,0.095376,0.841142,0.005117,2,0.514828,0.479046,0.297244,0.837891,,peaked,1,2,debug,0.006000,0.012000,0.257086,0.587033,0.667147,0.655000,1.625000,1.000000
9.0335,squat,face,0.005588,0.006056,0.767377,0.351850,0.460011,0.056063,0.099668,0.767377,0.005588,2,0.515189,0.472584,0.223515,0.835449,,peaked,1,2,debug,0.006000,0.012000,0.248593,0.583081,0.666669,0.655000,1.625000,1.000000
9.0668,squat,face,0.005524,0.005896,0.817592,0.346870,0.467786,0.055743,0.099099,0.817592,0.005524,2,0.515218,0.472019,0.243172,0.809082,rep,rest,1,3,debug,0.006000,0.012000,0.253742,0.578311,0.666492,,,
9.1002,squat,face,0.005341,0.005730,0.811297,0.344225,0.461887,0.054814,0.097447,0.811297,0.005341,2,0.514359,0.475062,0.252820,0.837402,,rest,1,3,debug,0.006000,0.012000,0.253062,0.575022,0.666078,0.655000,1.625000,1.000000
9.1668,squat,face,0.005327,0.005609,0.795188,0.337670,0.461402,0.054740,0.097315,0.795188,0.005327,2,0.516067,0.479925,,0.791016,,rest,1,3,debug,0.006000,0.012000,0.257375,0.570580,0.665574,0.665000,1.635000,1.000000
9.2002,squat,face,0.005271,0.005507,0.840561,0.335368,0.464155,0.054449,0.096798,0.840561,0.005271,2,0.515405,0.472374,0.200289,0.840332,,rest,1,3,debug,0.006000,0.012000,0.253556,0.570439,0.664721,0.665000,1.635000,1.000000
9.2335,squat,face,0.005572,0.005527,0.837943,0.332860,0.463802,0.055985,0.099530,0.837943,0.005572,2,0.515094,0.467904,0.187758,0.845703,,rest,1,3,debug,0.006000,0.012000,0.248961,0.569768,0.663879,,,
9.2668,squat,face,0.005132,0.005408,0.816098,0.334130,0.462893,0.053730,0.095519,0.816098,0.005132,2,0.514918,0.467197,0.414583,0.856934,,rest,1,3,debug,0.006000,0.012000,0.243198,0.568215,0.663280,0.665000,1.635000,1.000000
9.3335,squat,face,0.005571,0.005457,0.817891,0.331327,0.459937,0.055980,0.099520,0.817891,0.005571,2,0.514202,0.465940,0.212750,0.843750,,rest,1,3,debug,0.006000,0.012000,0.246311,0.566750,0.661892,,,
9.3668,squat,face,0.005465,0.005459,0.822950,0.333599,0.461960,0.055442,0.098564,0.822950,0.005465,2,0.514491,0.467900,0.200125,0.828613,,rest,1,3,debug,0.006000,0.012000,0.247098,0.566592,0.661192,0.665000,1.635000,1.000000
9.4002,squat,face,0.005672,0.005523,0.803435,0.335314,0.460239,0.056483,0.100414,0.803435,0.005672,2,0.514580,0.470971,0.419825,0.819824,,rest,1,3,debug,0.006000,0.012000,0.245957,0.566560,0.660625,0.665000,1.635000,1.000000
9.4335,squat,face,0.005378,0.005480,0.741817,0.338881,0.459102,0.055002,0.097782,0.741817,0.005378,2,0.515357,0.472323,0.199435,0.853027,,rest,1,3,debug,0.006000,0.012000,0.249782,0.566831,0.659743,0.665000,1.635000,1.000000
9.5002,squat,face,0.005491,0.005483,0.834732,0.346296,0.464358,0.055574,0.098798,0.834732,0.005491,2,0.514411,0.473713,0.200538,0.802734,,rest,1,3,debug,0.006000,0.012000,0.256647,0.568950,0.656850,,,
9.5335,squat,face,0.005957,0.005625,0.778119,0.349989,0.458249,0.057887,0.102910,0.778119,0.005957,2,0.515658,0.477767,0.219636,0.845215,,rest,1,3,debug,0.006000,0.012000,0.268773,0.570680,0.655044,0.665000,1.645000,1.000000
9.5668,squat,face,0.005830,0.005687,0.839980,0.354560,0.462586,0.057265,0.101805,0.839980,0.005830,2,0.515605,0.477073,,0.847168,,rest,1,3,debug,0.006000,0.012000,0.266452,0.572676,0.652824,0.665000,1.645000,1.000000
9.6002,squat,face,0.005842,0.005733,0.861220,0.359894,0.465602,0.057325,0.101911,0.861220,0.005842,2,0.520667,0.477300,,0.792969,,rest,1,3,debug,0.006000,0.012000,0.267939,0.575695,0.652609,0.665000,1.645000,1.000000
9.6668,squat,face,0.006296,0.005902,0.886366,0.369560,0.465706,0.059511,0.105798,0.886366,0.006296,2,0.527302,0.486521,0.300087,0.783203,,rest,1,3,debug,0.006000,0.012000,0.285698,0.580825,0.646078,,,
9.7002,squat,face,0.006667,0.006131,0.881117,0.370171,0.466815,0.061237,0.108865,0.881117,0.006667,2,0.531003,0.484784,0.269181,0.848633,,leaving,1,3,debug,0.006000,0.012000,0.283624,0.580309,0.642844,0.665000,1.645000,1.000000
9.7335,squat,face,0.006808,0.006334,0.870244,0.378240,0.465493,0.061881,0.110010,0.870244,0.006808,2,0.531477,0.490793,0.270726,0.862305,,leaving,1,3,debug,0.006000,0.012000,0.303913,0.579298,0.638824,0.665000,1.645000,1.000000
9.7668,squat,face,0.007669,0.006735,0.893772,0.380984,0.466215,0.065679,0.116762,0.893772,0.007669,2,0.533711,0.503304,0.305340,0.820801,,leaving,1,3,debug,0.006000,0.012000,0.331689,0.578370,0.634679,0.665000,1.645000,1.000000
9.8002,squat,face,0.008161,0.007162,0.806165,0.384295,0.464798,0.067752,0.120448,0.806165,0.008161,2,0.535672,0.502251,0.499456,0.832031,,leaving,1,3,debug,0.006000,0.012000,0.353067,0.577170,0.632705,0.675000,1.645000,1.000000
9.8335,squat,face,0.009343,0.007817,0.847503,0.388230,0.462584,0.072496,0.128881,0.847503,0.009343,2,0.538924,0.508553,0.334266,0.759766,,leaving,1,3,debug,0.006000,0.012000,0.341685,0.574077,0.626356,,,
9.8668,squat,face,0.010785,0.008707,0.852386,0.389613,0.459749,0.077887,0.138466,0.852386,0.010785,2,0.540720,0.507157,0.653500,0.736328,,leaving,1,3,debug,0.006000,0.012000,0.359732,0.570011,0.622766,0.685000,1.645000,1.000000
9.9335,squat,face,0.012433,0.009825,0.869682,0.392837,0.466059,0.083628,0.148673,0.869682,0.012433,2,0.542197,0.523029,,0.820312,,leaving,1,3,debug,0.006000,0.012000,0.420362,0.557501,0.610249,,,
9.9668,squat,face,0.013967,0.011067,0.894318,0.393091,0.462779,0.088636,0.157574,0.894318,0.013967,2,0.543801,0.530411,,0.809570,,leaving,1,3,debug,0.006000,0.012000,0.454569,0.550595,0.606222,0.695000,1.625000,1.000000
10.0002,squat,face,0.015580,0.012421,0.900575,0.391355,0.461863,0.093614,0.166425,0.900575,0.015580,2,0.548809,0.530840,,0.784668,,peaked,1,3,debug,0.006000,0.012000,0.462218,0.544739,0.603712,0.685000,1.625000,1.000000
10.0335,squat,face,0.017735,0.014015,0.900033,0.387854,0.456913,0.099879,0.177562,0.900033,0.017735,2,0.555847,0.534213,,0.758301,,peaked,1,3,debug,0.006000,0.012000,0.481685,0.540736,0.601361,0.665000,1.605000,1.000000
10.0668,squat,face,0.019592,0.015688,0.888017,0.387318,0.456752,0.104979,0.186629,0.888017,0.019592,2,0.559148,0.533640,,0.738770,,peaked,1,3,debug,0.006000,0.012000,0.486561,0.537918,0.599011,,,
10.1002,squat,face,0.021001,0.017282,0.869121,0.384415,0.455955,0.108687,0.193221,0.869121,0.021001,2,0.559901,0.527224,,0.715820,,peaked,1,3,debug,0.006000,0.012000,0.527814,0.537807,0.597051,0.645000,1.595000,1.000000
10.1669,squat,face,0.025859,0.019855,0.883054,0.374311,0.449684,0.120605,0.214408,0.883054,0.025859,2,0.559783,0.510400,,0.646973,,peaked,1,3,debug,0.006000,0.012000,0.589668,0.539374,0.590479,,,
10.2002,squat,face,0.026973,0.021990,0.912157,0.371364,0.450641,0.123176,0.218979,0.912157,0.026973,2,0.563331,0.513914,,0.643555,,peaked,1,3,debug,0.006000,0.012000,0.586524,0.540299,0.590217,0.635000,1.575000,1.000000
10.2335,squat,face,0.029475,0.024236,0.918559,0.367836,0.443807,0.128762,0.228911,0.918559,0.029475,2,0.563027,0.522213,,0.687988,,peaked,1,3,debug,0.006000,0.012000,0.574628,0.541694,0.590939,0.625000,1.565000,1.000000
10.2669,squat,face,0.030627,0.026153,0.919621,0.365236,0.439393,0.131254,0.233341,0.919621,0.030627,2,0.566240,0.518509,,0.759766,,peaked,1,3,debug,0.006000,0.012000,0.595194,0.544402,0.592861,0.615000,1.545000,1.000000
10.3335,squat,face,0.029914,0.027281,0.912693,0.365840,0.439627,0.129718,0.230609,0.912693,0.029914,2,0.561887,0.510988,,0.729980,,peaked,1,3,debug,0.006000,0.012000,0.578328,0.550146,0.600251,,,
10.3669,squat,face,0.027496,0.027346,0.910014,0.369538,0.448234,0.124364,0.221091,0.910014,0.027496,2,,,,,,peaked,1,3,debug,0.006000,0.012000,,0.553884,0.608040,0.605000,1.545000,1.000000
10.4002,squat,face,0.026119,0.026978,0.876115,0.373462,0.441496,0.121210,0.215485,0.876115,0.026119,2,0.556069,0.519142,,0.662598,,peaked,1,3,debug,0.006000,0.012000,0.557118,0.558328,0.615791,0.595000,1.545000,1.000000
10.4335,squat,face,0.023829,0.026033,0.855531,0.379356,0.445779,0.115775,0.205823,0.855531,0.023829,2,0.561281,0.510459,,0.716309,,peaked,1,3,debug,0.006000,0.012000,0.580362,0.562914,0.622926,0.595000,1.565000,1.000000
10.5002,squat,face,0.017516,0.023478,0.891036,0.386180,0.463927,0.099262,0.176465,0.891036,0.017516,2,0.558998,0.528755,,0.696289,,peaked,1,3,debug,0.006000,0.012000,0.515990,0.572346,0.642829,,,
10.5335,squat,face,0.014912,0.020908,0.886641,0.394168,0.466715,0.091587,0.162822,0.886641,0.014912,2,0.562578,0.523027,,0.725098,,peaked,1,3,debug,0.006000,0.012000,0.490498,0.576737,0.650182,0.595000,1.575000,1.000000
10.6002,squat,face,0.010336,0.017737,0.873324,0.400377,0.478967,0.076249,0.135554,0.873324,0.010336,2,0.568149,0.521618,,0.774902,,peaked,1,3,debug,0.006000,0.012000,0.457525,0.589686,0.662819,,,
10.6335,squat,face,0.007538,0.014677,0.830039,0.399117,0.493725,0.065117,0.115764,0.830039,0.007538,2,0.573921,0.514434,,0.815918,,peaked,1,3,debug,0.006000,0.012000,0.434517,0.596328,0.667788,0.605000,1.595000,1.000000
10.6669,squat,face,0.007825,0.012622,0.854675,0.396443,0.502134,0.066346,0.117949,0.854675,0.007825,2,0.575994,0.501011,,0.816406,,peaked,1,3,debug,0.006000,0.012000,0.383801,0.601624,0.670927,0.615000,1.585000,1.000000
10.7002,squat,face,0.006111,0.010668,0.852100,0.401527,0.510879,0.058629,0.104229,0.852100,0.006111,2,0.581299,0.486749,,0.678223,,peaked,1,3,debug,0.006000,0.012000,0.343644,0.606471,0.674159,0.625000,1.585000,1.000000
10.7335,squat,face,0.005278,0.009051,0.864615,0.394258,0.516964,0.054487,0.096865,0.864615,0.005278,2,0.590892,0.490599,0.318290,0.696777,,peaked,1,3,debug,0.006000,0.012000,0.336419,0.608668,0.673899,,,
10.7669,squat,face,0.005327,0.007934,0.781250,0.389917,0.525470,0.054740,0.097316,0.781250,0.005327,2,0.602110,0.494578,0.307746,0.741211,,peaked,1,3,debug,0.006000,0.012000,0.327149,0.608331,0.673916,0.635000,1.595000,1.000000
10.8002,squat,face,0.004498,0.006903,0.769601,0.387149,0.536636,0.050300,0.089422,0.769601,0.004498,2,0.601536,0.487504,0.288346,0.708496,,peaked,1,3,debug,0.006000,0.012000,0.322731,0.606828,0.672787,0.635000,1.595000,1.000000
10.8335,squat,face,0.004073,0.006054,0.718410,0.381499,0.550013,0.047863,0.085090,0.718410,0.004073,2,0.608034,0.486264,0.482902,0.777832,,peaked,1,3,debug,0.006000,0.012000,0.317450,0.603808,0.670680,,,
10.8669,squat,face,0.003476,0.005281,0.719768,0.377185,0.543927,0.044220,0.078613,0.719768,0.003476,2,0.613913,0.489130,0.302603,0.746094,rep,rest,1,4,debug,0.006000,0.012000,0.319024,0.601504,0.670633,0.645000,1.605000,1.000000
10.9002,squat,face,0.003401,0.004717,0.690689,0.369390,0.551371,0.043739,0.077759,0.690689,0.003401,2,0.613844,0.336314,0.344893,0.818359,,rest,1,4,debug,0.006000,0.012000,0.007042,0.597817,0.667457,,,
10.9335,squat,face,0.003427,0.004330,0.742804,0.362874,0.548329,0.043903,0.078049,0.742804,0.003427,2,0.617003,0.480794,0.259855,0.717773,,rest,1,4,debug,0.006000,0.012000,0.278938,0.595090,0.666686,0.655000,1.615000,1.000000
11.0002,squat,face,0.003202,0.003991,0.715004,0.349857,0.549567,0.042441,0.075451,0.715004,0.003202,2,0.614034,0.481717,0.264590,0.758301,,rest,1,4,debug,0.006000,0.012000,0.263429,0.590140,0.663456,,,
11.0335,squat,face,0.003263,0.003773,0.611974,0.343164,0.546010,0.042844,0.076167,0.611974,0.003263,2,0.617309,0.485767,0.266735,0.705566,,rest,1,4,debug,0.006000,0.012000,0.268778,0.588691,0.664160,0.665000,1.625000,1.000000
11.0669,squat,face,0.003286,0.003627,0.659034,0.337260,0.548307,0.042995,0.076436,0.659034,0.003286,2,0.611836,0.484461,0.263202,0.732422,,rest,1,4,debug,0.006000,0.012000,0.261006,0.585587,0.662603,0.665000,1.625000,1.000000
11.1002,squat,face,0.002926,0.003417,0.583798,0.336791,0.544144,0.040570,0.072125,0.583798,0.002926,2,0.614988,0.481134,0.249070,0.700684,,rest,1,4,debug,0.006000,0.012000,0.253535,0.583420,0.662786,0.665000,1.625000,1.000000
11.1335,squat,face,0.003151,0.003337,0.626755,0.326753,0.548776,0.042102,0.074848,0.626755,0.003151,2,0.614747,0.475873,0.246993,0.705078,,rest,1,4,debug,0.006000,0.012000,0.245208,0.580146,0.660985,0.665000,1.625000,1.000000
11.2002,squat,face,0.003250,0.003311,0.616148,0.319714,0.537619,0.042759,0.076017,0.616148,0.003250,2,0.612087,0.476699,0.239115,0.713379,,rest,1,4,debug,0.006000,0.012000,0.241863,0.576292,0.659861,,,
11.2335,squat,face,0.002906,0.003190,0.626171,0.317687,0.547350,0.040429,0.071873,0.626171,0.002906,2,0.609744,0.475294,0.242904,0.691406,,rest,1,4,debug,0.006000,0.012000,0.229872,0.574887,0.658256,0.665000,1.635000,1.000000
11.2669,squat,face,0.002950,0.003118,0.670056,0.315132,0.544853,0.040737,0.072420,0.670056,0.002950,2,0.608143,0.488957,0.243361,0.731934,,rest,1,4,debug,0.006000,0.012000,0.257015,0.573007,0.658137,0.665000,1.635000,1.000000
11.3002,squat,face,0.002929,0.003061,0.660514,0.314621,0.538078,0.040593,0.072164,0.660514,0.002929,2,0.607933,0.472930,0.230709,0.745117,,rest,1,4,debug,0.006000,0.012000,0.227144,0.572833,0.657504,0.665000,1.645000,1.000000
11.3335,squat,face,0.002944,0.003026,0.631606,0.313803,0.536248,0.040692,0.072342,0.631606,0.002944,2,0.604344,0.484002,0.224169,0.761719,,rest,1,4,debug,0.006000,0.012000,0.248806,0.572249,0.654852,0.665000,1.645000,1.000000
11.3669,squat,face,0.002741,0.002941,0.628700,0.311739,0.539182,0.039267,0.069809,0.628700,0.002741,2,0.604928,0.471189,,0.750488,,rest,1,4,debug,0.006000,0.012000,0.211865,0.571674,0.652416,0.665000,1.645000,1.000000
11.4335,squat,face,0.002788,0.002895,0.743789,0.316351,0.537772,0.039602,0.070403,0.743789,0.002788,2,0.598734,0.468822,,0.727539,,rest,1,4,debug,0.006000,0.012000,0.228779,0.571143,0.651574,0.675000,1.655000,1.000000
11.4669,squat,face,0.002644,0.002820,0.664751,0.321521,0.540176,0.038566,0.068562,0.664751,0.002644,2,0.593769,0.473926,0.224167,0.661621,,rest,1,4,debug,0.006000,0.012000,0.235029,0.570409,0.650396,,,
11.5002,squat,face,0.002826,0.002821,0.677664,0.326676,0.528359,0.039868,0.070876,0.677664,0.002826,2,0.576106,0.477936,0.222987,0.644531,,rest,1,4,debug,0.006000,0.012000,0.240003,0.569641,0.649351,0.675000,1.655000,1.000000
11.5335,squat,face,0.003287,0.002961,0.620885,0.328008,0.516216,0.042998,0.076442,0.620885,0.003287,2,0.564959,0.484911,,0.679199,,rest,1,4,debug,0.006000,0.012000,0.256973,0.568864,0.649258,0.675000,1.655000,1.000000
11.5669,squat,face,0.003760,0.003201,0.616742,0.327269,0.499715,0.045987,0.081755,0.616742,0.003760,2,0.554894,0.486503,,0.760742,,rest,1,4,debug,0.006000,0.012000,0.258376,0.567845,0.647127,,,
11.6002,squat,face,0.005251,0.003816,0.586094,0.318075,0.478823,0.054346,0.096615,0.586094,0.005251,2,0.537348,0.481278,0.239954,0.738770,,rest,1,4,debug,0.006000,0.012000,0.243515,0.567535,0.646180,0.675000,1.655000,1.000000
11.6335,squat,face,0.004708,0.004083,0.698422,0.325755,0.481912,0.051460,0.091484,0.698422,0.004708,2,0.532509,0.482802,0.237297,0.791016,,rest,1,4,debug,0.006000,0.012000,0.251826,0.567604,0.645143,,,
11.6669,squat,face,0.004244,0.004131,0.717730,0.333387,0.479867,0.048859,0.086861,0.717730,0.004244,2,0.526510,0.488284,0.246363,0.685547,,rest,1,4,debug,0.006000,0.012000,0.256734,0.567991,0.644083,0.675000,1.655000,1.000000
11.7002,squat,face,0.004195,0.004151,0.685544,0.334815,0.480467,0.048576,0.086358,0.685544,0.004195,2,0.525565,0.487933,0.259121,0.658203,,rest,1,4,debug,0.006000,0.012000,0.265778,0.568573,0.642522,,,
11.7335,squat,face,0.005007,0.004408,0.694742,0.337095,0.479715,0.053073,0.094351,0.694742,0.005007,2,0.524332,0.486834,0.280181,0.656250,,rest,1,4,debug,0.006000,0.012000,0.257085,0.570304,0.643585,0.675000,1.655000,1.000000
11.8002,squat,face,0.004938,0.004567,0.628506,0.345780,0.477681,0.052701,0.093690,0.628506,0.004938,2,0.521871,0.480099,,0.659668,,rest,1,4,debug,0.006000,0.012000,0.252224,0.572391,0.643809,,,
11.8335,squat,face,0.005669,0.004897,0.652706,0.347277,0.470025,0.056471,0.100393,0.652706,0.005669,2,0.519829,0.490382,0.281278,0.610840,,rest,1,4,debug,0.006000,0.012000,0.270996,0.573611,0.641127,0.675000,1.665000,1.000000
11.9002,squat,face,0.005306,0.005020,0.661991,0.357063,0.477722,0.054631,0.097122,0.661991,0.005306,2,0.516373,0.500343,0.291331,0.609863,,rest,1,4,debug,0.006000,0.012000,0.299310,0.575294,0.637706,,,
11.9335,squat,face,0.005528,0.005172,0.658664,0.359894,0.479248,0.055762,0.099132,0.658664,0.005528,2,0.519541,0.504212,0.279291,0.544434,,rest,1,4,debug,0.006000,0.012000,0.303809,0.575786,0.637976,0.675000,1.665000,1.000000
11.9669,squat,face,0.005635,0.005311,0.808886,0.582837,0.435562,0.056302,0.100092,0.808886,0.005635,4,0.506655,0.499583,0.516658,0.514160,,rest,1,4,debug,0.006000,0.012000,0.320504,0.575648,0.634037,0.675000,1.665000,1.000000
12.0002,squat,face,0.005950,0.005503,0.788095,0.574876,0.428039,0.057854,0.102852,0.788095,0.005950,4,0.494671,0.498020,,0.499756,,rest,1,4,debug,0.006000,0.012000,0.311882,0.575850,0.631888,0.675000,1.665000,1.000000
12.0336,squat,face,0.006510,0.005805,0.805256,0.570658,0.426780,0.060512,0.107577,0.805256,0.006510,4,0.487892,0.496444,0.352224,0.620117,,rest,1,4,debug,0.006000,0.012000,0.339877,0.574542,0.630462,0.685000,1.655000,1.000000
12.1002,squat,face,0.007512,0.006317,0.822653,0.560397,0.418407,0.065002,0.115559,0.822653,0.007512,4,0.487807,0.497809,0.657109,0.615234,,leaving,1,4,debug,0.006000,0.012000,0.382018,0.566370,0.626816,,,
12.1336,squat,face,0.007498,0.006671,0.852386,0.557846,0.419312,0.064942,0.115453,0.852386,0.007498,4,0.489546,0.495893,,0.565918,,leaving,1,4,debug,0.006000,0.012000,0.393212,0.561263,0.622748,0.695000,1.655000,1.000000
12.2002,squat,face,0.009567,0.007540,0.823246,0.546303,0.410895,0.073359,0.130416,0.823246,0.009567,4,0.475884,0.496579,,0.642578,,leaving,1,4,debug,0.006000,0.012000,0.415971,0.547366,0.613934,,,
12.2336,squat,face,0.009370,0.008089,0.844329,0.542531,0.405472,0.072600,0.129067,0.844329,0.009370,4,0.475970,0.490484,,0.604004,,leaving,1,4,debug,0.006000,0.012000,0.487379,0.541221,0.610961,0.695000,1.645000,1.000000
12.2669,squat,face,0.011222,0.009029,0.860652,0.538189,0.394756,0.079449,0.141243,0.860652,0.011222,4,0.473843,0.541553,,0.681641,,leaving,1,4,debug,0.006000,0.012000,0.398315,0.536908,0.609115,0.685000,1.645000,1.000000
12.3002,squat,face,0.011591,0.009798,0.846062,0.535353,0.391232,0.080747,0.143549,0.846062,0.011591,4,0.475714,0.552075,,0.649902,,leaving,1,4,debug,0.006000,0.012000,0.379742,0.534605,0.607386,0.665000,1.625000,1.000000
12.3336,squat,face,0.012711,0.010672,0.822950,0.532611,0.387835,0.084558,0.150325,0.822950,0.012711,4,0.477192,0.797964,,0.549805,,leaving,1,4,debug,0.006000,0.012000,,0.534184,0.606112,,,
12.3669,squat,face,0.013931,0.011649,0.810996,0.529259,0.385111,0.088521,0.157372,0.810996,0.013931,4,0.477878,0.785307,,0.577148,,leaving,1,4,debug,0.006000,0.012000,,0.533700,0.601491,0.645000,1.615000,1.000000
12.4002,squat,face,0.014376,0.012467,0.768013,0.524846,0.378295,0.089925,0.159867,0.768013,0.014376,4,0.479624,0.520144,,0.491699,,peaked,1,4,debug,0.006000,0.012000,0.596745,0.535506,0.602478,,,
12.4336,squat,face,0.016027,0.013535,0.763869,0.525217,0.376799,0.094949,0.168798,0.763869,0.016027,4,0.478407,0.823054,,0.448486,,peaked,1,4,debug,0.006000,0.012000,,0.537592,0.602646,0.625000,1.605000,1.000000
12.4669,squat,face,0.016486,0.014420,0.786234,0.519258,0.356452,0.096298,0.171196,0.786234,0.016486,4,0.478902,0.494068,,0.346924,,peaked,1,4,debug,0.006000,0.012000,0.648083,0.540609,0.604029,,,
12.5002,squat,face,0.016023,0.014901,0.774660,0.526238,0.359969,0.094936,0.168776,0.774660,0.016023,4,0.477614,0.825080,,0.321045,,peaked,1,4,debug,0.006000,0.012000,,0.542102,0.604191,0.615000,1.605000,1.000000
12.5336,squat,face,0.017039,0.015543,0.785924,0.520227,0.360780,0.097901,0.174046,0.785924,0.017039,4,0.477357,0.824665,,0.366943,,peaked,1,4,debug,0.006000,0.012000,,0.544353,0.607210,,,
12.5669,squat,face,0.017491,0.016127,0.786234,0.520385,0.359795,0.099191,0.176340,0.786234,0.017491,4,0.473754,0.823648,,0.342041,,peaked,1,4,debug,0.006000,0.012000,,0.547237,0.612114,0.595000,1.605000,1.000000
12.6002,squat,face,0.015388,0.015905,0.799169,0.517531,0.358052,0.093035,0.165396,0.799169,0.015388,4,0.477696,0.818662,,0.350098,,peaked,1,4,debug,0.006000,0.012000,,0.550417,0.617960,0.595000,1.605000,1.000000
12.6336,squat,face,0.014576,0.015507,0.793652,0.528198,0.376031,0.090548,0.160975,0.793652,0.014576,4,,,,,,peaked,1,4,debug,0.006000,0.012000,,0.553889,0.624703,0.585000,1.605000,1.000000
12.7002,squat,face,0.015403,0.015475,0.773714,0.525419,0.375428,0.093081,0.165478,0.773714,0.015403,4,0.477313,0.802125,,0.288818,,peaked,1,4,debug,0.006000,0.012000,,0.560952,0.635629,,,
12.7336,squat,face,0.013879,0.014996,0.794267,0.530108,0.384138,0.088356,0.157077,0.794267,0.013879,4,,,,,,peaked,1,4,debug,0.006000,0.012000,,0.565422,0.642050,0.585000,1.605000,1.000000
12.8002,squat,face,0.011015,0.013802,0.805862,0.536239,0.401293,0.078714,0.139937,0.805862,0.011015,4,0.487034,0.507538,,0.386719,,peaked,1,4,debug,0.006000,0.012000,0.474565,0.574523,0.647998,,,
12.8336,squat,face,0.008843,0.012314,0.835901,0.544853,0.413835,0.070529,0.125386,0.835901,0.008843,4,0.481682,0.509651,,0.410645,,peaked,1,4,debug,0.006000,0.012000,0.450992,0.579937,0.651563,0.595000,1.605000,1.000000
12.8669,squat,face,0.008652,0.011216,0.786855,0.545555,0.416793,0.069761,0.124020,0.786855,0.008652,4,0.503270,0.511968,,0.437744,,peaked,1,4,debug,0.006000,0.012000,0.430382,0.585770,0.655504,0.595000,1.595000,1.000000
12.9002,squat,face,0.007740,0.010173,0.767377,0.551071,0.425798,0.065982,0.117302,0.767377,0.007740,4,0.501708,0.517203,,0.422852,,peaked,1,4,debug,0.006000,0.012000,0.410124,0.590377,0.658454,0.605000,1.595000,1.000000
12.9336,squat,face,0.006830,0.009170,0.810093,0.552618,0.429726,0.061981,0.110189,0.810093,0.006830,4,0.498518,0.511100,,0.441895,,peaked,1,4,debug,0.006000,0.012000,0.377415,0.594993,0.659571,0.625000,1.595000,1.000000
12.9669,squat,face,0.006559,0.008387,0.827388,0.556060,0.425348,0.060742,0.107987,0.827388,0.006559,4,0.497490,0.503748,,0.523926,,peaked,1,4,debug,0.006000,0.012000,0.354130,0.597249,0.659069,0.635000,1.595000,1.000000
13.0002,squat,face,0.006496,0.007820,0.844329,0.554993,0.426123,0.060450,0.107467,0.844329,0.006496,4,0.490875,0.507559,0.370396,0.650879,,peaked,1,4,debug,0.006000,0.012000,0.338869,0.598960,0.661022,0.635000,1.595000,1.000000
13.0336,squat,face,0.005670,0.007175,0.811297,0.559496,0.429538,0.056475,0.100400,0.811297,0.005670,4,0.491913,0.510277,0.360241,0.624512,,peaked,1,4,debug,0.006000,0.012000,0.336389,0.598668,0.660911,,,
13.0669,squat,face,0.005773,0.006754,0.736201,0.562710,0.431768,0.056984,0.101305,0.736201,0.005773,4,0.497167,0.510324,0.542894,0.629395,,peaked,1,4,debug,0.006000,0.012000,0.335501,0.594191,0.658656,0.645000,1.595000,1.000000
13.1002,squat,face,0.004529,0.006087,0.695795,0.564538,0.435261,0.050475,0.089734,0.695795,0.004529,4,0.502640,0.517260,0.543939,0.586426,,peaked,1,4,debug,0.006000,0.012000,0.308430,0.589887,0.659394,,,
13.1336,squat,face,0.004589,0.005637,0.644046,0.565896,0.438541,0.050807,0.090323,0.644046,0.004589,4,0.497351,0.513445,0.551385,0.608887,rep,rest,1,5,debug,0.006000,0.012000,0.307267,0.584139,0.656141,0.645000,1.605000,1.000000
13.1669,squat,face,0.004657,0.005343,0.626755,0.569717,0.435037,0.051180,0.090987,0.626755,0.004657,4,0.499096,0.514114,0.545660,0.586426,,rest,1,5,debug,0.006000,0.012000,0.288494,0.581052,0.656492,,,
13.2002,squat,face,0.004435,0.005071,0.630832,0.568051,0.437220,0.049948,0.088797,0.630832,0.004435,4,0.498608,0.514153,0.728631,0.594238,,rest,1,5,debug,0.006000,0.012000,0.283270,0.578269,0.656928,0.645000,1.605000,1.000000
13.2336,squat,face,0.004034,0.004760,0.681436,0.575332,0.444779,0.047638,0.084690,0.681436,0.004034,4,0.498621,0.520369,0.593449,0.584961,,rest,1,5,debug,0.006000,0.012000,0.281411,0.574965,0.656328,,,
13.2669,squat,face,0.005028,0.004840,0.749674,0.580707,0.448530,0.053181,0.094545,0.749674,0.005028,4,0.500340,0.519858,0.553114,0.595703,,rest,1,5,debug,0.006000,0.012000,0.271597,0.571508,0.657187,0.645000,1.605000,1.000000
13.3002,squat,face,0.004107,0.004620,0.735869,0.584562,0.449006,0.048063,0.085445,0.735869,0.004107,4,0.502705,0.522348,0.571398,0.636230,,rest,1,5,debug,0.006000,0.012000,0.274908,0.568222,0.658817,0.645000,1.605000,1.000000
13.3669,squat,face,0.003588,0.004310,0.695971,0.588153,0.451021,0.044923,0.079863,0.695971,0.003588,4,0.515067,0.521922,,0.502441,,rest,1,5,debug,0.006000,0.012000,0.263743,0.562325,0.658646,,,
13.4002,squat,face,0.005259,0.004595,0.592309,0.594103,0.450969,0.054389,0.096691,0.592309,0.005259,4,0.511324,0.523761,,0.478760,,rest,1,5,debug,0.006000,0.012000,0.277621,0.561217,0.658568,0.655000,1.605000,1.000000
13.4336,squat,face,0.005124,0.004754,0.609375,0.594695,0.450884,0.053686,0.095442,0.609375,0.005124,4,0.499620,0.525371,,0.499512,,rest,1,5,debug,0.006000,0.012000,0.274647,0.561270,0.657858,0.655000,1.615000,1.000000
13.4669,squat,face,0.005639,0.005019,0.580443,0.596579,0.448744,0.056319,0.100123,0.580443,0.005639,4,0.504318,0.522671,,0.462891,,rest,1,5,debug,0.006000,0.012000,0.278290,0.561087,0.657802,0.655000,1.615000,1.000000
13.5002,squat,face,,0.005019,0.000000,,,,,,,,0.507036,0.523779,0.710740,0.538574,,rest,1,5,debug,0.006000,0.012000,0.275428,0.560334,0.656748,0.645000,1.615000,1.000000
13.5669,squat,face,,0.005019,0.000000,,,,,,,,0.510766,0.521469,,0.431885,,rest,1,5,debug,0.006000,0.012000,0.269736,0.560012,0.656411,,,
13.6002,squat,face,,0.005019,0.000000,,,,,,,,0.509458,0.653824,,0.399170,,rest,1,5,debug,0.006000,0.012000,0.007232,0.560074,0.655431,0.655000,1.615000,1.000000
13.6669,squat,face,,0.005019,0.000000,,,,,,,,0.509930,0.659218,,0.396484,,rest,1,5,debug,0.006000,0.012000,0.003435,0.560819,0.653614,,,
13.7002,squat,face,0.003903,0.004684,0.587342,0.459601,0.594890,0.083297,0.046855,0.587342,0.003903,7,,,,,,rest,1,5,debug,0.006000,0.012000,,0.560840,0.651486,0.655000,1.615000,1.000000
13.7336,squat,face,,0.004684,0.000000,,,,,,,,,,,,,rest,1,5,debug,0.006000,0.012000,,0.562589,0.652282,0.645000,1.625000,1.000000
13.7669,squat,face,,0.004684,0.000000,,,,,,,,,,,,,rest,1,5,debug,0.006000,0.012000,,0.564721,0.649732,0.655000,1.625000,1.000000
13.8002,squat,face,,0.004684,0.000000,,,,,,,,,,,,,rest,1,5,debug,0.006000,0.012000,,0.567202,0.647280,0.645000,1.625000,1.000000
13.8336,squat,face,,0.004684,0.000000,,,,,,,,,,,,,rest,1,5,debug,0.006000,0.012000,,0.570625,0.642824,,,
13.8669,squat,face,,0.004684,0.000000,,,,,,,,,,,,,rest,1,5,debug,0.006000,0.012000,,0.572934,0.640143,0.655000,1.625000,1.000000
13.9003,squat,face,0.004445,0.004613,0.646127,0.443662,0.389979,0.088898,0.050005,0.646127,0.004445,5,0.430487,0.321029,0.103198,0.611328,,rest,1,5,debug,0.006000,0.012000,0.305150,0.574779,0.639101,,,
13.9336,squat,face,0.005135,0.004769,0.648014,0.436453,0.390581,0.095546,0.053745,0.648014,0.005135,5,0.436047,0.322540,0.075948,0.657715,,rest,1,5,debug,0.006000,0.012000,0.316357,0.575264,0.635425,0.645000,1.625000,1.000000
13.9669,squat,face,0.005888,0.005105,0.633728,0.431273,0.392414,0.102314,0.057552,0.633728,0.005888,5,,0.320525,0.067709,0.711914,,rest,1,5,debug,0.006000,0.012000,0.331748,0.576200,0.634782,,,
14.0003,squat,face,0.005677,0.005277,0.677484,0.430028,0.398949,0.100457,0.056507,0.677484,0.005677,5,0.445459,0.318981,0.056930,0.716797,,rest,1,5,debug,0.006000,0.012000,0.342853,0.574798,0.628159,0.655000,1.625000,1.000000
14.0336,squat,face,0.005922,0.005470,0.748697,0.424431,0.402460,0.102609,0.057717,0.748697,0.005922,5,0.451699,0.316050,0.034221,0.788574,,rest,1,5,debug,0.006000,0.012000,0.353237,0.572842,0.625295,0.655000,1.625000,1.000000
14.0669,squat,face,0.006382,0.005744,0.740829,0.424793,0.404465,0.106520,0.059918,0.740829,0.006382,5,0.455485,0.312879,,0.732422,,rest,1,5,debug,0.006000,0.012000,0.379380,0.569794,0.621392,,,
14.1003,squat,face,0.006303,0.005912,0.759381,0.423218,0.407611,0.105859,0.059546,0.759381,0.006303,5,0.459551,0.307175,,0.765625,,rest,1,5,debug,0.006000,0.012000,0.388749,0.564756,0.618561,0.665000,1.625000,1.000000
14.1669,squat,face,0.008297,0.006627,0.695795,0.413897,0.408416,0.121447,0.068314,0.695795,0.008297,5,0.462654,0.293555,,0.751953,,leaving,1,5,debug,0.006000,0.012000,0.423903,0.552675,0.610160,,,
14.2003,squat,face,0.007956,0.007026,0.755514,0.413877,0.410552,0.118931,0.066899,0.755514,0.007956,5,0.463389,0.283288,,0.750488,,leaving,1,5,debug,0.006000,0.012000,0.449799,0.547813,0.609312,0.665000,1.625000,1.000000
14.2669,squat,face,0.011930,0.008497,0.770869,0.390899,0.401897,0.145636,0.081920,0.770869,0.011930,5,0.464188,0.259557,,0.700195,,leaving,1,5,debug,0.006000,0.012000,0.522473,0.540464,0.606833,,,
14.3003,squat,face,0.012994,0.009846,0.750651,0.386963,0.401343,0.151990,0.085494,0.750651,0.012994,5,0.466725,0.247059,,0.762207,,leaving,1,5,debug,0.006000,0.012000,0.558748,0.538112,0.605847,0.645000,1.615000,1.000000
14.3336,squat,face,0.010034,0.009903,0.781250,0.406259,0.411788,0.133558,0.075127,0.781250,0.010034,5,0.467577,0.238216,,0.800293,,leaving,1,5,debug,0.006000,0.012000,0.586498,0.537947,0.604918,0.635000,1.605000,1.000000
14.3669,squat,face,0.012009,0.010535,0.761308,0.390038,0.404078,0.146115,0.082190,0.761308,0.012009,5,0.467863,0.225024,,0.799316,,leaving,1,5,debug,0.006000,0.012000,0.612749,0.538647,0.602352,0.625000,1.605000,1.000000
14.4003,squat,face,0.012565,0.011144,0.789333,0.391095,0.403226,0.149458,0.084070,0.789333,0.012565,5,0.467562,0.217482,,0.759766,,leaving,1,5,debug,0.006000,0.012000,0.633282,0.539624,0.602630,0.625000,1.595000,1.000000
14.4669,squat,face,0.015170,0.012352,0.805862,0.372891,0.399119,0.164222,0.092375,0.805862,0.015170,5,0.466764,0.207869,,0.729004,,peaked,1,5,debug,0.006000,0.012000,0.651067,0.542622,0.604813,,,
14.5336,squat,face,0.014085,0.012872,0.838234,0.389450,0.402482,0.158239,0.089010,0.838234,0.014085,5,0.472091,0.218231,,0.746094,,peaked,1,5,debug,0.006000,0.012000,0.631250,0.547510,0.611664,,,
14.5669,squat,face,0.012185,0.012666,0.832389,0.397042,0.408761,0.147182,0.082790,0.832389,0.012185,5,0.473850,0.222064,,0.768555,,peaked,1,5,debug,0.006000,0.012000,0.617329,0.550845,0.615577,0.595000,1.585000,1.000000
14.6003,squat,face,0.015330,0.013465,0.802523,0.386854,0.400119,0.165088,0.092862,0.802523,0.015330,5,0.473877,0.225584,,0.780762,,peaked,1,5,debug,0.006000,0.012000,0.611460,0.553929,0.621962,0.595000,1.585000,1.000000
14.6336,squat,face,0.011983,0.013020,0.806771,0.401084,0.409111,0.145954,0.082099,0.806771,0.011983,5,0.473984,0.239508,,0.779297,,peaked,1,5,debug,0.006000,0.012000,0.582215,0.557880,0.629959,0.585000,1.585000,1.000000
14.6669,squat,face,0.010481,0.012258,0.825024,0.408046,0.412669,0.136500,0.076781,0.825024,0.010481,5,0.472974,0.245234,,0.788086,,peaked,1,5,debug,0.006000,0.012000,0.567733,0.561319,0.634009,,,
14.7336,squat,face,0.010936,0.011862,0.825320,0.394768,0.404700,0.139435,0.078432,0.825320,0.010936,5,0.468332,0.268923,,0.798828,,peaked,1,5,debug,0.006000,0.012000,0.502842,0.570120,0.643444,0.585000,1.585000,1.000000
14.7669,squat,face,0.009709,0.011216,0.836193,0.413177,0.406993,0.131382,0.073903,0.836193,0.009709,5,0.463836,0.278705,,0.781250,,peaked,1,5,debug,0.006000,0.012000,0.464384,0.574648,0.647685,0.595000,1.595000,1.000000
14.8003,squat,face,0.007730,0.010170,0.795495,0.420179,0.410772,0.117229,0.065941,0.795495,0.007730,5,0.462685,0.287991,,0.798828,,peaked,1,5,debug,0.006000,0.012000,0.443074,0.579356,0.652715,,,
14.8336,squat,face,0.007552,0.009385,0.771818,0.411966,0.407947,0.115866,0.065175,0.771818,0.007552,5,0.459690,0.296170,,0.787109,,peaked,1,5,debug,0.006000,0.012000,0.410557,0.584334,0.654559,0.605000,1.595000,1.000000
14.8669,squat,face,0.008198,0.009029,0.704513,0.414491,0.400495,0.120720,0.067905,0.704513,0.008198,5,0.454244,0.302233,,0.793945,,peaked,1,5,debug,0.006000,0.012000,0.395740,0.589387,0.658378,,,
14.9003,squat,face,0.007324,0.008517,0.701735,0.417785,0.400327,0.114110,0.064187,0.701735,0.007324,5,0.449275,0.307991,,0.736328,,peaked,1,5,debug,0.006000,0.012000,0.377206,0.594069,0.660581,0.615000,1.585000,1.000000
14.9336,squat,face,0.006062,0.007781,0.748371,0.423024,0.400856,0.103808,0.058392,0.748371,0.006062,5,0.447470,0.312303,0.029666,0.793457,,peaked,1,5,debug,0.006000,0.012000,0.361825,0.596835,0.662134,,,
14.9669,squat,face,0.005945,0.007230,0.749023,0.427664,0.397672,0.102803,0.057827,0.749023,0.005945,5,0.445034,0.316445,0.032439,0.799316,,peaked,1,5,debug,0.006000,0.012000,0.351795,0.597509,0.661822,0.625000,1.595000,1.000000
15.0003,squat,face,0.005855,0.006817,0.793036,0.419920,0.392555,0.102021,0.057387,0.793036,0.005855,5,0.438717,0.317884,0.036759,0.724121,,peaked,1,5,debug,0.006000,0.012000,0.345809,0.597004,0.662068,0.625000,1.595000,1.000000
15.0336,squat,face,0.005650,0.006467,0.804043,0.429130,0.391227,0.100224,0.056376,0.804043,0.005650,5,0.439262,0.319184,,0.734375,,peaked,1,5,debug,0.006000,0.012000,0.334967,0.594789,0.660355,0.635000,1.595000,1.000000
15.0669,squat,face,0.005530,0.006186,0.726520,0.434998,0.389152,0.099155,0.055775,0.726520,0.005530,5,0.433425,0.320153,0.067117,0.706543,,peaked,1,5,debug,0.006000,0.012000,0.322551,0.593107,0.659404,0.635000,1.595000,1.000000
15.1336,squat,face,0.005074,0.005853,0.621081,0.437047,0.383664,0.094977,0.053424,0.621081,0.005074,5,0.421200,0.322476,0.079655,0.782227,rep,rest,1,6,debug,0.006000,0.012000,0.307069,0.585602,0.656163,0.635000,1.605000,1.000000
15.1669,squat,face,0.004956,0.005584,0.628894,0.440265,0.381667,0.093864,0.052798,0.628894,0.004956,5,0.419645,0.320557,0.082589,0.788574,,rest,1,6,debug,0.006000,0.012000,0.300955,0.582503,0.656741,0.645000,1.605000,1.000000
15.2003,squat,face,0.005905,0.005680,0.615554,0.458224,0.574152,0.102458,0.057633,0.615554,0.005905,7,,,,,,rest,1,6,debug,0.006000,0.012000,,0.579437,0.652802,0.645000,1.605000,1.000000
15.2336,squat,face,0.005597,0.005655,0.581074,0.459695,0.577052,0.099749,0.056109,0.581074,0.005597,7,,,,,,rest,1,6,debug,0.006000,0.012000,,0.577468,0.652673,0.645000,1.615000,1.000000
15.2669,squat,face,,0.005655,0.000000,,,,,,,,,,,,,rest,1,6,debug,0.006000,0.012000,,0.576251,0.654448,,,
15.3003,squat,face,0.004860,0.005417,0.624023,0.472386,0.579544,0.092955,0.052287,0.624023,0.004860,7,,,,,,rest,1,6,debug,0.006000,0.012000,,0.573824,0.654856,0.645000,1.615000,1.000000
15.3669,squat,face,0.005558,0.005459,0.642148,0.460050,0.580783,0.099400,0.055912,0.642148,0.005558,7,,,,,,rest,1,6,debug,0.006000,0.012000,,0.568711,0.655061,,,
15.4003,squat,face,0.005472,0.005463,0.609575,0.456921,0.587101,0.098632,0.055481,0.609575,0.005472,7,,,,,,rest,1,6,debug,0.006000,0.012000,,0.566974,0.654514,0.645000,1.615000,1.000000
15.4336,squat,face,0.005856,0.005581,0.600903,0.460787,0.585951,0.102035,0.057395,0.600903,0.005856,7,,,,,,rest,1,6,debug,0.006000,0.012000,,0.565681,0.654456,0.645000,1.615000,1.000000
15.4669,squat,face,0.005203,0.005467,0.609575,0.458052,0.590335,0.096172,0.054097,0.609575,0.005203,7,,,,,,rest,1,6,debug,0.006000,0.012000,,0.566117,0.655575,0.655000,1.625000,1.000000
15.5003,squat,face,0.004785,0.005263,0.656622,0.456814,0.591548,0.092229,0.051879,0.656622,0.004785,7,,,,,,rest,1,6,debug,0.006000,0.012000,,0.565691,0.655058,,,
15.5336,squat,face,0.004756,0.005111,0.641577,0.459253,0.593580,0.091954,0.051724,0.641577,0.004756,7,,,,,,rest,1,6,debug,0.006000,0.012000,,0.564900,0.653709,0.655000,1.625000,1.000000
15.5669,squat,face,0.005694,0.005286,0.661622,0.456530,0.590893,0.100607,0.056592,0.661622,0.005694,7,,,,,,rest,1,6,debug,0.006000,0.012000,,0.564450,0.652571,,,
15.6003,squat,face,0.005549,0.005365,0.660514,0.460519,0.587515,0.099321,0.055868,0.660514,0.005549,7,,,,,,rest,1,6,debug,0.006000,0.012000,,0.564410,0.652113,0.655000,1.625000,1.000000
15.6336,squat,face,0.005064,0.005274,0.684653,0.462649,0.588808,0.094883,0.053372,0.684653,0.005064,7,,,,,,rest,1,6,debug,0.006000,0.012000,,0.565139,0.651916,,,
15.6669,squat,face,0.005242,0.005265,0.645182,0.465519,0.586879,0.096540,0.054304,0.645182,0.005242,7,,,,,,rest,1,6,debug,0.006000,0.012000,,0.565050,0.650130,0.655000,1.625000,1.000000
15.7003,squat,face,0.005939,0.005467,0.695795,0.464470,0.583252,0.102750,0.057797,0.695795,0.005939,7,,,,,,rest,1,6,debug,0.006000,0.012000,,0.565722,0.649786,0.655000,1.625000,1.000000
15.7670,squat,face,0.004744,0.005250,0.760024,0.470536,0.581392,0.091837,0.051658,0.760024,0.004744,7,,,,,,rest,1,6,debug,0.006000,0.012000,,0.567675,0.643946,0.655000,1.625000,1.000000
15.8003,squat,face,0.005172,0.005227,0.812800,0.470093,0.575937,0.095891,0.053938,0.812800,0.005172,7,,,,,,rest,1,6,debug,0.006000,0.012000,,0.570478,0.643393,0.655000,1.635000,1.000000
15.8670,squat,face,0.005260,0.005237,0.834732,0.468842,0.572664,0.096705,0.054397,0.834732,0.005260,7,,,,,,rest,1,6,debug,0.006000,0.012000,,0.575305,0.638169,,,
15.9003,squat,face,0.005652,0.005361,0.783123,0.470869,0.565553,0.100237,0.056384,0.783123,0.005652,7,,,,,,rest,1,6,debug,0.006000,0.012000,,0.576842,0.637123,0.655000,1.635000,1.000000
15.9670,squat,face,0.006448,0.005687,0.740500,0.474240,0.557672,0.107068,0.060225,0.740500,0.006448,7,,,,,,rest,1,6,debug,0.006000,0.012000,,0.577584,0.634478,,,
16.0003,squat,face,0.006881,0.006045,0.758738,0.475298,0.551387,0.110603,0.062214,0.758738,0.006881,7,,,,,,leaving,1,6,debug,0.006000,0.012000,,0.575250,0.630363,0.655000,1.635000,1.000000
16.0336,squat,face,0.006689,0.006238,0.759381,0.478239,0.550099,0.109048,0.061339,0.759381,0.006689,7,,,,,,leaving,1,6,debug,0.006000,0.012000,,0.573602,0.629632,0.655000,1.635000,1.000000
16.0670,squat,face,0.007573,0.006639,0.792112,0.477619,0.543210,0.116029,0.065266,0.792112,0.007573,7,,,,,,leaving,1,6,debug,0.006000,0.012000,,0.570104,0.627330,0.665000,1.635000,1.000000
16.1003,squat,face,0.007214,0.006811,0.791187,0.479108,0.540462,0.113248,0.063702,0.791187,0.007214,7,,,,,,leaving,1,6,debug,0.006000,0.012000,,0.565016,0.625340,,,
16.1336,squat,face,0.008646,0.007362,0.775919,0.479997,0.535480,0.123978,0.069737,0.775919,0.008646,7,,,,,,leaving,1,6,debug,0.006000,0.012000,,0.557568,0.621059,0.675000,1.635000,1.000000
16.1670,squat,face,0.008859,0.007811,0.787475,0.475555,0.535044,0.125500,0.070594,0.787475,0.008859,7,,,,,,leaving,1,6,debug,0.006000,0.012000,,0.550572,0.617925,0.665000,1.625000,1.000000
16.2336,squat,face,0.011172,0.008819,0.819382,0.470912,0.536247,0.140928,0.079272,0.819382,0.011172,7,,,,,,leaving,1,6,debug,0.006000,0.012000,,0.542288,0.613850,,,
16.2670,squat,face,0.011272,0.009555,0.854389,0.468690,0.535080,0.141561,0.079628,0.854389,0.011272,7,,,,,,leaving,1,6,debug,0.006000,0.012000,,0.540362,0.613042,0.655000,1.615000,1.000000
16.3003,squat,face,0.014015,0.010893,0.842882,0.469317,0.527055,0.157846,0.088788,0.842882,0.014015,7,,,,,,leaving,1,6,debug,0.006000,0.012000,,0.539722,0.610321,0.635000,1.605000,1.000000
16.3336,squat,face,0.014594,0.012003,0.833854,0.465708,0.533882,0.161073,0.090604,0.833854,0.014594,7,,,,,,peaked,1,6,debug,0.006000,0.012000,,0.539952,0.607474,,,
16.3670,squat,face,0.015582,0.013077,0.857242,0.462102,0.526351,0.166436,0.093620,0.857242,0.015582,7,,,,,,peaked,1,6,debug,0.006000,0.012000,,0.540568,0.608747,0.625000,1.595000,1.000000
16.4003,squat,face,0.017281,0.014338,0.842302,0.454354,0.522185,0.175277,0.098593,0.842302,0.017281,7,,,,,,peaked,1,6,debug,0.006000,0.012000,,0.542580,0.609045,,,
16.4336,squat,face,0.017200,0.015197,0.827683,0.462337,0.524729,0.174863,0.098360,0.827683,0.017200,7,,,,,,peaked,1,6,debug,0.006000,0.012000,,0.544221,0.610581,0.605000,1.595000,1.000000
16.5003,squat,face,0.016228,0.015506,0.833854,0.467175,0.516807,0.169851,0.095541,0.833854,0.016228,7,,,,,,peaked,1,6,debug,0.006000,0.012000,,0.548812,0.617391,0.595000,1.595000,1.000000
16.5336,squat,face,0.014948,0.015338,0.843750,0.466341,0.509257,0.163013,0.091695,0.843750,0.014948,7,,,,,,peaked,1,6,debug,0.006000,0.012000,,0.551304,0.622169,0.585000,1.595000,1.000000
16.6003,squat,face,0.011544,0.014200,0.847215,0.477302,0.521230,0.143257,0.080582,0.847215,0.011544,7,,,,,,peaked,1,6,debug,0.006000,0.012000,,0.556556,0.631202,,,
16.6336,squat,face,0.011755,0.013467,0.852959,0.477638,0.518617,0.144560,0.081315,0.852959,0.011755,7,,,,,,peaked,1,6,debug,0.006000,0.012000,,0.560377,0.637854,0.585000,1.595000,1.000000
16.6670,squat,face,0.012081,0.013051,0.816995,0.464115,0.521340,0.146550,0.082434,0.816995,0.012081,7,,,,,,peaked,1,6,debug,0.006000,0.012000,,0.564706,0.641446,0.585000,1.595000,1.000000
16.7003,squat,face,0.011662,0.012634,0.784057,0.466981,0.529289,0.143988,0.080993,0.784057,0.011662,7,,,,,,peaked,1,6,debug,0.006000,0.012000,,0.569269,0.644843,0.575000,1.605000,1.000000
16.7336,squat,face,0.009011,0.011547,0.766740,0.473617,0.527319,0.126571,0.071196,0.766740,0.009011,7,,,,,,peaked,1,6,debug,0.006000,0.012000,,0.573346,0.646089,0.585000,1.605000,1.000000
16.7670,squat,face,0.006997,0.010182,0.751301,0.482182,0.532371,0.111531,0.062736,0.751301,0.006997,7,,,,,,peaked,1,6,debug,0.006000,0.012000,,0.578257,0.650269,0.585000,1.595000,1.000000
16.8003,squat,face,0.006778,0.009161,0.753572,0.475729,0.532034,0.109772,0.061747,0.753572,0.006778,7,,,,,,peaked,1,6,debug,0.006000,0.012000,,0.583648,0.651090,0.595000,1.595000,1.000000
16.8336,squat,face,0.006102,0.008243,0.705378,0.480035,0.536167,0.104157,0.058588,0.705378,0.006102,7,,,,,,peaked,1,6,debug,0.006000,0.012000,,0.588379,0.653901,,,
16.8670,squat,face,0.008187,0.008227,0.678564,0.469644,0.536569,0.120646,0.067863,0.678564,0.008187,7,,,,,,peaked,1,6,debug,0.006000,0.012000,,0.592780,0.654904,0.615000,1.585000,1.000000
16.9336,squat,face,0.007289,0.007945,0.676041,0.464832,0.547307,0.113831,0.064030,0.676041,0.007289,7,,,,,,peaked,1,6,debug,0.006000,0.012000,,0.596190,0.654666,,,
16.9670,squat,face,0.006774,0.007594,0.643287,0.463958,0.550476,0.109739,0.061728,0.643287,0.006774,7,,,,,,peaked,1,6,debug,0.006000,0.012000,,0.596696,0.654252,0.625000,1.585000,1.000000
17.0003,squat,face,0.005915,0.007090,0.694390,0.468915,0.549377,0.102546,0.057682,0.694390,0.005915,7,,,,,,peaked,1,6,debug,0.006000,0.012000,,0.594768,0.654777,0.635000,1.585000,1.000000
17.0336,squat,face,0.005724,0.006680,0.699819,0.472189,0.551474,0.100877,0.056744,0.699819,0.005724,7,,,,,,peaked,1,6,debug,0.006000,0.012000,,0.593102,0.655306,0.635000,1.585000,1.000000
17.0670,squat,face,0.005097,0.006205,0.728534,0.469188,0.556560,0.095191,0.053545,0.728534,0.005097,7,,,,,,peaked,1,6,debug,0.006000,0.012000,,0.590609,0.656476,,,
17.1003,squat,face,0.005592,0.006021,0.754220,0.469048,0.560627,0.099702,0.056083,0.754220,0.005592,7,,,,,,peaked,1,6,debug,0.006000,0.012000,,0.588240,0.655327,0.635000,1.595000,1.000000
17.1336,squat,face,0.005736,0.005936,0.711581,0.466348,0.559407,0.100979,0.056801,0.711581,0.005736,7,,,,,rep,rest,1,7,debug,0.006000,0.012000,,0.586924,0.655096,,,
17.1670,squat,face,0.005317,0.005750,0.689096,0.468313,0.560632,0.097222,0.054688,0.689096,0.005317,7,,,,,,rest,1,7,debug,0.006000,0.012000,,0.585176,0.653387,0.645000,1.595000,1.000000
17.2003,squat,face,0.005296,0.005614,0.665486,0.466256,0.565009,0.097027,0.054578,0.665486,0.005296,7,,,,,,rest,1,7,debug,0.006000,0.012000,,0.583759,0.654422,0.645000,1.595000,1.000000
17.2670,squat,face,0.005350,0.005535,0.717730,0.467230,0.573986,0.097528,0.054860,0.717730,0.005350,7,,,,,,rest,1,7,debug,0.006000,0.012000,,0.578648,0.656340,,,
17.3003,squat,face,0.005695,0.005583,0.681257,0.463124,0.574209,0.100623,0.056601,0.681257,0.005695,7,,,,,,rest,1,7,debug,0.006000,0.012000,,0.575535,0.656617,0.645000,1.595000,1.000000
17.3336,squat,face,0.004971,0.005399,0.759381,0.465250,0.577026,0.094009,0.052880,0.759381,0.004971,7,,,,,,rest,1,7,debug,0.006000,0.012000,,0.573161,0.660168,0.655000,1.605000,1.000000
17.3670,squat,face,0.005157,0.005327,0.745756,0.463418,0.577048,0.095747,0.053858,0.745756,0.005157,7,,,,,,rest,1,7,debug,0.006000,0.012000,,0.570088,0.659173,0.655000,1.605000,1.000000
17.4336,squat,face,0.005157,0.005276,0.752600,0.457807,0.582696,0.095752,0.053861,0.752600,0.005157,7,,,,,,rest,1,7,debug,0.006000,0.012000,,0.567473,0.658561,,,
17.4670,squat,face,0.005186,0.005249,0.770235,0.455868,0.581078,0.096015,0.054008,0.770235,0.005186,7,,,,,,rest,1,7,debug,0.006000,0.012000,,0.565876,0.656638,0.655000,1.605000,1.000000
17.5337,squat,face,0.004945,0.005158,0.775605,0.456778,0.581802,0.093759,0.052740,0.775605,0.004945,7,,,,,,rest,1,7,debug,0.006000,0.012000,,0.563856,0.655675,0.655000,1.605000,1.000000
17.5670,squat,face,0.005100,0.005140,0.758738,0.458741,0.583203,0.095214,0.053558,0.758738,0.005100,7,,,,,,rest,1,7,debug,0.006000,0.012000,,0.563329,0.654802,0.655000,1.615000,1.000000
17.6003,squat,face,0.005288,0.005184,0.709864,0.463244,0.576862,0.096956,0.054538,0.709864,0.005288,7,,,,,,rest,1,7,debug,0.006000,0.012000,,0.563484,0.654356,,,
17.6337,squat,face,0.005106,0.005161,0.744118,0.461787,0.575548,0.095275,0.053592,0.744118,0.005106,7,,,,,,rest,1,7,debug,0.006000,0.012000,,0.563926,0.654112,0.655000,1.615000,1.000000
17.6670,squat,face,0.004980,0.005106,0.755514,0.467373,0.574208,0.094088,0.052924,0.755514,0.004980,7,,,,,,rest,1,7,debug,0.006000,0.012000,,0.563437,0.650583,,,
17.7003,squat,face,0.005132,0.005114,0.772766,0.461566,0.574610,0.095518,0.053729,0.772766,0.005132,7,,,,,,rest,1,7,debug,0.006000,0.012000,,0.564773,0.649563,0.655000,1.615000,1.000000
17.7670,squat,face,0.005810,0.005323,0.757128,0.462646,0.563796,0.101628,0.057166,0.757128,0.005810,7,,,,,,rest,1,7,debug,0.006000,0.012000,,0.567560,0.641697,0.655000,1.615000,1.000000
17.8003,squat,face,0.005119,0.005262,0.786545,0.470215,0.560122,0.095398,0.053662,0.786545,0.005119,7,,,,,,rest,1,7,debug,0.006000,0.012000,,0.570753,0.639982,0.655000,1.625000,1.000000
17.8337,squat,face,0.005098,0.005213,0.808886,0.469758,0.559927,0.095205,0.053553,0.808886,0.005098,7,,,,,,rest,1,7,debug,0.006000,0.012000,,0.572924,0.638853,,,
17.8670,squat,face,0.005611,0.005332,0.802219,0.466255,0.557064,0.099875,0.056180,0.802219,0.005611,7,,,,,,rest,1,7,debug,0.006000,0.012000,,0.574577,0.636686,0.655000,1.625000,1.000000
17.9003,squat,face,0.005881,0.005497,0.801610,0.466653,0.549401,0.102250,0.057516,0.801610,0.005881,7,,,,,,rest,1,7,debug,0.006000,0.012000,,0.576303,0.637465,,,
17.9337,squat,face,0.005227,0.005416,0.807073,0.472790,0.550292,0.096394,0.054221,0.807073,0.005227,7,,,,,,rest,1,7,debug,0.006000,0.012000,,0.575907,0.634371,0.655000,1.625000,1.000000
17.9670,squat,face,0.007063,0.005910,0.793959,0.459386,0.545022,0.112052,0.063029,0.793959,0.007063,7,,,,,,rest,1,7,debug,0.006000,0.012000,,0.575275,0.634277,0.655000,1.625000,1.000000
18.0003,squat,face,0.006888,0.006203,0.747065,0.463493,0.547310,0.110662,0.062248,0.747065,0.006888,7,,,,,,leaving,1,7,debug,0.006000,0.012000,,0.573353,0.629015,,,
18.0337,squat,face,0.005795,0.006081,0.775919,0.472994,0.545218,0.101501,0.057094,0.775919,0.005795,7,,,,,,leaving,1,7,debug,0.006000,0.012000,,0.573564,0.629408,0.665000,1.625000,1.000000
18.0670,squat,face,0.006807,0.006299,0.712952,0.471753,0.540418,0.110005,0.061878,0.712952,0.006807,7,,,,,,leaving,1,7,debug,0.006000,0.012000,,0.571404,0.626193,0.675000,1.625000,1.000000
18.1337,squat,face,0.007049,0.006524,0.732877,0.475658,0.532004,0.111943,0.062968,0.732877,0.007049,7,,,,,,leaving,1,7,debug,0.006000,0.012000,,0.561701,0.621730,0.675000,1.625000,1.000000
18.1670,squat,face,0.007102,0.006697,0.777805,0.475315,0.524692,0.112366,0.063206,0.777805,0.007102,7,,,,,,leaving,1,7,debug,0.006000,0.012000,,0.557319,0.621216,,,
18.2003,squat,face,0.008398,0.007207,0.724838,0.467255,0.525744,0.122187,0.068730,0.724838,0.008398,7,,,,,,leaving,1,7,debug,0.006000,0.012000,,0.553664,0.620412,0.655000,1.625000,1.000000
18.2337,squat,face,0.009974,0.008037,0.687678,0.468818,0.526076,0.133158,0.074901,0.687678,0.009974,7,,,,,,leaving,1,7,debug,0.006000,0.012000,,0.550953,0.620073,0.645000,1.615000,1.000000
18.3003,squat,face,0.011725,0.009144,0.718070,0.468769,0.520679,0.144377,0.081212,0.718070,0.011725,7,,,,,,leaving,1,7,debug,0.006000,0.012000,,0.548033,0.619337,,,
18.3337,squat,face,0.011771,0.009932,0.781875,0.473256,0.522065,0.144660,0.081371,0.781875,0.011771,7,,,,,,leaving,1,7,debug,0.006000,0.012000,,0.548070,0.618060,0.635000,1.605000,1.000000
18.3670,squat,face,0.010981,0.010247,0.787475,0.473839,0.522197,0.139717,0.078591,0.787475,0.010981,7,,,,,,leaving,1,7,debug,0.006000,0.012000,,0.548919,0.617673,0.625000,1.605000,1.000000
18.4003,squat,face,0.010975,0.010465,0.823543,0.475056,0.520249,0.139680,0.078570,0.823543,0.010975,7,,,,,,leaving,1,7,debug,0.006000,0.012000,,0.549269,0.618244,0.625000,1.605000,1.000000
18.4337,squat,face,0.011501,0.010776,0.793344,0.473983,0.530160,0.142992,0.080433,0.793344,0.011501,7,,,,,,leaving,1,7,debug,0.006000,0.012000,,0.550450,0.619459,0.615000,1.605000,1.000000
18.4670,squat,face,0.011828,0.011092,0.796722,0.476115,0.530613,0.145010,0.081568,0.796722,0.011828,7,,,,,,leaving,1,7,debug,0.006000,0.012000,,0.552416,0.621347,0.605000,1.605000,1.000000
18.5337,squat,face,0.010778,0.010997,0.835901,0.482108,0.521523,0.138420,0.077861,0.835901,0.010778,7,,,,,,leaving,1,7,debug,0.006000,0.012000,,0.558100,0.627376,,,
18.5670,squat,face,0.014396,0.012017,0.793959,0.470511,0.526393,0.159980,0.089989,0.793959,0.014396,7,,,,,,peaked,1,7,debug,0.006000,0.012000,,0.560772,0.630654,0.595000,1.605000,1.000000
18.6003,squat,face,0.013507,0.012464,0.747391,0.465205,0.523206,0.154960,0.087165,0.747391,0.013507,7,,,,,,peaked,1,7,debug,0.006000,0.012000,,0.563838,0.635970,0.595000,1.605000,1.000000
18.6337,squat,face,0.012923,0.012602,0.744446,0.457184,0.526905,0.151575,0.085261,0.744446,0.012923,7,,,,,,peaked,1,7,debug,0.006000,0.012000,,0.567804,0.641090,0.595000,1.605000,1.000000
18.6670,squat,face,0.011029,0.012130,0.648767,0.468390,0.524698,0.140028,0.078765,0.648767,0.011029,7,,,,,,peaked,1,7,debug,0.006000,0.012000,,0.571517,0.645197,,,
18.7003,squat,face,0.009992,0.011489,0.600496,0.463392,0.529231,0.133281,0.074970,0.600496,0.009992,7,,,,,,peaked,1,7,debug,0.006000,0.012000,,0.575494,0.648174,0.595000,1.605000,1.000000
18.7337,squat,face,0.011296,0.011431,0.602728,0.459534,0.536633,0.141709,0.079712,0.602728,0.011296,7,,,,,,peaked,1,7,debug,0.006000,0.012000,,0.578834,0.650306,,,
18.7670,squat,face,,0.011431,0.000000,,,,,,,,,,,,,peaked,1,7,debug,0.006000,0.012000,,0.583129,0.652160,0.605000,1.605000,1.000000
18.8003,squat,face,0.007779,0.010335,0.626171,0.469644,0.530556,0.117601,0.066151,0.626171,0.007779,7,,,,,,peaked,1,7,debug,0.006000,0.012000,,0.587366,0.654513,0.605000,1.605000,1.000000
18.8670,squat,face,0.006516,0.009190,0.609976,0.473478,0.532101,0.107633,0.060543,0.609976,0.006516,7,,,,,,peaked,1,7,debug,0.006000,0.012000,,0.595001,0.656522,,,
18.9003,squat,face,0.006462,0.008371,0.661253,0.411561,0.400359,0.107181,0.060289,0.661253,0.006462,5,0.453232,0.309196,,0.796387,,peaked,1,7,debug,0.006000,0.012000,0.370571,0.596547,0.657232,0.625000,1.605000,1.000000
18.9337,squat,face,0.008692,0.008468,0.684653,0.408882,0.391326,0.124307,0.069923,0.684653,0.008692,5,0.450232,0.313430,,0.775879,,peaked,1,7,debug,0.006000,0.012000,0.361200,0.596596,0.657865,0.635000,1.605000,1.000000
18.9670,squat,face,0.009992,0.008925,0.674052,0.406419,0.382372,0.133281,0.074971,0.674052,0.009992,5,0.446956,0.316395,0.029720,0.782715,,peaked,1,7,debug,0.006000,0.012000,0.358142,0.595433,0.655924,0.635000,1.605000,1.000000
19.0003,squat,face,0.005020,0.007753,0.705897,0.426445,0.398689,0.094470,0.053140,0.705897,0.005020,5,0.445302,0.321238,,0.774414,,peaked,1,7,debug,0.006000,0.012000,0.347042,0.593078,0.655209,,,
19.0337,squat,face,0.005322,0.007024,0.745756,0.428859,0.395816,0.097267,0.054713,0.745756,0.005322,5,0.441849,0.326099,0.052141,0.591309,,peaked,1,7,debug,0.006000,0.012000,0.334592,0.591373,0.654920,0.635000,1.595000,1.000000
19.0670,squat,face,0.005319,0.006513,0.754220,0.421103,0.392674,0.097245,0.054700,0.754220,0.005319,5,0.439299,0.326827,,0.707031,,peaked,1,7,debug,0.006000,0.012000,0.318052,0.588501,0.652984,0.645000,1.595000,1.000000
19.1337,squat,face,0.004907,0.006031,0.741159,0.430998,0.391952,0.093400,0.052538,0.741159,0.004907,5,0.434265,0.331821,0.089708,0.617188,,peaked,1,7,debug,0.006000,0.012000,0.303267,0.584686,0.650236,0.645000,1.605000,1.000000
19.1670,squat,face,0.004768,0.005652,0.619507,0.430492,0.389811,0.092069,0.051789,0.619507,0.004768,5,0.431328,0.332054,0.090867,0.614746,rep,rest,1,8,debug,0.006000,0.012000,0.298232,0.584568,0.652266,0.655000,1.605000,1.000000
19.2337,squat,face,0.006249,0.005831,0.598052,0.426509,0.378710,0.105403,0.059289,0.598052,0.006249,5,0.423496,0.330046,0.106883,0.681152,,rest,1,8,debug,0.006000,0.012000,0.276595,0.582291,0.650876,,,
19.2670,squat,face,0.005489,0.005728,0.597848,0.428139,0.379866,0.098780,0.055564,0.597848,0.005489,5,0.420041,0.327702,0.128994,0.718750,,rest,1,8,debug,0.006000,0.012000,0.269419,0.579483,0.650743,0.665000,1.605000,1.000000
19.3003,squat,face,0.007735,0.006330,0.595392,0.422181,0.367421,0.117263,0.065961,0.595392,0.007735,5,0.418202,0.324562,0.142044,0.820801,,leaving,1,8,debug,0.006000,0.012000,0.272711,0.575864,0.652014,0.665000,1.605000,1.000000
19.3337,squat,face,0.005715,0.006146,0.684296,0.428894,0.373211,0.100796,0.056698,0.684296,0.005715,5,0.415226,0.321853,0.141143,0.816406,,leaving,1,8,debug,0.006000,0.012000,0.271729,0.573652,0.651658,0.665000,1.605000,1.000000
19.4004,squat,face,0.004986,0.005798,0.831802,0.430166,0.374531,0.094148,0.052958,0.831802,0.004986,5,0.411287,0.318549,0.129231,0.854004,,rest,1,8,debug,0.006000,0.012000,0.268566,0.571129,0.650681,,,
19.4337,squat,face,0.005104,0.005590,0.857811,0.427044,0.377286,0.095260,0.053584,0.857811,0.005104,5,0.411642,0.320675,0.123683,0.845215,,rest,1,8,debug,0.006000,0.012000,0.269519,0.569506,0.647743,0.665000,1.605000,1.000000
19.4670,squat,face,0.005985,0.005708,0.875837,0.420193,0.376450,0.103152,0.058023,0.875837,0.005985,5,0.416649,0.323245,0.121303,0.834961,,rest,1,8,debug,0.006000,0.012000,0.271037,0.569885,0.646088,0.665000,1.605000,1.000000
19.5004,squat,face,0.005558,0.005663,0.781250,0.419162,0.382116,0.099402,0.055914,0.781250,0.005558,5,0.420218,0.325085,0.117604,0.846680,,rest,1,8,debug,0.006000,0.012000,0.273021,0.570497,0.640782,,,
19.5337,squat,face,0.005602,0.005645,0.812199,0.410237,0.387142,0.099795,0.056135,0.812199,0.005602,5,0.423222,0.328147,0.121644,0.809082,,rest,1,8,debug,0.006000,0.012000,0.276117,0.572496,0.639193,0.665000,1.615000,1.000000
19.5670,squat,face,0.005833,0.005701,0.813101,0.405513,0.392378,0.101828,0.057278,0.813101,0.005833,5,0.431494,0.329302,0.104322,0.879395,,rest,1,8,debug,0.006000,0.012000,0.284839,0.573261,0.634447,0.665000,1.615000,1.000000
19.6004,squat,face,0.006128,0.005829,0.872485,0.395624,0.397849,0.104378,0.058712,0.872485,0.006128,5,0.435195,0.331104,0.096798,0.901367,,rest,1,8,debug,0.006000,0.012000,0.288500,0.573456,0.626730,,,
19.6337,squat,face,0.006929,0.006159,0.811297,0.388419,0.401166,0.110991,0.062432,0.811297,0.006929,5,0.440134,0.334087,0.087868,0.775879,,leaving,1,8,debug,0.006000,0.012000,0.294087,0.572784,0.618101,0.675000,1.615000,1.000000
19.7004,squat,face,0.007416,0.006536,0.894318,0.367391,0.411112,0.114823,0.064588,0.894318,0.007416,5,0.451952,0.338339,0.062779,0.809082,,leaving,1,8,debug,0.006000,0.012000,0.305506,0.572451,0.605215,,,
19.7337,squat,face,0.008267,0.007056,0.793344,0.357214,0.414171,0.121233,0.068193,0.793344,0.008267,5,0.459708,0.340045,0.059917,0.853027,,leaving,1,8,debug,0.006000,0.012000,0.311137,0.571214,0.601423,0.675000,1.605000,1.000000
19.7670,squat,face,0.008782,0.007574,0.894318,0.346263,0.416630,0.124951,0.070285,0.894318,0.008782,5,0.460116,0.338477,0.046920,0.901855,,leaving,1,8,debug,0.006000,0.012000,0.320938,0.567672,0.598432,0.675000,1.595000,1.000000
19.8004,squat,face,0.009579,0.008175,0.890762,0.330771,0.418987,0.130497,0.073404,0.890762,0.009579,5,0.461176,0.336322,0.034440,0.815918,,leaving,1,8,debug,0.006000,0.012000,0.328420,0.561935,0.595972,0.695000,1.565000,1.000000
19.8670,squat,face,0.013129,0.009661,0.877229,0.299861,0.413207,0.152777,0.085937,0.877229,0.013129,5,0.470085,0.325366,0.028748,0.840332,,leaving,1,8,debug,0.006000,0.012000,0.350588,0.553717,0.596211,,,
