t,exercise,source,raw,smoothed,confidence,face_x,face_y,face_w,face_h,face_conf,face_area,orientation,pose_nose_y,pose_shoulder_y,pose_hip_y,pose_conf,event,phase,armed,rep_count,state,low,high,pose_shoulder_w,pose_shoulder_conf,pose_orientation,luma_mean,luma_center,depth_valid,depth_p05,depth_p10,depth_median,depth_center,depth_age,depth_g0,depth_g1,depth_g2,depth_g3,depth_g4,depth_g5,depth_g6,depth_g7,depth_g8
0.0000,squat,face,0.036609,0.036712,0.888017,0.431239,0.215806,0.143502,0.255114,0.888017,0.036609,4,0.650448,0.635209,,0.782227,,rest,0,0,debug,0.561119,0.580001,0.219482,0.268799,2,0.692967,0.690371,0.938333,0.405705,0.460846,0.837971,1.139041,0.0000,0.901407,1.617693,0.590881,1.009858,0.684949,0.560789,1.139041,2.092999,0.430252
0.0333,squat,face,0.036263,0.036577,0.886090,0.430876,0.215377,0.142822,0.253906,0.886090,0.036263,4,0.650866,0.638231,,0.781738,,rest,0,0,debug,0.561119,0.580001,0.219145,0.331055,2,0.693169,0.691051,0.938472,0.406995,0.464188,0.842797,1.147982,0.0000,0.912656,1.617693,0.590881,1.016880,0.684949,0.560789,1.139041,2.062437,0.434266
0.0667,squat,face,0.036440,0.036536,0.880008,0.432475,0.215351,0.143169,0.254523,0.880008,0.036440,4,0.653277,0.638977,,0.812012,,rest,0,0,debug,0.561119,0.580001,0.224198,0.344238,2,0.694122,0.692056,0.937708,0.404743,0.462511,0.842797,1.139041,0.0000,0.906997,1.617693,0.590881,1.009858,0.681304,0.560789,1.139041,2.062437,0.435743
0.1000,squat,face,0.036097,0.036404,0.888017,0.429631,0.211835,0.142494,0.253322,0.888017,0.036097,4,0.654066,0.633430,,0.814941,,rest,0,0,debug,0.561119,0.580001,0.227667,0.349609,2,0.694836,0.693060,0.937361,0.405705,0.462511,0.842797,1.186558,0.0000,0.912656,1.617693,0.590881,1.009858,0.681304,0.560789,1.130241,2.062437,0.439485
0.1333,squat,face,0.035265,0.036062,0.883883,0.431031,0.215323,0.140842,0.250386,0.883883,0.035265,4,0.651744,0.629295,,0.798828,,rest,0,0,debug,0.561119,0.580001,0.224097,0.378418,2,0.695789,0.694680,0.936736,0.405705,0.460846,0.842797,1.177010,0.0000,0.912656,1.617693,0.593623,1.009858,0.684949,0.565121,1.130241,2.062437,0.443674
0.1667,squat,face,0.035028,0.035752,0.884160,0.432937,0.219024,0.140368,0.249543,0.884160,0.035028,4,0.647931,0.629309,,0.774414,,rest,0,0,debug,0.561119,0.580001,0.225558,0.400391,2,0.697022,0.696325,0.937014,0.406995,0.462511,0.842797,1.157714,0.0000,0.912656,1.617693,0.596042,1.016880,0.691425,0.572067,1.139041,2.092999,0.446382
0.2000,squat,face,0.033296,0.035015,0.883054,0.433531,0.223007,0.136854,0.243296,0.883054,0.033296,4,0.648113,0.623663,,0.795898,,rest,0,0,debug,0.561119,0.580001,0.227525,0.395752,2,0.698440,0.698244,0.936528,0.405705,0.464188,0.847677,0.761338,0.0000,0.912656,1.617693,0.598478,1.009858,0.698021,0.579184,1.139041,2.092999,0.450704
0.2333,squat,face,0.032860,0.034369,0.896772,0.432766,0.222879,0.135955,0.241698,0.896772,0.032860,4,0.645373,0.623345,,0.733398,,rest,0,0,debug,0.561119,0.580001,0.225961,0.385986,2,0.699930,0.700723,0.937014,0.409273,0.470156,0.847677,0.757393,0.0000,0.912656,1.617693,0.603418,1.009858,0.705234,0.588505,1.139041,2.062437,0.468435
0.2667,squat,face,0.031161,0.033406,0.877786,0.427511,0.227072,0.132394,0.235368,0.877786,0.031161,4,0.642675,0.614684,,0.750488,,rest,0,0,debug,0.561119,0.580001,0.230659,0.358643,2,0.701760,0.702249,0.936875,0.414236,0.478057,0.847677,0.787087,0.0000,0.906997,1.635777,0.608799,1.009858,0.715581,0.600936,1.130241,2.062437,0.486228
0.3000,squat,face,0.029651,0.032280,0.871365,0.429213,0.233494,0.129147,0.229594,0.871365,0.029651,4,0.639569,0.604217,,0.782227,,rest,0,0,debug,0.561119,0.580001,0.226733,0.258057,2,0.704140,0.703587,0.936597,0.421399,0.489484,0.857621,0.782275,0.0000,0.912656,1.635777,0.619105,1.016880,0.730385,0.613908,1.130241,2.092999,0.508692
0.3333,squat,face,0.028712,0.031210,0.857526,0.429432,0.238665,0.127085,0.225929,0.857526,0.028712,4,0.634669,0.588520,,0.793945,,rest,0,0,debug,0.561119,0.580001,0.236332,0.270508,2,0.707117,0.704426,0.936528,0.431703,0.508692,0.863406,0.778115,0.0000,0.912656,1.635777,0.627451,1.009858,0.745812,0.630151,1.130241,2.062437,0.529473
0.3667,squat,face,0.026082,0.029671,0.857811,0.427878,0.252980,0.121125,0.215333,0.857811,0.026082,4,0.631666,0.579128,,0.779297,,rest,0,0,debug,0.561119,0.580001,0.243607,0.280029,2,0.710487,0.706657,0.936597,0.449516,0.539515,0.873720,0.804399,0.0000,0.912656,1.635777,0.653477,1.002937,0.765894,0.653477,1.139041,2.062437,0.565121
0.4000,squat,face,0.024270,0.028051,0.884988,0.428173,0.260976,0.116842,0.207719,0.884988,0.024270,4,0.628749,0.582011,,0.809082,,rest,0,0,debug,0.561119,0.580001,0.229293,0.342773,2,0.713753,0.709607,0.936458,0.479849,0.583808,0.901407,0.832520,0.0000,0.912656,1.655612,0.675014,1.009858,0.791345,0.675014,1.130241,2.062437,0.611343
0.4334,squat,face,0.022530,0.026394,0.880285,0.427387,0.262766,0.112574,0.200132,0.880285,0.022530,4,0.627375,0.577264,,0.804199,,rest,0,0,debug,0.561119,0.580001,0.224370,0.287109,2,0.714451,0.712147,0.938056,0.481202,0.613908,0.906997,0.906997,0.0000,0.906997,1.655612,0.698021,1.009858,0.818545,0.691425,1.139041,2.062437,0.641603
0.4667,squat,face,0.020252,0.024552,0.862070,0.427449,0.275222,0.106733,0.189748,0.862070,0.020252,4,0.621575,0.583431,,0.794922,,rest,0,0,debug,0.561119,0.580001,0.205422,0.320801,2,0.714037,0.714886,0.937431,0.491363,0.644430,0.918383,0.981783,0.0000,0.912656,1.674570,0.715581,1.009858,0.842797,0.708650,1.139041,2.062437,0.675014
0.5000,squat,face,0.018687,0.022792,0.856387,0.427318,0.281670,0.102526,0.182268,0.856387,0.018687,4,0.616293,0.582831,,0.791992,,rest,0,0,debug,0.561119,0.580001,0.202405,0.347412,2,0.713868,0.719016,0.937847,0.506928,0.653477,0.936869,1.238210,0.0000,0.906997,1.655612,0.730385,1.009858,0.868532,0.726757,1.139041,2.062437,0.719101
0.5334,squat,face,0.016911,0.021028,0.837068,0.429044,0.290919,0.097533,0.173392,0.837068,0.016911,4,0.615606,0.576062,0.326809,0.798828,,rest,0,0,debug,0.561119,0.580001,0.198988,0.370605,2,0.713784,0.724277,0.937500,0.535565,0.665366,0.956115,1.271256,0.0000,0.906997,1.655612,0.753495,1.009858,0.895888,0.745812,1.139041,2.062437,0.773996
0.5667,squat,face,0.015408,0.019342,0.835609,0.428863,0.302934,0.093098,0.165508,0.835609,0.015408,4,0.608235,0.561841,0.356158,0.770996,,rest,0,0,debug,0.561119,0.580001,0.203469,0.350098,2,0.714098,0.728794,0.937083,0.562946,0.684949,0.975238,1.294562,0.0000,0.906997,1.674570,0.778115,1.009858,0.936869,0.761338,1.139041,2.062437,0.813990
0.6000,squat,face,0.014476,0.017882,0.861786,0.429769,0.313465,0.090236,0.160419,0.861786,0.014476,4,0.606844,0.557114,0.363878,0.753906,,rest,0,0,debug,0.561119,0.580001,0.200582,0.421631,2,0.714811,0.733463,0.938333,0.596042,0.694708,1.002937,1.317888,0.0000,0.912656,1.674570,0.799998,1.009858,0.975238,0.773996,1.139041,2.062437,0.863406
0.6334,squat,face,0.012712,0.016331,0.859233,0.435113,0.326385,0.084560,0.150330,0.859233,0.012712,4,0.599469,0.550498,0.383558,0.787598,,rest,0,0,debug,0.561119,0.580001,0.193096,0.437012,2,0.715612,0.737302,0.939167,0.613908,0.698021,1.024511,1.342950,0.0000,0.912656,1.674570,0.823150,1.009858,1.009858,0.787087,1.130241,2.062437,0.906997
0.6667,squat,face,0.012346,0.015135,0.853531,0.438992,0.328532,0.083335,0.148151,0.853531,0.012346,4,0.596223,0.550936,0.520647,0.844727,,rest,0,0,debug,0.561119,0.580001,0.192255,0.414062,2,0.717538,0.743013,0.939861,0.630151,0.701848,1.047035,1.368982,0.0000,0.906997,1.674570,0.847677,1.009858,1.039594,0.795647,1.139041,2.062437,0.962404
0.7000,squat,face,0.011686,0.014100,0.842592,0.442055,0.337286,0.081075,0.144133,0.842592,0.011686,4,0.588302,0.552802,0.405495,0.792480,,rest,0,0,debug,0.561119,0.580001,0.198170,0.391846,2,0.718536,0.748361,0.940833,0.644430,0.701848,1.070570,1.409497,0.0000,0.912656,1.674570,0.857621,1.009858,1.130241,0.799998,1.130241,2.062437,1.009858
0.7334,squat,face,0.011219,0.013236,0.845773,0.447361,0.341325,0.079440,0.141227,0.845773,0.011219,4,0.587504,0.541742,0.550364,0.773438,,rest,0,0,debug,0.561119,0.580001,0.195982,0.416016,2,0.718873,0.752885,0.941250,0.653477,0.705234,1.095185,1.438202,0.0000,0.906997,1.674570,0.868532,1.009858,1.271256,0.804399,1.130241,2.062437,1.655612
0.7667,squat,face,0.010491,0.012412,0.850092,0.452550,0.349362,0.076817,0.136564,0.850092,0.010491,4,0.585897,0.542357,0.542348,0.768555,,rest,0,0,debug,0.561119,0.580001,0.191730,0.447510,2,0.718468,0.757137,0.941319,0.656410,0.701848,1.112438,1.482979,0.0000,0.912656,1.674570,0.878970,1.009858,1.452482,0.813990,1.139041,2.062437,1.715243
0.8000,squat,face,0.010192,0.011746,0.888567,0.454861,0.349866,0.075717,0.134607,0.888567,0.010192,4,0.583195,0.545806,0.563379,0.800781,,rest,0,0,debug,0.561119,0.580001,0.188477,0.405762,2,0.718104,0.759741,0.941319,0.662354,0.705234,1.130241,1.498169,0.0000,0.906997,1.674570,0.884283,1.009858,1.655612,0.818545,1.130241,2.062437,1.801231
0.8334,squat,face,0.009590,0.011099,0.888017,0.462804,0.357216,0.073445,0.130569,0.888017,0.009590,4,0.582427,0.547102,0.549957,0.765137,,rest,0,0,debug,0.561119,0.580001,0.188463,0.460449,2,0.718087,0.761879,0.941458,0.659367,0.701848,1.147982,1.514787,0.0000,0.906997,1.674570,0.878970,1.009858,1.674570,0.813990,1.139041,2.062437,1.779320
0.8667,squat,face,0.009794,0.010708,0.848079,0.466080,0.356714,0.074224,0.131953,0.848079,0.009794,4,0.579424,0.543040,0.539859,0.796387,,rest,0,0,debug,0.561119,0.580001,0.190940,0.454346,2,0.717658,0.763833,0.941181,0.656410,0.701848,1.157714,1.564550,0.0000,0.906997,1.674570,0.878970,1.009858,1.693958,0.813990,1.139041,2.062437,1.801231
0.9000,squat,face,0.009487,0.010341,0.900846,0.471490,0.358786,0.073050,0.129866,0.900846,0.009487,4,0.577838,0.542124,0.652725,0.825195,,rest,0,0,debug,0.561119,0.580001,0.188730,0.388672,2,0.715925,0.764878,0.941458,0.650572,0.698021,1.177010,1.581467,0.0000,0.906997,1.674570,0.873720,1.009858,1.715243,0.813990,1.130241,2.062437,1.801231
0.9334,squat,face,0.008808,0.009881,0.888841,0.475993,0.364962,0.070388,0.125135,0.888841,0.008808,4,0.576022,0.535272,0.564720,0.798828,,rest,0,0,debug,0.561119,0.580001,0.182452,0.478760,2,0.713310,0.764748,0.941319,0.641603,0.694708,1.177010,1.598750,0.0000,0.906997,1.674570,0.842797,1.009858,1.735592,0.813990,1.120963,2.062437,1.779320
0.9667,squat,face,0.008699,0.009527,0.839689,0.480456,0.363782,0.069952,0.124360,0.839689,0.008699,4,0.571856,0.531464,0.568167,0.835938,,rest,0,0,debug,0.561119,0.580001,0.182858,0.520020,2,0.710024,0.764084,0.941250,0.632880,0.691425,1.177010,1.617693,0.0000,0.906997,1.693958,0.823150,1.009858,1.756431,0.813990,1.139041,2.062437,1.779320
1.0000,squat,face,0.008582,0.009243,0.895137,0.485348,0.364083,0.069478,0.123517,0.895137,0.008582,4,0.574147,0.539781,0.591604,0.845703,,rest,0,0,debug,0.561119,0.580001,0.176749,0.484619,2,0.705960,0.763083,0.940347,0.622113,0.688171,1.177010,1.635777,0.0000,0.906997,1.693958,0.809485,1.016880,1.756431,0.809485,1.139041,2.062437,1.598750
1.0334,squat,face,0.008621,0.009057,0.874442,0.489170,0.364850,0.069637,0.123799,0.874442,0.008621,4,0.572054,0.539804,0.597311,0.821777,,rest,0,0,debug,0.561119,0.580001,0.175436,0.525391,2,0.702769,0.762468,0.940556,0.616494,0.684949,1.186558,1.635777,0.0000,0.912656,1.693958,0.782275,1.009858,1.779320,0.799998,1.130241,2.092999,1.016880
1.0667,squat,face,0.008220,0.008806,0.818786,0.492258,0.369066,0.067997,0.120884,0.818786,0.008220,4,0.568689,0.540335,0.604725,0.787598,,rest,0,0,debug,0.561119,0.580001,0.173993,0.541504,2,0.701532,0.762106,0.940833,0.611343,0.678145,1.196261,1.635777,0.0000,0.906997,1.693958,0.778115,1.009858,1.801231,0.799998,1.147982,2.092999,0.996105
1.1000,squat,face,0.008041,0.008576,0.810695,0.498389,0.374989,0.067253,0.119562,0.810695,0.008041,4,0.566203,0.537862,0.532925,0.765625,,rest,0,0,debug,0.561119,0.580001,0.171610,0.544434,2,0.701191,0.761258,0.941875,0.603418,0.675014,1.206836,1.655612,0.0000,0.912656,1.693958,0.757393,1.009858,1.779320,0.795647,1.130241,2.062437,1.825311
1.1334,squat,face,0.007648,0.008298,0.851813,0.503486,0.379598,0.065592,0.116608,0.851813,0.007648,4,0.560879,0.537983,0.594859,0.831543,,rest,0,0,debug,0.561119,0.580001,0.173298,0.589355,2,0.701296,0.761915,0.941319,0.600936,0.675014,1.216872,1.655612,0.0000,0.906997,1.693958,0.749634,1.009858,1.801231,0.795647,1.120963,2.062437,1.898054
1.1667,squat,face,0.007272,0.007990,0.865461,0.506038,0.385376,0.063957,0.113702,0.865461,0.007272,4,0.556842,0.535468,0.586013,0.816406,,rest,0,0,debug,0.561119,0.580001,0.170952,0.603516,2,0.701252,0.761992,0.941250,0.606275,0.678145,1.238210,1.674570,0.0000,0.906997,1.693958,0.745812,1.009858,1.801231,0.795647,1.130241,2.062437,1.923004
1.2001,squat,face,0.007443,0.007826,0.833561,0.510681,0.390792,0.064705,0.115031,0.833561,0.007443,4,0.553224,0.531889,0.589865,0.829102,,rest,0,0,debug,0.561119,0.580001,0.164703,0.581055,2,0.700270,0.762103,0.941528,0.611343,0.675014,1.248775,1.693958,0.0000,0.906997,1.693958,0.726757,1.009858,1.825311,0.787087,1.130241,2.092999,1.948620
1.2334,squat,face,0.007069,0.007599,0.869963,0.517516,0.397897,0.063060,0.112107,0.869963,0.007069,4,0.551706,0.530849,0.599203,0.852051,,rest,0,0,debug,0.561119,0.580001,0.162045,0.546387,2,0.698676,0.763437,0.942153,0.619105,0.671916,1.260303,1.693958,0.0000,0.912656,1.693958,0.719101,1.009858,1.825311,0.769925,1.139041,2.092999,1.948620
1.2667,squat,face,0.006832,0.007369,0.810093,0.520456,0.396201,0.061993,0.110210,0.810093,0.006832,4,0.549103,0.531863,0.602111,0.791016,,rest,0,0,debug,0.561119,0.580001,0.160636,0.541016,2,0.697725,0.765106,0.942361,0.632880,0.678145,1.271256,1.693958,0.0000,0.912656,1.693958,0.749634,1.009858,1.825311,0.753495,1.130241,2.062437,1.948620
1.3001,squat,face,0.007007,0.007260,0.816397,0.529544,0.406104,0.062781,0.111611,0.816397,0.007007,4,0.542683,0.521299,0.687087,0.777832,,rest,0,0,debug,0.561119,0.580001,0.153699,0.544434,2,0.696176,0.765891,0.942708,0.632880,0.681304,1.282403,1.715243,0.0000,0.912656,1.693958,0.773996,1.009858,1.825311,0.742025,1.130241,2.092999,1.948620
1.3334,squat,face,0.006495,0.007031,0.823839,0.532668,0.406735,0.060445,0.107458,0.823839,0.006495,4,0.540580,0.518102,0.517079,0.758789,,rest,0,0,debug,0.561119,0.580001,0.150992,0.571777,2,0.694671,0.764892,0.942917,0.632880,0.681304,1.294562,1.715243,0.0000,0.906997,1.693958,0.787087,1.009858,1.825311,0.737749,1.139041,2.062437,1.948620
1.3667,squat,face,0.006695,0.006930,0.831802,0.538551,0.413290,0.061369,0.109100,0.831802,0.006695,4,0.537671,0.518650,,0.832031,,rest,0,0,debug,0.561119,0.580001,0.146972,0.493164,2,0.692864,0.763487,0.943125,0.630151,0.681304,1.306121,1.715243,0.0000,0.912656,1.693958,0.791345,1.009858,1.825311,0.742025,1.130241,2.062437,1.923004
1.4001,squat,face,0.006405,0.006773,0.878342,0.542701,0.412461,0.060024,0.106709,0.878342,0.006405,4,0.534456,0.514672,0.677494,0.773926,,rest,0,0,debug,0.561119,0.580001,0.139070,0.523438,2,0.690881,0.762534,0.942847,0.624771,0.681304,1.317888,1.715243,0.0000,0.912656,1.693958,0.799998,1.009858,1.848364,0.742025,1.139041,2.062437,1.948620
1.4334,squat,face,0.006249,0.006616,0.852673,0.546966,0.412511,0.059288,0.105402,0.852673,0.006249,4,0.535487,0.521117,0.662040,0.772949,,rest,0,0,debug,0.561119,0.580001,0.131903,0.599121,2,0.690511,0.763937,0.942083,0.619105,0.678145,1.330733,1.715243,0.0000,0.912656,1.693958,0.799998,1.009858,1.848364,0.734050,1.130241,2.062437,1.948620
1.4667,squat,face,0.006435,0.006561,0.860085,0.555224,0.418647,0.060162,0.106955,0.860085,0.006435,4,0.532794,0.526191,0.652599,0.798340,,rest,0,0,debug,0.561119,0.580001,0.121774,0.509766,2,0.689939,0.765249,0.943264,0.619105,0.675014,1.330733,1.735592,0.0000,0.906997,1.693958,0.795647,1.009858,1.848364,0.730385,1.139041,2.062437,1.923004
1.5001,squat,face,0.006267,0.006473,0.881948,0.559024,0.422182,0.059372,0.105551,0.881948,0.006267,4,0.529020,0.519354,0.775344,0.769531,,rest,0,0,debug,0.561119,0.580001,0.112945,0.518555,2,0.689004,0.766441,0.942778,0.619105,0.671916,1.330733,1.735592,0.0000,0.912656,1.693958,0.799998,1.009858,1.848364,0.726757,1.130241,2.062437,1.948620
1.5334,squat,face,0.005689,0.006238,0.848942,0.564444,0.419662,0.056570,0.100569,0.848942,0.005689,4,0.527409,0.525323,0.777397,0.789062,,rest,0,0,debug,0.561119,0.580001,0.117668,0.480713,2,0.685691,0.764711,0.942986,0.616494,0.668842,1.330733,1.735592,0.0000,0.912656,1.693958,0.813990,1.009858,1.848364,0.723163,1.130241,2.062437,1.923004
1.5667,squat,face,0.006237,0.006238,0.864615,0.569216,0.423718,0.059233,0.105304,0.864615,0.006237,4,0.526016,0.520525,0.783697,0.791992,,rest,0,0,debug,0.561119,0.580001,0.125747,0.483643,2,0.682483,0.762582,0.942292,0.616494,0.665366,1.330733,1.735592,0.0000,0.906997,1.693958,0.827806,1.009858,1.848364,0.719101,1.139041,2.062437,1.923004
1.6001,squat,face,0.005931,0.006146,0.861220,0.571308,0.425082,0.057761,0.102686,0.861220,0.005931,4,0.525974,0.510413,0.781187,0.764160,,rest,0,0,debug,0.561119,0.580001,0.123697,0.484619,2,0.679674,0.760021,0.942986,0.613908,0.665366,1.317888,1.735592,0.0000,0.912656,1.693958,0.832520,1.009858,1.848364,0.723163,1.139041,2.062437,1.898054
1.6334,squat,face,0.005868,0.006062,0.850953,0.574366,0.424875,0.057453,0.102138,0.850953,0.005868,4,0.527294,0.514063,,0.736328,,rest,0,0,debug,0.561119,0.580001,0.127378,0.460938,2,0.677006,0.758345,0.942014,0.613908,0.662354,1.317888,1.756431,0.0000,0.906997,1.693958,0.818545,1.009858,1.848364,0.723163,1.139041,2.062437,1.898054
1.6667,squat,face,0.005547,0.005908,0.846639,0.574906,0.423348,0.055858,0.099302,0.846639,0.005547,4,0.530575,0.511327,,0.723145,,rest,0,0,debug,0.561119,0.580001,0.122317,0.488770,2,0.673986,0.756002,0.942500,0.611343,0.665366,1.306121,1.756431,0.0000,0.906997,1.693958,0.823150,1.009858,1.848364,0.723163,1.130241,2.062437,1.898054
1.7001,squat,face,0.005485,0.005781,0.851240,0.576942,0.421747,0.055544,0.098745,0.851240,0.005485,4,0.532116,0.515846,0.815754,0.722168,,rest,0,0,debug,0.561119,0.580001,0.128147,0.498047,2,0.671127,0.753296,0.941528,0.613908,0.665366,1.306121,1.756431,0.0000,0.906997,1.693958,0.757393,1.002937,1.872029,0.723163,1.139041,2.062437,1.923004
1.7334,squat,face,0.005581,0.005721,0.830627,0.576344,0.414810,0.056031,0.099611,0.830627,0.005581,4,0.534090,0.521299,0.798166,0.735352,,rest,0,0,debug,0.561119,0.580001,0.126744,0.507324,2,0.668132,0.750063,0.941389,0.611343,0.662354,1.306121,1.756431,0.0000,0.906997,1.693958,0.715581,1.009858,1.872029,0.723163,1.139041,2.062437,1.923004
1.7667,squat,face,0.005651,0.005700,0.799169,0.574747,0.412927,0.056382,0.100235,0.799169,0.005651,4,0.538979,0.528480,0.814363,0.718262,,rest,0,0,debug,0.561119,0.580001,0.125221,0.446533,2,0.665223,0.747442,0.941458,0.608799,0.662354,1.306121,1.756431,0.0000,0.912656,1.693958,0.698021,1.009858,1.872029,0.719101,1.139041,2.062437,1.898054
1.8001,squat,face,0.005641,0.005683,0.775290,0.575410,0.400580,0.056332,0.100146,0.775290,0.005641,4,0.545046,0.542130,0.818154,0.697754,,rest,0,0,debug,0.561119,0.580001,0.129918,0.407227,2,0.662303,0.744132,0.941250,0.606275,0.656410,1.306121,1.756431,0.0000,0.912656,1.693958,0.678145,1.009858,1.872029,0.715581,1.130241,2.062437,1.948620
1.8334,squat,face,0.005161,0.005526,0.832682,0.575883,0.395390,0.053879,0.095785,0.832682,0.005161,4,0.551366,0.545557,0.816963,0.735352,,rest,0,0,debug,0.561119,0.580001,0.124582,0.370117,2,0.659905,0.740839,0.941389,0.600936,0.650572,1.306121,1.756431,0.0000,0.912656,1.693958,0.671916,1.009858,1.872029,0.712099,1.139041,2.092999,1.948620
1.8667,squat,face,0.005070,0.005389,0.815499,0.574049,0.389358,0.053402,0.094937,0.815499,0.005070,4,0.553779,0.546477,,0.642090,,rest,0,0,debug,0.561119,0.580001,0.104614,0.257324,2,0.658069,0.736505,0.942292,0.596042,0.647281,1.306121,1.756431,0.0000,0.906997,1.693958,0.656410,1.009858,1.872029,0.705234,1.130241,2.062437,1.948620
1.9001,squat,face,0.005295,0.005361,0.763869,0.575331,0.381170,0.054575,0.097022,0.763869,0.005295,4,0.564280,0.558606,,0.642578,,rest,0,0,debug,0.561119,0.580001,0.093975,0.298340,2,0.656649,0.733405,0.942778,0.588505,0.641603,1.330733,1.756431,0.0000,0.906997,1.693958,0.650572,1.016880,1.872029,0.701848,1.139041,2.092999,1.976825
1.9334,squat,face,0.005093,0.005281,0.820870,0.574014,0.375092,0.053524,0.095153,0.820870,0.005093,4,0.574602,0.557815,,0.701172,,rest,0,0,debug,0.561119,0.580001,0.091346,0.301514,2,0.653784,0.731134,0.943403,0.586148,0.641603,1.330733,1.756431,0.0000,0.906997,1.693958,0.650572,1.016880,1.872029,0.698021,1.139041,2.062437,1.976825
1.9668,squat,face,0.005067,0.005216,0.790261,0.571765,0.371482,0.053385,0.094907,0.790261,0.005067,4,0.578588,0.571442,,0.706543,,rest,0,0,debug,0.561119,0.580001,0.094221,0.264160,2,0.648858,0.728139,0.943750,0.581487,0.638802,1.342950,1.779320,0.0000,0.906997,1.693958,0.650572,1.009858,1.872029,0.694708,1.130241,2.062437,1.976825
2.0001,squat,face,0.005270,0.005233,0.732877,0.568847,0.367061,0.054448,0.096797,0.732877,0.005270,4,0.586352,0.570265,,0.745117,,rest,0,0,debug,0.561119,0.580001,0.099105,0.313477,2,0.645199,0.725122,0.944236,0.576576,0.638802,1.342950,1.779320,0.0000,0.906997,1.693958,0.653477,1.009858,1.872029,0.694708,1.130241,2.062437,2.003906
2.0334,squat,face,0.005383,0.005278,0.709864,0.567987,0.367771,0.055028,0.097827,0.709864,0.005383,4,0.588307,0.582314,,0.758301,,rest,0,0,debug,0.561119,0.580001,0.100754,0.354736,2,0.641186,0.721123,0.944097,0.579184,0.638802,1.342950,1.779320,0.0000,0.906997,1.693958,0.653477,1.009858,1.872029,0.691425,1.130241,2.062437,1.976825
2.0668,squat,face,0.005155,0.005241,0.676582,0.570364,0.366630,0.053846,0.095727,0.676582,0.005155,4,0.590374,0.582782,,0.808594,,rest,0,0,debug,0.561119,0.580001,0.101048,0.413086,2,0.637957,0.716511,0.944375,0.579184,0.641603,1.342950,1.756431,0.0000,0.906997,1.693958,0.650572,1.009858,1.872029,0.691425,1.130241,2.062437,1.976825
2.1001,squat,face,0.005166,0.005218,0.706416,0.568672,0.368741,0.053906,0.095832,0.706416,0.005166,4,0.590274,0.586407,,0.776855,,rest,0,0,debug,0.561119,0.580001,0.101984,0.397705,2,0.634738,0.710641,0.944097,0.581487,0.641603,1.342950,1.779320,0.0000,0.906997,1.693958,0.653477,1.016880,1.872029,0.691425,1.139041,2.092999,2.003906
2.1334,squat,face,0.005263,0.005232,0.698072,0.568895,0.371455,0.054409,0.096727,0.698072,0.005263,4,0.590777,0.583614,,0.804688,,rest,0,0,debug,0.561119,0.580001,0.103629,0.415771,2,0.631963,0.704761,0.944444,0.581487,0.638802,1.330733,1.756431,0.0000,0.906997,1.693958,0.653477,1.009858,1.872029,0.688171,1.130241,2.092999,1.976825
2.1668,squat,face,0.005169,0.005213,0.725175,0.567223,0.370021,0.053923,0.095863,0.725175,0.005169,4,0.589541,0.586181,,0.794922,,rest,0,0,debug,0.561119,0.580001,0.101492,0.363770,2,0.628769,0.697878,0.943750,0.579184,0.641603,1.330733,1.756431,0.0000,0.906997,1.693958,0.647281,1.009858,1.872029,0.684949,1.139041,2.062437,1.976825
2.2001,squat,face,0.005399,0.005269,0.732211,0.568982,0.370068,0.055108,0.097970,0.732211,0.005399,4,0.588039,0.583458,,0.749023,,rest,0,0,debug,0.561119,0.580001,0.089247,0.298828,2,0.625068,0.689731,0.943750,0.579184,0.641603,1.317888,1.756431,0.0000,0.906997,1.693958,0.647281,1.009858,1.898054,0.684949,1.139041,2.092999,1.976825
2.2334,squat,face,0.004953,0.005174,0.743789,0.569852,0.374277,0.052784,0.093838,0.743789,0.004953,4,0.581737,0.580009,,0.707520,,rest,0,0,debug,0.561119,0.580001,0.086760,0.332275,2,0.622393,0.683747,0.943958,0.576576,0.638802,1.317888,1.756431,0.0000,0.912656,1.693958,0.647281,1.009858,1.872029,0.684949,1.139041,2.092999,1.976825
2.2668,squat,face,0.005022,0.005128,0.738188,0.569617,0.374083,0.053149,0.094488,0.738188,0.005022,4,0.580436,0.570176,,0.681152,,rest,0,0,debug,0.561119,0.580001,0.073140,0.193604,2,0.622221,0.686073,0.943750,0.579184,0.636024,1.317888,1.756431,0.0000,0.906997,1.693958,0.644430,1.009858,1.872029,0.681304,1.130241,2.092999,1.976825
2.3001,squat,face,0.005244,0.005163,0.751626,0.570528,0.377567,0.054309,0.096550,0.751626,0.005244,4,0.576503,0.568634,,0.726562,,rest,0,0,debug,0.561119,0.580001,0.071697,0.291748,2,0.623098,0.693797,0.943611,0.574313,0.636024,1.317888,1.756431,0.0000,0.906997,1.693958,0.641603,1.009858,1.872029,0.684949,1.130241,2.092999,1.976825
2.3334,squat,face,0.004812,0.005058,0.730208,0.569553,0.381818,0.052027,0.092492,0.730208,0.004812,4,0.572830,0.571664,,0.734863,,rest,0,0,debug,0.561119,0.580001,0.096067,0.413330,2,0.625254,0.701687,0.943264,0.576576,0.632880,1.330733,1.756431,0.0000,0.912656,1.693958,0.641603,1.009858,1.872029,0.684949,1.139041,2.092999,1.976825
2.3668,squat,face,0.004721,0.004957,0.683047,0.570246,0.381752,0.051533,0.091615,0.683047,0.004721,4,0.569882,0.562310,,0.670410,,rest,0,0,debug,0.561119,0.580001,0.101607,0.299072,2,0.626849,0.704253,0.943264,0.579184,0.632880,1.330733,1.756431,0.0000,0.906997,1.693958,0.636024,1.009858,1.872029,0.684949,1.139041,2.092999,2.003906
2.4001,squat,face,0.005223,0.005036,0.676943,0.567029,0.391077,0.054200,0.096356,0.676943,0.005223,4,0.440786,0.439283,0.161239,0.624023,,rest,0,0,debug,0.561119,0.580001,0.130379,0.440674,4,0.626934,0.703747,0.943056,0.581487,0.632880,1.330733,1.756431,-0.0333,0.906997,1.693958,0.632880,1.009858,1.872029,0.684949,1.139041,2.092999,1.976825
2.4334,squat,face,0.005214,0.005090,0.653080,0.565448,0.398997,0.054156,0.096278,0.653080,0.005214,4,0.442705,0.450303,0.174662,0.658203,,rest,0,0,debug,0.561119,0.580001,0.127743,0.485107,4,0.626154,0.702131,0.943056,0.581487,0.632880,1.330733,1.756431,0.0000,0.906997,1.693958,0.632880,1.009858,1.872029,0.684949,1.139041,2.092999,1.976825
2.4668,squat,face,0.004603,0.004944,0.612372,0.565978,0.397331,0.050886,0.090463,0.612372,0.004603,4,0.449034,0.458231,0.394872,0.721191,,rest,0,0,debug,0.561119,0.580001,0.127258,0.556152,4,0.624619,0.700799,0.943056,0.581487,0.632880,1.330733,1.756431,0.0000,0.906997,1.693958,0.632880,1.009858,1.872029,0.684949,1.130241,2.092999,1.976825
2.5001,squat,face,0.005606,0.005143,0.630251,0.489823,0.569892,0.099834,0.056156,0.630251,0.005606,7,0.457335,0.464040,0.181432,0.612305,,rest,0,0,debug,0.561119,0.580001,0.123678,0.569824,4,0.624068,0.700252,0.943056,0.579184,0.632880,1.317888,1.756431,0.0000,0.906997,1.693958,0.632880,1.009858,1.872029,0.688171,1.130241,2.062437,1.948620
2.5334,squat,face,0.006129,0.005438,0.584843,0.483454,0.570955,0.104381,0.058714,0.584843,0.006129,7,0.462134,0.476501,0.177872,0.595703,,rest,0,0,debug,0.561119,0.580001,0.127326,0.476562,4,0.623830,0.700559,0.942292,0.581487,0.632880,1.317888,1.756431,0.0000,0.912656,1.693958,0.632880,1.009858,1.872029,0.691425,1.130241,2.092999,1.898054
2.5668,squat,face,0.007016,0.005912,0.581703,0.485672,0.570131,0.111684,0.062822,0.581703,0.007016,7,0.422426,0.338728,,0.774902,,rest,0,0,debug,0.561119,0.580001,0.128215,0.536133,5,0.623707,0.701862,0.942778,0.576576,0.632880,1.306121,1.756431,-0.0333,0.906997,1.693958,0.636024,1.009858,1.872029,0.691425,1.139041,2.062437,1.825311
2.6001,squat,face,0.005899,0.005908,0.598664,0.482006,0.572216,0.102403,0.057601,0.598664,0.005899,7,0.422003,0.337676,,0.797852,,rest,0,0,debug,0.561119,0.580001,0.131884,0.524414,5,0.622741,0.701877,0.942778,0.576576,0.632880,1.306121,1.756431,0.0000,0.906997,1.693958,0.636024,1.009858,1.872029,0.691425,1.139041,2.062437,1.825311
2.6334,squat,face,,0.005908,0.000000,,,,,,,,0.422787,0.338715,0.193204,0.841309,,rest,0,0,debug,0.561119,0.580001,0.131316,0.577637,5,0.621069,0.702026,0.942431,0.581487,0.632880,1.306121,1.756431,0.0000,0.906997,1.693958,0.641603,1.009858,1.872029,0.691425,1.139041,2.092999,1.825311
2.6668,squat,face,0.004355,0.005442,0.589624,0.480439,0.563431,0.087989,0.049494,0.589624,0.004355,7,0.421616,0.338453,0.179969,0.827637,,rest,0,0,debug,0.561119,0.580001,0.127797,0.588379,5,0.619052,0.701320,0.941736,0.581487,0.632880,1.306121,1.756431,0.0000,0.912656,1.693958,0.641603,1.009858,1.872029,0.691425,1.139041,2.092999,1.848364
2.7001,squat,face,0.005338,0.005411,0.590245,0.466515,0.568501,0.097420,0.054799,0.590245,0.005338,7,0.421864,0.338667,0.191443,0.845215,,rest,0,0,debug,0.561119,0.580001,0.126267,0.580566,5,0.618358,0.700603,0.942778,0.583808,0.632880,1.306121,1.756431,0.0000,0.906997,1.693958,0.647281,1.016880,1.872029,0.694708,1.139041,2.092999,1.825311
2.7335,squat,face,0.004977,0.005281,0.599479,0.466069,0.568840,0.094067,0.052913,0.599479,0.004977,7,0.419064,0.337059,0.192087,0.846680,,rest,0,0,debug,0.561119,0.580001,0.127609,0.518066,5,0.618560,0.699408,0.942431,0.583808,0.636024,1.317888,1.756431,0.0000,0.906997,1.693958,0.656410,1.009858,1.872029,0.694708,1.139041,2.062437,1.801231
2.7668,squat,face,0.004246,0.004970,0.658664,0.569487,0.425509,0.048870,0.086880,0.658664,0.004246,4,0.416965,0.337822,0.193486,0.749512,,rest,0,0,debug,0.561119,0.580001,0.126751,0.455811,5,0.619080,0.697963,0.942431,0.583808,0.636024,1.330733,1.756431,0.0000,0.906997,1.693958,0.668842,1.016880,1.872029,0.691425,1.139041,2.092999,1.825311
2.8001,squat,face,0.004609,0.004862,0.584007,0.570026,0.424757,0.050918,0.090522,0.584007,0.004609,4,0.415485,0.339467,,0.591797,,rest,0,0,debug,0.561119,0.580001,0.128772,0.369385,5,0.618885,0.696023,0.942431,0.581487,0.632880,1.330733,1.756431,0.0000,0.906997,1.693958,0.665366,1.009858,1.872029,0.688171,1.139041,2.062437,1.801231
2.8335,squat,face,0.003888,0.004570,0.581703,0.570728,0.428528,0.046766,0.083139,0.581703,0.003888,4,0.415854,0.338400,,0.544922,,rest,0,0,debug,0.561119,0.580001,0.130970,0.304443,5,0.617841,0.693051,0.942361,0.579184,0.630151,1.356291,1.756431,0.0000,0.912656,1.693958,0.662354,1.009858,1.872029,0.691425,1.139041,2.092999,1.825311
2.8668,squat,face,,0.004570,0.000000,,,,,,,,0.417109,0.337695,0.155353,0.657715,,rest,0,0,debug,0.561119,0.580001,0.131266,0.360840,5,0.616631,0.690024,0.941736,0.574313,0.630151,1.356291,1.756431,0.0000,0.906997,1.693958,0.662354,1.009858,1.872029,0.691425,1.139041,2.092999,1.825311
2.9001,squat,face,,0.004570,0.000000,,,,,,,,0.416056,0.338012,,0.663574,,rest,0,0,debug,0.561119,0.580001,0.122262,0.430908,5,0.615636,0.687319,0.942014,0.572067,0.627451,1.368982,1.756431,0.0000,0.906997,1.693958,0.662354,1.009858,1.872029,0.688171,1.130241,2.092999,1.872029
2.9335,squat,face,,0.004570,0.000000,,,,,,,,0.415079,0.337909,,0.657715,,rest,0,0,debug,0.561119,0.580001,0.124710,0.375977,5,0.614927,0.685100,0.942361,0.572067,0.624771,1.368982,1.756431,0.0000,0.906997,1.693958,0.668842,1.009858,1.872029,0.688171,1.139041,2.092999,1.898054
2.9668,squat,face,,0.004570,0.000000,,,,,,,,0.415949,0.338181,0.173952,0.678711,,rest,0,0,debug,0.561119,0.580001,0.127174,0.361572,5,0.613888,0.683542,0.942083,0.572067,0.624771,1.368982,1.756431,0.0000,0.906997,1.693958,0.678145,1.009858,1.848364,0.688171,1.130241,2.062437,1.898054
3.0001,squat,face,,0.004570,0.000000,,,,,,,,0.416482,0.338715,0.167631,0.713867,,rest,0,0,debug,0.561119,0.580001,0.127493,0.418457,5,0.612238,0.682760,0.941667,0.574313,0.627451,1.368982,1.756431,0.0000,0.906997,1.693958,0.678145,1.016880,1.872029,0.691425,1.130241,2.092999,1.872029
3.0335,squat,face,,0.004570,0.000000,,,,,,,,0.415337,0.339305,0.176396,0.690430,,rest,0,0,debug,0.561119,0.580001,0.128810,0.496338,5,0.609858,0.682779,0.943056,0.579184,0.627451,1.356291,1.756431,0.0000,0.906997,1.693958,0.684949,1.016880,1.872029,0.691425,1.130241,2.092999,1.872029
3.0668,squat,face,,0.004570,0.000000,,,,,,,,0.413338,0.339626,,0.668457,,rest,0,0,debug,0.561119,0.580001,0.123859,0.475586,5,0.607352,0.682634,0.943264,0.581487,0.632880,1.330733,1.756431,0.0000,0.901407,1.693958,0.681304,1.002937,1.848364,0.691425,1.130241,2.062437,1.779320
3.1001,squat,face,,0.004570,0.000000,,,,,,,,0.413080,0.339624,,0.660156,,rest,0,0,debug,0.561119,0.580001,0.123442,0.472168,5,0.604134,0.682504,0.943125,0.583808,0.636024,1.317888,1.756431,0.0000,0.906997,1.693958,0.671916,1.009858,1.872029,0.688171,1.130241,2.062437,1.735592
3.1335,squat,face,,0.004570,0.000000,,,,,,,,0.412007,0.338930,,0.563965,,rest,0,0,debug,0.561119,0.580001,0.124448,0.343018,5,0.601350,0.682127,0.942708,0.588505,0.638802,1.294562,1.756431,-0.0333,0.906997,1.693958,0.691425,1.009858,1.872029,0.694708,1.130241,2.062437,1.112438
3.1668,squat,face,,0.004570,0.000000,,,,,,,,0.411131,0.338132,,0.443604,,rest,0,0,debug,0.561119,0.580001,0.003433,0.284180,5,0.599687,0.681077,0.942292,0.593623,0.638802,1.294562,1.756431,-0.0333,0.906997,1.693958,0.698021,1.009858,1.872029,0.694708,1.130241,2.092999,1.120963
3.2001,squat,face,,0.004570,0.000000,,,,,,,,0.411961,0.338172,,0.601074,,rest,0,0,debug,0.561119,0.580001,0.122500,0.409180,5,0.597965,0.680356,0.941250,0.593623,0.638802,1.282403,1.756431,-0.0333,0.906997,1.693958,0.684949,1.009858,1.872029,0.691425,1.139041,2.092999,1.139041
3.2335,squat,face,,0.004570,0.000000,,,,,,,,0.411550,0.335247,0.169447,0.715820,,rest,0,0,debug,0.561119,0.580001,0.126941,0.439941,5,0.596734,0.680053,0.941458,0.593623,0.638802,1.282403,1.756431,-0.0333,0.901407,1.693958,0.684949,1.009858,1.872029,0.694708,1.130241,2.062437,1.157714
3.2668,squat,face,,0.004570,0.000000,,,,,,,,0.412400,0.335155,,0.680176,,rest,0,0,debug,0.561119,0.580001,0.127410,0.444336,5,0.596025,0.679854,0.941806,0.593623,0.641603,1.282403,1.756431,-0.0333,0.901407,1.693958,0.694708,1.009858,1.872029,0.694708,1.139041,2.092999,1.166951
3.3001,squat,face,,0.004570,0.000000,,,,,,,,0.408676,0.333909,,0.600098,,rest,0,0,debug,0.561119,0.580001,0.127746,0.420166,5,0.595376,0.679439,0.941181,0.593623,0.641603,1.282403,1.756431,-0.0333,0.901407,1.693958,0.698021,1.009858,1.872029,0.691425,1.139041,2.062437,1.166951
3.3335,squat,face,,0.004570,0.000000,,,,,,,,0.408960,0.335523,0.155336,0.671387,,rest,0,0,debug,0.561119,0.580001,0.123159,0.449707,5,0.595291,0.679376,0.940903,0.593623,0.641603,1.282403,1.756431,-0.0333,0.906997,1.693958,0.691425,1.009858,1.872029,0.694708,1.139041,2.062437,1.186558
3.3668,squat,face,,0.004570,0.000000,,,,,,,,0.409329,0.335599,0.155754,0.718750,,rest,0,0,debug,0.561119,0.580001,0.123250,0.483398,5,0.595385,0.679074,0.941250,0.596042,0.644430,1.294562,1.756431,-0.0333,0.906997,1.693958,0.694708,1.016880,1.872029,0.694708,1.130241,2.092999,1.294562
3.4001,squat,face,,0.004570,0.000000,,,,,,,,0.408497,0.336123,,0.534668,,rest,0,0,debug,0.561119,0.580001,0.121395,0.375244,5,0.595805,0.678826,0.941042,0.596042,0.641603,1.294562,1.756431,-0.0333,0.906997,1.693958,0.698021,1.016880,1.872029,0.691425,1.130241,2.092999,1.617693
3.4335,squat,face,,0.004570,0.000000,,,,,,,,0.409872,0.334397,0.156608,0.740234,,rest,0,0,debug,0.561119,0.580001,0.126393,0.456787,5,0.595849,0.678134,0.941597,0.593623,0.641603,1.294562,1.756431,-0.0333,0.906997,1.693958,0.698021,1.009858,1.872029,0.694708,1.139041,2.062437,1.693958
3.4668,squat,face,,0.004570,0.000000,,,,,,,,0.408419,0.334853,0.157446,0.598633,,rest,0,0,debug,0.561119,0.580001,0.127896,0.411377,5,0.595835,0.677691,0.941111,0.593623,0.641603,1.294562,1.756431,-0.0333,0.906997,1.693958,0.694708,1.009858,1.872029,0.694708,1.139041,2.062437,1.756431
3.5002,squat,face,,0.004570,0.000000,,,,,,,,0.407629,0.334846,,0.545410,,rest,0,0,debug,0.561119,0.580001,0.125791,0.393066,5,0.595777,0.677185,0.941736,0.593623,0.641603,1.306121,1.756431,-0.0333,0.906997,1.693958,0.698021,1.009858,1.872029,0.691425,1.130241,2.062437,1.735592
3.5335,squat,face,,0.004570,0.000000,,,,,,,,0.406150,0.334058,,0.474121,,rest,0,0,debug,0.561119,0.580001,0.126666,0.363037,5,0.595312,0.676618,0.941528,0.590881,0.641603,1.306121,1.756431,-0.0333,0.906997,1.693958,0.694708,1.009858,1.872029,0.694708,1.139041,2.092999,1.779320
3.5668,squat,face,,0.004570,0.000000,,,,,,,,,,,,,rest,0,0,debug,0.561119,0.580001,,,,0.594950,0.675969,0.940833,0.590881,0.638802,1.306121,1.756431,-0.0333,0.906997,1.693958,0.694708,1.009858,1.872029,0.694708,1.139041,2.062437,1.779320
3.6335,squat,face,,0.004570,0.000000,,,,,,,,0.404831,0.333570,,0.410400,,rest,0,0,debug,0.561119,0.580001,0.127457,0.302246,5,0.593783,0.674876,0.941944,0.590881,0.638802,1.317888,1.756431,-0.0333,0.912656,1.693958,0.688171,1.016880,1.872029,0.691425,1.147982,2.092999,1.801231
3.6668,squat,face,,0.004570,0.000000,,,,,,,,0.599916,0.506530,,0.456055,,rest,0,0,debug,0.561119,0.580001,0.099773,0.294678,2,0.593216,0.674260,0.942153,0.593623,0.641603,1.306121,1.756431,-0.0333,0.906997,1.693958,0.688171,1.009858,1.872029,0.694708,1.139041,2.092999,1.801231
3.7002,squat,face,,0.004570,0.000000,,,,,,,,0.596681,0.504067,0.284287,0.392090,,rest,0,0,debug,0.561119,0.580001,0.106302,0.371826,2,0.592301,0.673480,0.942222,0.590881,0.641603,1.306121,1.756431,-0.0333,0.906997,1.693958,0.684949,1.002937,1.872029,0.691425,1.130241,2.062437,1.801231
3.7335,squat,face,,0.004570,0.000000,,,,,,,,0.599887,0.510027,,0.532227,,rest,0,0,debug,0.561119,0.580001,0.097388,0.148926,2,0.591606,0.672761,0.942361,0.590881,0.638802,1.306121,1.756431,-0.0333,0.906997,1.693958,0.681304,1.009858,1.872029,0.691425,1.139041,2.062437,1.825311
3.7668,squat,face,,0.004570,0.000000,,,,,,,,0.598766,0.515207,,0.600586,,rest,0,0,debug,0.561119,0.580001,0.092777,0.202148,2,0.590939,0.672173,0.942153,0.590881,0.641603,1.306121,1.779320,-0.0333,0.906997,1.693958,0.688171,1.009858,1.872029,0.691425,1.139041,2.092999,1.825311
3.8002,squat,face,,0.004570,0.000000,,,,,,,,0.600222,0.515356,,0.499268,,rest,0,0,debug,0.561119,0.580001,0.090291,0.139404,2,0.590197,0.671662,0.942569,0.588505,0.638802,1.306121,1.756431,-0.0333,0.906997,1.693958,0.684949,1.009858,1.872029,0.691425,1.139041,2.092999,1.801231
3.8668,squat,face,,0.004570,0.000000,,,,,,,,,,,,,rest,0,0,debug,0.561119,0.580001,,,,0.588513,0.670322,0.941667,0.590881,0.638802,1.306121,1.756431,-0.0333,0.906997,1.693958,0.681304,1.009858,1.872029,0.691425,1.130241,2.092999,1.825311
3.9002,squat,face,,0.004570,0.000000,,,,,,,,0.408005,0.335837,0.157192,0.599121,,rest,0,0,debug,0.561119,0.580001,0.122338,0.452148,5,0.587793,0.669888,0.941806,0.590881,0.638802,1.306121,1.756431,-0.0333,0.906997,1.693958,0.678145,1.009858,1.872029,0.688171,1.139041,2.062437,1.779320
3.9668,squat,face,,0.004570,0.000000,,,,,,,,0.409973,0.336391,0.168653,0.759766,,rest,0,0,debug,0.561119,0.580001,0.122739,0.573730,5,0.586262,0.668839,0.942083,0.590881,0.638802,1.306121,1.756431,0.0000,0.906997,1.693958,0.681304,1.009858,1.872029,0.691425,1.130241,2.092999,1.779320
4.0002,squat,face,,0.004570,0.000000,,,,,,,,0.410568,0.336698,0.177813,0.712891,,rest,0,0,debug,0.561119,0.580001,0.122694,0.544434,5,0.585507,0.668294,0.941736,0.590881,0.638802,1.306121,1.756431,0.0000,0.906997,1.693958,0.678145,1.009858,1.872029,0.691425,1.130241,2.062437,1.756431
4.0335,squat,face,,0.004570,0.000000,,,,,,,,0.410760,0.335677,0.190709,0.789551,,rest,0,0,debug,0.561119,0.580001,0.122109,0.618164,5,0.584801,0.667656,0.942153,0.590881,0.638802,1.306121,1.756431,0.0000,0.906997,1.693958,0.678145,1.009858,1.872029,0.691425,1.130241,2.062437,1.756431
4.0668,squat,face,,0.004570,0.000000,,,,,,,,0.410316,0.336112,0.193586,0.788574,,rest,0,0,debug,0.561119,0.580001,0.122347,0.624512,5,0.584005,0.667168,0.942222,0.590881,0.638802,1.306121,1.756431,0.0000,0.906997,1.693958,0.681304,1.009858,1.872029,0.691425,1.130241,2.092999,1.756431
4.1002,squat,face,,0.004570,0.000000,,,,,,,,0.410546,0.336054,0.190857,0.772461,,rest,0,0,debug,0.561119,0.580001,0.122401,0.611816,5,0.583492,0.666721,0.942361,0.590881,0.638802,1.306121,1.756431,0.0000,0.906997,1.693958,0.681304,1.009858,1.872029,0.691425,1.139041,2.092999,1.756431
4.1335,squat,face,,0.004570,0.000000,,,,,,,,0.409963,0.336226,0.191721,0.783691,,rest,0,0,debug,0.561119,0.580001,0.120536,0.617676,5,0.582951,0.666258,0.941319,0.590881,0.638802,1.306121,1.779320,0.0000,0.906997,1.693958,0.681304,1.009858,1.872029,0.694708,1.130241,2.092999,1.735592
4.1668,squat,face,,0.004570,0.000000,,,,,,,,0.409733,0.336213,0.180771,0.760742,,rest,0,0,debug,0.561119,0.580001,0.121942,0.573730,5,0.582256,0.665619,0.941528,0.590881,0.638802,1.317888,1.756431,-0.0333,0.912656,1.693958,0.684949,1.016880,1.872029,0.691425,1.139041,2.092999,1.756431
4.2002,squat,face,,0.004570,0.000000,,,,,,,,0.409202,0.336827,0.193517,0.724121,,rest,0,0,debug,0.561119,0.580001,0.120129,0.559570,5,0.581529,0.665252,0.941944,0.590881,0.638802,1.306121,1.756431,-0.0333,0.906997,1.693958,0.681304,1.009858,1.848364,0.691425,1.130241,2.062437,1.756431
4.2335,squat,face,,0.004570,0.000000,,,,,,,,0.408285,0.336343,0.182998,0.668945,,rest,0,0,debug,0.561119,0.580001,0.120421,0.518555,5,0.580718,0.664757,0.941389,0.590881,0.638802,1.306121,1.756431,-0.0333,0.906997,1.693958,0.681304,1.009858,1.872029,0.691425,1.139041,2.092999,1.779320
4.2669,squat,face,,0.004570,0.000000,,,,,,,,0.408796,0.335249,0.169919,0.764160,,rest,0,0,debug,0.561119,0.580001,0.119173,0.577637,5,0.580141,0.664260,0.940903,0.590881,0.641603,1.306121,1.756431,-0.0333,0.906997,1.674570,0.688171,1.009858,1.872029,0.691425,1.130241,2.062437,1.756431
4.3002,squat,face,,0.004570,0.000000,,,,,,,,0.408892,0.336152,0.166904,0.745605,,rest,0,0,debug,0.561119,0.580001,0.120168,0.545898,5,0.579438,0.663716,0.941875,0.590881,0.638802,1.306121,1.756431,-0.0333,0.906997,1.693958,0.688171,1.009858,1.872029,0.691425,1.139041,2.092999,1.779320
4.3335,squat,face,,0.004570,0.000000,,,,,,,,0.408738,0.336011,0.169338,0.733887,,rest,0,0,debug,0.561119,0.580001,0.120111,0.563965,5,0.578862,0.663288,0.941250,0.590881,0.638802,1.306121,1.756431,-0.0333,0.906997,1.693958,0.691425,1.009858,1.872029,0.691425,1.139041,2.062437,1.756431
4.3669,squat,face,,0.004570,0.000000,,,,,,,,0.408446,0.335668,0.169142,0.774414,,rest,0,0,debug,0.561119,0.580001,0.119256,0.579590,5,0.578245,0.662550,0.941319,0.588505,0.638802,1.306121,1.756431,-0.0333,0.906997,1.674570,0.688171,1.009858,1.872029,0.691425,1.130241,2.092999,1.735592
4.4002,squat,face,,0.004570,0.000000,,,,,,,,0.408440,0.334728,0.168964,0.768555,,rest,0,0,debug,0.561119,0.580001,0.121330,0.543457,5,0.577688,0.661874,0.941181,0.590881,0.638802,1.306121,1.756431,-0.0333,0.906997,1.693958,0.684949,1.009858,1.872029,0.691425,1.139041,2.092999,1.779320
4.4335,squat,face,,0.004570,0.000000,,,,,,,,0.408603,0.335631,,0.792480,,rest,0,0,debug,0.561119,0.580001,0.120968,0.549316,5,0.577374,0.661346,0.941667,0.590881,0.638802,1.306121,1.756431,-0.0333,0.906997,1.693958,0.688171,1.009858,1.872029,0.691425,1.139041,2.092999,1.779320
4.4669,squat,face,,0.004570,0.000000,,,,,,,,0.410417,0.334684,0.166119,0.729980,,rest,0,0,debug,0.561119,0.580001,0.126728,0.531250,5,0.576954,0.660901,0.941250,0.588505,0.638802,1.317888,1.756431,-0.0333,0.906997,1.693958,0.701848,1.009858,1.872029,0.694708,1.139041,2.092999,1.779320
4.5002,squat,face,,0.004570,0.000000,,,,,,,,0.409639,0.334523,0.154417,0.657715,,rest,0,0,debug,0.561119,0.580001,0.129332,0.442139,5,0.576777,0.660566,0.941528,0.588505,0.638802,1.306121,1.756431,-0.0333,0.906997,1.693958,0.708650,1.009858,1.872029,0.698021,1.130241,2.092999,1.779320
4.5335,squat,face,,0.004570,0.000000,,,,,,,,0.411940,0.333474,0.144548,0.726562,,rest,0,0,debug,0.561119,0.580001,0.140805,0.567871,5,0.576100,0.659191,0.940208,0.588505,0.638802,1.282403,1.735592,-0.0333,0.901407,1.674570,0.719101,1.009858,1.848364,0.698021,1.130241,2.092999,1.756431
4.5669,squat,face,,0.004570,0.000000,,,,,,,,0.416649,0.335352,0.154575,0.736328,,rest,0,0,debug,0.561119,0.580001,0.142499,0.600098,5,0.573233,0.656144,0.939375,0.588505,0.641603,1.282403,1.735592,-0.0333,0.906997,1.674570,0.742025,1.009858,1.872029,0.701848,1.130241,2.092999,1.848364
4.6002,squat,face,,0.004570,0.000000,,,,,,,,0.421741,0.336461,0.157613,0.770508,,rest,0,0,debug,0.561119,0.580001,0.143254,0.585938,5,0.570458,0.651772,0.939861,0.586148,0.644430,1.271256,1.735592,-0.0333,0.906997,1.674570,0.757393,1.009858,1.872029,0.708650,1.139041,2.062437,1.872029
4.6335,squat,face,0.005997,0.004998,0.597030,0.368412,0.469856,0.058082,0.103256,0.597030,0.005997,2,0.424874,0.339180,0.146731,0.697266,,rest,0,0,debug,0.561119,0.580001,0.142698,0.651855,5,0.570441,0.648209,0.939861,0.581487,0.641603,1.260303,1.715243,-0.0333,0.906997,1.674570,0.847677,1.009858,1.848364,0.715581,1.130241,2.062437,1.898054
4.6669,squat,face,,0.004998,0.000000,,,,,,,,0.428218,0.339926,,0.581543,,rest,0,0,debug,0.561119,0.580001,0.140360,0.556152,5,0.570182,0.643138,0.940486,0.574313,0.644430,1.260303,1.693958,-0.0333,0.906997,1.674570,0.873720,1.009858,1.848364,0.723163,1.139041,2.062437,1.898054
4.7002,squat,face,0.005390,0.005116,0.605960,0.382746,0.474701,0.055062,0.097888,0.605960,0.005390,2,0.437365,0.340677,0.145811,0.696289,,rest,0,0,debug,0.561119,0.580001,0.144919,0.606445,5,0.570114,0.634839,0.940972,0.560789,0.650572,1.248775,1.674570,-0.0333,0.906997,1.655612,0.890435,1.009858,1.848364,0.734050,1.139041,2.062437,1.923004
4.7335,squat,face,,0.005116,0.000000,,,,,,,,0.441949,0.344855,0.149422,0.676270,,rest,0,0,debug,0.561119,0.580001,0.156713,0.674316,5,0.571212,0.627927,0.940625,0.549945,0.653477,1.227082,1.655612,-0.0333,0.906997,1.655612,0.895888,1.009858,1.825311,0.749634,1.139041,2.062437,1.923004
4.7669,squat,face,,0.005116,0.000000,,,,,,,,0.450079,0.346544,0.146253,0.727051,,rest,0,0,debug,0.561119,0.580001,0.158800,0.687988,5,0.571322,0.620525,0.940625,0.549945,0.653477,1.227082,1.655612,0.0000,0.906997,1.655612,0.895888,1.009858,1.825311,0.749634,1.139041,2.062437,1.923004
4.8002,squat,face,,0.005116,0.000000,,,,,,,,0.449587,0.351166,0.130605,0.751953,,rest,0,0,debug,0.561119,0.580001,0.162638,0.716309,5,0.570825,0.613227,0.939722,0.525667,0.662354,1.166951,1.581467,-0.0333,0.906997,1.655612,0.873720,1.009858,1.801231,0.804399,1.139041,2.062437,1.923004
4.8335,squat,face,,0.005116,0.000000,,,,,,,,0.458555,0.354487,0.110385,0.763672,,rest,0,0,debug,0.561119,0.580001,0.168383,0.710938,5,0.571277,0.607466,0.938681,0.514314,0.668842,1.130241,1.530643,-0.0333,0.906997,1.655612,0.842797,1.009858,1.779320,0.795647,1.130241,2.062437,1.898054
4.8669,squat,face,,0.005116,0.000000,,,,,,,,0.466497,0.355157,0.095045,0.710449,,rest,0,0,debug,0.561119,0.580001,0.174296,0.652344,5,0.570609,0.599669,0.937500,0.501469,0.668842,1.078462,1.452482,-0.0333,0.906997,1.635777,0.827806,1.009858,1.756431,0.787087,1.130241,2.062437,1.530643
4.9002,squat,face,,0.005116,0.000000,,,,,,,,0.465484,0.354670,0.085517,0.704102,,rest,0,0,debug,0.561119,0.580001,0.175336,0.652344,5,0.568250,0.591224,0.936944,0.492781,0.671916,1.031738,1.381916,-0.0333,0.906997,1.635777,0.787087,1.009858,1.715243,0.769925,1.130241,2.062437,0.847677
4.9335,squat,face,,0.005116,0.000000,,,,,,,,0.471066,0.353142,0.068328,0.657715,,rest,0,0,debug,0.561119,0.580001,0.176744,0.630371,5,0.564461,0.581688,0.936042,0.486228,0.650572,0.989371,1.317888,-0.0333,0.906997,1.635777,0.742025,1.009858,1.635777,0.745812,1.139041,2.062437,0.765894
4.9669,squat,face,,0.005116,0.000000,,,,,,,,0.477254,0.349980,0.032497,0.721191,,rest,0,0,debug,0.561119,0.580001,0.182016,0.605469,5,0.560281,0.572411,0.934236,0.484390,0.616494,0.936869,1.227082,-0.0333,0.906997,1.617693,0.701848,1.009858,1.047035,0.715581,1.130241,2.032753,0.698021
5.0002,squat,face,0.009162,0.006330,0.639672,0.515584,0.394266,0.071788,0.127623,0.639672,0.009162,4,0.482114,0.345451,,0.717773,,rest,0,0,debug,0.561119,0.580001,0.182121,0.569336,5,0.556851,0.564307,0.933125,0.486228,0.567625,0.884283,0.949027,-0.0333,0.906997,1.617693,0.665366,1.002937,0.930907,0.681304,1.139041,2.032753,0.608799
5.0336,squat,face,,0.006330,0.000000,,,,,,,,0.486311,0.342347,,0.642578,,rest,0,0,debug,0.561119,0.580001,0.191782,0.486084,5,0.551070,0.551523,0.929792,0.481202,0.516129,0.837971,0.847677,-0.0333,0.906997,1.581467,0.624771,1.002937,0.852621,0.647281,1.139041,2.003906,0.541512
5.0669,squat,face,0.008569,0.007001,0.598664,0.507339,0.396887,0.069426,0.123423,0.598664,0.008569,4,0.485269,0.339259,,0.606445,,rest,0,0,debug,0.561119,0.580001,0.195039,0.481934,5,0.543467,0.535076,0.929792,0.481202,0.516129,0.837971,0.847677,0.0000,0.906997,1.581467,0.624771,1.002937,0.852621,0.647281,1.139041,2.003906,0.541512
5.1002,squat,face,,0.007001,0.000000,,,,,,,,0.493932,0.333089,,0.657715,,rest,0,0,debug,0.561119,0.580001,0.209311,0.371338,5,0.533127,0.511639,0.925486,0.446382,0.470156,0.795647,0.765894,0.0000,0.906997,1.564550,0.588505,0.962404,0.799998,0.616494,1.130241,1.976825,0.484390
5.1336,squat,face,0.012241,0.008573,0.600699,0.498050,0.384379,0.082978,0.147516,0.600699,0.012241,4,0.495989,0.325968,,0.619629,,rest,0,0,debug,0.561119,0.580001,0.212879,0.283936,5,0.520080,0.484710,0.920486,0.411575,0.426665,0.742025,0.678145,0.0000,0.901407,0.737749,0.552021,0.906997,0.745812,0.583808,1.139041,1.948620,0.440998
5.1669,squat,face,,0.008573,0.000000,,,,,,,,0.503412,0.318189,,0.660645,,rest,0,0,debug,0.561119,0.580001,0.213173,0.236816,5,0.503351,0.453416,0.913542,0.367288,0.378979,0.684949,0.608799,0.0000,0.884283,0.399064,0.523785,0.847677,0.705234,0.552021,1.139041,1.898054,0.389353
5.2002,squat,face,,0.008573,0.000000,,,,,,,,,,,,,rest,0,0,debug,0.561119,0.580001,,,,0.488306,0.422951,0.907083,0.292571,0.298716,0.523785,0.396899,-0.0333,0.842797,0.311815,0.470156,0.745812,0.632880,0.494686,1.120963,1.482979,0.302420
5.2336,squat,face,0.012632,0.009791,0.595802,0.481678,0.373751,0.084293,0.149854,0.595802,0.012632,4,,,,,,rest,0,0,debug,0.561119,0.580001,,,,0.475728,0.399993,0.898889,0.262834,0.268342,0.478057,0.350924,-0.0333,0.804399,0.276159,0.447944,0.374817,0.606275,0.474953,1.087048,1.271256,0.271905
5.2669,squat,face,,0.009791,0.000000,,,,,,,,,,,,,rest,0,0,debug,0.561119,0.580001,,,,0.462495,0.383987,0.880764,0.224758,0.229802,0.429170,0.294931,-0.0667,0.712099,0.233151,0.244041,0.258978,0.581487,0.453498,1.009858,0.267782,0.239029
5.3336,squat,face,0.021015,0.015515,0.599683,0.435798,0.457714,0.108724,0.193287,0.599683,0.021015,2,,,,,,rest,0,0,debug,0.561119,0.580001,,,,0.435174,0.366553,0.878056,0.220499,0.225154,0.422791,0.288939,-0.0333,0.698021,0.228980,0.242654,0.245681,0.583808,0.452294,0.981783,0.258064,0.237037
5.3669,squat,face,,0.015515,0.000000,,,,,,,,,,,,,rest,0,0,debug,0.561119,0.580001,,,,0.431448,0.367166,0.882986,0.227961,0.232727,0.433164,0.293074,-0.0333,0.708650,0.235945,0.423839,0.253464,0.596042,0.459605,0.996105,0.268342,0.246391
5.4336,squat,face,,0.015515,0.000000,,,,,,,,,,,,,rest,0,0,debug,0.561119,0.580001,,,,0.456723,0.390407,0.898681,0.274972,0.281010,0.487619,0.354325,-0.0333,0.787087,0.283186,0.470156,0.331391,0.638802,0.487619,1.039594,1.248775,0.296812
5.4669,squat,face,0.025128,0.018399,0.580863,0.416584,0.472246,0.118889,0.211359,0.580863,0.025128,2,,,,,,rest,0,0,debug,0.561119,0.580001,,,,0.483709,0.413793,0.905625,0.310303,0.316636,0.529473,0.400313,-0.0333,0.823150,0.317224,0.492781,0.397823,0.671916,0.512511,1.070570,1.282403,0.334421
5.5002,squat,face,,0.018399,0.000000,,,,,,,,,,,,,rest,0,0,debug,0.561119,0.580001,,,,0.506382,0.437268,0.915972,0.389353,0.401252,0.656410,0.608799,-0.0667,0.873720,0.399064,0.547885,0.778115,0.753495,0.572067,1.104041,1.423206,0.426665
5.5669,squat,face,,0.018399,0.000000,,,,,,,,,,,,,rest,0,0,debug,0.561119,0.580001,,,,0.551298,0.478756,0.920694,0.427736,0.438354,0.715581,0.656410,-0.0333,0.890435,0.446382,0.572067,0.813990,0.804399,0.603418,1.120963,1.530643,0.465454
5.6002,squat,face,,0.018399,0.000000,,,,,,,,,,,,,rest,0,0,debug,0.561119,0.580001,,,,0.573014,0.501984,0.927014,0.470156,0.506928,0.809485,0.773996,-0.0667,0.906997,1.498169,0.627451,0.936869,0.895888,0.665366,1.130241,1.635777,0.558647
5.6669,squat,face,,0.018399,0.000000,,,,,,,,,,,,,rest,0,0,debug,0.561119,0.580001,,,,0.602952,0.568847,0.930972,0.470156,0.539515,0.847677,0.852621,-0.0333,0.906997,1.546818,0.653477,1.002937,0.949027,0.691425,1.139041,1.715243,0.608799
5.7002,squat,face,,0.018399,0.000000,,,,,,,,0.494400,0.379945,0.036959,0.617676,,rest,0,0,debug,0.561119,0.580001,0.181365,0.545898,5,0.614528,0.602877,0.933889,0.478057,0.560789,0.895888,0.975238,-0.0333,0.906997,1.581467,0.684949,1.009858,1.031738,0.715581,1.130241,1.801231,0.665366
5.7336,squat,face,,0.018399,0.000000,,,,,,,,0.505742,0.383252,0.066587,0.566895,,rest,0,0,debug,0.561119,0.580001,0.190243,0.557617,5,0.621816,0.632032,0.936736,0.483018,0.581487,0.930907,1.147982,-0.0333,0.906997,1.598750,0.701848,1.009858,1.674570,0.737749,1.139041,1.848364,0.719101
5.7669,squat,face,,0.018399,0.000000,,,,,,,,0.481484,0.389854,,0.473633,,rest,0,0,debug,0.561119,0.580001,0.189171,0.426758,5,0.627063,0.655874,0.938125,0.486228,0.596042,0.975238,1.330733,-0.0333,0.912656,1.617693,0.723163,1.009858,1.735592,0.749634,1.139041,1.898054,0.787087
5.8003,squat,face,,0.018399,0.000000,,,,,,,,,0.395269,0.092915,0.502441,,rest,0,0,debug,0.561119,0.580001,0.189463,0.361572,5,0.630896,0.675904,0.938958,0.492781,0.606275,1.009858,1.452482,-0.0333,0.906997,1.617693,0.742025,1.009858,1.779320,0.765894,1.139041,1.976825,0.823150
5.8336,squat,face,,0.018399,0.000000,,,,,,,,,0.395066,0.104028,0.440918,,rest,0,0,debug,0.561119,0.580001,0.185459,0.278076,5,0.633123,0.691627,0.939583,0.501469,0.611343,1.054583,1.546818,-0.0333,0.901407,1.635777,0.753495,1.009858,1.801231,0.769925,1.139041,2.003906,0.930907
5.8669,squat,face,,0.018399,0.000000,,,,,,,,,0.395266,,0.416992,,rest,0,0,debug,0.561119,0.580001,0.178909,0.238281,5,0.634428,0.703867,0.939583,0.501469,0.611343,1.054583,1.546818,0.0000,0.901407,1.635777,0.753495,1.009858,1.801231,0.769925,1.139041,2.003906,0.930907
5.9003,squat,face,,0.018399,0.000000,,,,,,,,,0.393447,0.139935,0.418701,,rest,0,0,debug,0.561119,0.580001,0.171108,0.288818,5,0.634847,0.713337,0.940347,0.508692,0.616494,1.095185,1.617693,0.0000,0.906997,1.635777,0.757393,1.009858,1.801231,0.761338,1.147982,2.032753,0.996105
5.9336,squat,face,,0.018399,0.000000,,,,,,,,,0.390405,0.154522,0.590820,,rest,0,0,debug,0.561119,0.580001,0.169354,0.394043,5,0.633045,0.718589,0.940625,0.519797,0.622113,1.139041,1.655612,0.0000,0.906997,1.655612,0.765894,1.009858,1.801231,0.737749,1.139041,2.062437,1.715243
5.9669,squat,face,,0.018399,0.000000,,,,,,,,,,,,,rest,0,0,debug,0.561119,0.580001,,,,0.630369,0.721611,0.940625,0.543811,0.627451,1.196261,1.674570,-0.0333,0.906997,1.674570,0.691425,1.009858,1.825311,0.719101,1.130241,2.062437,1.054583
6.0003,squat,face,,0.018399,0.000000,,,,,,,,,0.383503,0.167666,0.618652,,rest,0,0,debug,0.561119,0.580001,0.156176,0.495605,5,0.628826,0.720705,0.940625,0.556522,0.630151,1.216872,1.693958,-0.0333,0.906997,1.674570,0.668842,1.009858,1.825311,0.719101,1.139041,2.062437,1.047035
6.0336,squat,face,,0.018399,0.000000,,,,,,,,,0.379738,0.174940,0.612305,,rest,0,0,debug,0.561119,0.580001,0.155990,0.562500,5,0.627922,0.718956,0.940347,0.560789,0.630151,1.216872,1.693958,-0.0333,0.906997,1.674570,0.665366,1.009858,1.825311,0.712099,1.139041,2.062437,1.024511
6.0669,squat,face,,0.018399,0.000000,,,,,,,,,,,,,rest,0,0,debug,0.561119,0.580001,,,,0.622927,0.714951,0.941250,0.572067,0.630151,1.216872,1.715243,-0.0667,0.906997,1.674570,0.659367,1.009858,1.848364,0.691425,1.139041,2.092999,0.949027
6.1336,squat,face,,0.018399,0.000000,,,,,,,,,0.373551,,0.509766,,rest,0,0,debug,0.561119,0.580001,0.141405,0.433594,5,0.611941,0.701247,0.941250,0.572067,0.630151,1.216872,1.715243,0.0000,0.906997,1.674570,0.659367,1.009858,1.848364,0.691425,1.139041,2.092999,0.949027
6.1669,squat,face,,0.018399,0.000000,,,,,,,,,0.370665,0.223673,0.645996,,rest,0,0,debug,0.561119,0.580001,0.137002,0.594238,5,0.608513,0.694151,0.942014,0.574313,0.630151,1.227082,1.715243,0.0000,0.906997,1.693958,0.662354,1.009858,1.848364,0.691425,1.130241,2.092999,0.968780
6.2003,squat,face,,0.018399,0.000000,,,,,,,,,0.368411,0.218636,0.652832,,rest,0,0,debug,0.561119,0.580001,0.131747,0.633789,5,0.606473,0.689039,0.941944,0.576576,0.627451,1.248775,1.735592,-0.0333,0.906997,1.674570,0.659367,1.009858,1.848364,0.681304,1.139041,2.092999,0.949027
6.2336,squat,face,,0.018399,0.000000,,,,,,,,,0.368360,0.225106,0.632324,,rest,0,0,debug,0.561119,0.580001,0.120480,0.576172,5,0.604001,0.683822,0.941806,0.576576,0.627451,1.260303,1.735592,-0.0333,0.906997,1.674570,0.671916,1.002937,1.848364,0.681304,1.139041,2.092999,0.936869
6.2669,squat,face,,0.018399,0.000000,,,,,,,,,0.366323,0.236301,0.624023,,rest,0,0,debug,0.561119,0.580001,0.120071,0.577637,5,0.601241,0.679143,0.942361,0.574313,0.627451,1.260303,1.735592,-0.0333,0.906997,1.674570,0.675014,1.009858,1.848364,0.678145,1.139041,2.092999,0.884283
6.3003,squat,face,,0.018399,0.000000,,,,,,,,,0.366403,0.242410,0.583008,,rest,0,0,debug,0.561119,0.580001,0.116835,0.553223,5,0.598655,0.675228,0.941944,0.576576,0.627451,1.260303,1.735592,-0.0333,0.906997,1.674570,0.678145,1.002937,1.848364,0.675014,1.130241,2.092999,0.878970
6.3336,squat,face,,0.018399,0.000000,,,,,,,,,0.364610,0.236238,0.597168,,rest,0,0,debug,0.561119,0.580001,0.117061,0.591309,5,0.595450,0.671248,0.942361,0.576576,0.627451,1.260303,1.735592,-0.0333,0.906997,1.674570,0.691425,1.009858,1.848364,0.675014,1.139041,2.062437,0.857621
6.3669,squat,face,,0.018399,0.000000,,,,,,,,,0.362740,0.234080,0.570801,,rest,0,0,debug,0.561119,0.580001,0.122201,0.559570,5,0.592274,0.667350,0.942292,0.579184,0.627451,1.260303,1.735592,-0.0333,0.906997,1.674570,0.691425,1.009858,1.848364,0.678145,1.130241,2.092999,0.863406
6.4003,squat,face,,0.018399,0.000000,,,,,,,,,0.362449,0.240325,0.567871,,rest,0,0,debug,0.561119,0.580001,0.118030,0.557617,5,0.590058,0.665064,0.941111,0.579184,0.627451,1.271256,1.735592,-0.0333,0.906997,1.674570,0.691425,1.009858,1.848364,0.681304,1.139041,2.092999,0.878970
6.4336,squat,face,,0.018399,0.000000,,,,,,,,,0.361247,0.269434,0.549805,,rest,0,0,debug,0.561119,0.580001,0.122474,0.508789,5,0.587498,0.662068,0.940486,0.576576,0.630151,1.260303,1.735592,-0.0333,0.906997,1.674570,0.684949,1.009858,1.848364,0.684949,1.139041,2.092999,0.901407
6.4669,squat,face,,0.018399,0.000000,,,,,,,,,0.359222,0.266427,0.612305,,rest,0,0,debug,0.561119,0.580001,0.128111,0.534180,5,0.584741,0.659553,0.940069,0.579184,0.630151,1.260303,1.735592,-0.0333,0.912656,1.693958,0.688171,1.002937,1.848364,0.684949,1.139041,2.092999,0.936869
6.5003,squat,face,,0.018399,0.000000,,,,,,,,,0.359299,0.216916,0.579590,,rest,0,0,debug,0.561119,0.580001,0.130594,0.541992,5,0.582546,0.657838,0.941181,0.576576,0.632880,1.260303,1.735592,-0.0333,0.906997,1.674570,0.691425,1.002937,1.848364,0.688171,1.139041,2.092999,0.981783
6.5336,squat,face,,0.018399,0.000000,,,,,,,,,0.358446,,0.468994,,rest,0,0,debug,0.561119,0.580001,0.137621,0.404297,5,0.580566,0.656882,0.941181,0.576576,0.632880,1.260303,1.735592,0.0000,0.906997,1.674570,0.691425,1.002937,1.848364,0.688171,1.139041,2.092999,0.981783
6.5670,squat,face,,0.018399,0.000000,,,,,,,,,0.357049,0.153527,0.631836,,rest,0,0,debug,0.561119,0.580001,0.142603,0.585449,5,0.578387,0.656015,0.941181,0.576576,0.632880,1.260303,1.715243,-0.0333,0.906997,1.674570,0.684949,1.009858,1.848364,0.698021,1.139041,2.092999,1.087048
6.6003,squat,face,,0.018399,0.000000,,,,,,,,,0.358379,0.184031,0.667969,,rest,0,0,debug,0.561119,0.580001,0.146989,0.648926,5,0.576766,0.656325,0.939792,0.569838,0.636024,1.248775,1.715243,-0.0333,0.901407,1.674570,0.691425,1.009858,1.848364,0.701848,1.147982,2.092999,1.248775
6.6336,squat,face,,0.018399,0.000000,,,,,,,,,0.362442,0.143562,0.679688,,rest,0,0,debug,0.561119,0.580001,0.144699,0.613281,5,0.574751,0.653548,0.941042,0.558647,0.630151,1.238210,1.693958,-0.0333,0.906997,1.674570,0.749634,1.009858,1.825311,0.715581,1.130241,2.062437,1.801231
6.6670,squat,face,,0.018399,0.000000,,,,,,,,,0.363376,0.162393,0.658691,,rest,0,0,debug,0.561119,0.580001,0.150207,0.509277,5,0.570253,0.644025,0.940347,0.539515,0.636024,1.227082,1.674570,-0.0333,0.901407,1.655612,0.863406,1.009858,1.825311,0.723163,1.130241,2.062437,1.825311
6.7003,squat,face,,0.018399,0.000000,,,,,,,,,0.365406,,0.513672,,rest,0,0,debug,0.561119,0.580001,0.152529,0.439453,5,0.570313,0.637033,0.940625,0.516129,0.627451,1.186558,1.635777,-0.0333,0.906997,1.655612,0.827806,1.009858,1.801231,0.737749,1.139041,2.062437,1.039594
6.7336,squat,face,,0.018399,0.000000,,,,,,,,,0.366641,0.150317,0.459229,,rest,0,0,debug,0.561119,0.580001,0.162144,0.393799,5,0.569930,0.630176,0.940694,0.496122,0.622113,1.139041,1.598750,-0.0333,0.906997,1.655612,0.795647,1.009858,1.801231,0.769925,1.139041,2.062437,0.975238
6.7670,squat,face,,0.018399,0.000000,,,,,,,,,0.366354,0.150410,0.607910,,rest,0,0,debug,0.561119,0.580001,0.167611,0.517090,5,0.567242,0.619430,0.941319,0.487619,0.616494,1.087048,1.530643,-0.0333,0.906997,1.655612,0.765894,1.002937,1.779320,0.778115,1.139041,2.062437,0.878970
6.8003,squat,face,,0.018399,0.000000,,,,,,,,0.470271,0.365918,0.137679,0.664551,,rest,0,0,debug,0.561119,0.580001,0.168950,0.626953,5,0.564302,0.607760,0.939514,0.483018,0.622113,1.047035,1.438202,-0.0333,0.906997,1.635777,0.726757,1.009858,1.756431,0.765894,1.139041,2.062437,0.809485
6.8336,squat,face,0.007715,0.015194,0.584216,0.513037,0.415946,0.065876,0.117114,0.584216,0.007715,4,0.485171,0.365339,0.041301,0.782715,,rest,0,0,debug,0.561119,0.580001,0.178503,0.665039,5,0.561304,0.596664,0.937917,0.484390,0.616494,0.996105,1.356291,-0.0333,0.906997,1.635777,0.691425,1.009858,1.735592,0.749634,1.139041,2.032753,0.749634
6.8670,squat,face,0.007536,0.012896,0.611575,0.499547,0.414498,0.065107,0.115746,0.611575,0.007536,4,0.490238,0.362060,0.090152,0.753418,,rest,0,0,debug,0.561119,0.580001,0.186500,0.639160,5,0.558111,0.585709,0.936250,0.486228,0.603418,0.942910,1.282403,-0.0333,0.906997,1.617693,0.656410,1.009858,1.693958,0.726757,1.139041,2.003906,0.698021
6.9003,squat,face,0.008073,0.011449,0.660514,0.497659,0.413611,0.067388,0.119801,0.660514,0.008073,4,0.495386,0.360812,0.036753,0.783691,,rest,0,0,debug,0.561119,0.580001,0.188707,0.601074,5,0.553753,0.575878,0.932431,0.486228,0.565121,0.884283,1.054583,-0.0333,0.906997,1.598750,0.641603,1.009858,1.546818,0.701848,1.139041,1.923004,0.638802
6.9336,squat,face,0.008630,0.010603,0.781875,0.494172,0.412115,0.069673,0.123863,0.781875,0.008630,4,0.494910,0.357249,0.036074,0.758301,,rest,0,0,debug,0.561119,0.580001,0.202133,0.578613,5,0.548030,0.567720,0.932431,0.486228,0.565121,0.884283,1.054583,0.0000,0.906997,1.598750,0.641603,1.009858,1.546818,0.701848,1.139041,1.923004,0.638802
6.9670,squat,face,0.009297,0.010211,0.818189,0.481651,0.400837,0.072314,0.128558,0.818189,0.009297,4,0.496883,0.350489,,0.781738,,rest,0,0,debug,0.561119,0.580001,0.210507,0.561523,5,0.542418,0.561138,0.930069,0.489484,0.527563,0.827806,0.962404,0.0000,0.906997,1.564550,0.632880,1.002937,1.002937,0.675014,1.130241,1.735592,0.583808
7.0003,squat,face,0.011770,0.010679,0.815499,0.481634,0.392188,0.081366,0.144650,0.815499,0.011770,4,0.498331,0.346618,,0.719238,,rest,0,0,debug,0.561119,0.580001,0.222564,0.476318,5,0.533862,0.550820,0.925972,0.470156,0.487619,0.787087,0.868532,0.0000,0.895888,0.737749,0.613908,0.989371,0.925022,0.641603,1.130241,1.271256,0.525667
7.0336,squat,face,0.014535,0.011836,0.839108,0.474516,0.382282,0.090420,0.160746,0.839108,0.014535,4,0.500196,0.342945,,0.721191,,rest,0,0,debug,0.561119,0.580001,0.238139,0.430664,5,0.521931,0.534858,0.925139,0.436860,0.453498,0.734050,0.795647,0.0000,0.857621,0.510468,0.588505,0.925022,0.884283,0.608799,1.104041,0.769925,0.474953
7.0670,squat,face,0.017707,0.013597,0.881671,0.469739,0.367530,0.099799,0.177421,0.881671,0.017707,4,,,,,,rest,0,0,debug,0.561119,0.580001,,,,0.508303,0.515620,0.916667,0.360563,0.369940,0.608799,0.698021,-0.0333,0.778115,0.395672,0.523785,0.832520,0.799998,0.545841,1.024511,0.408293,0.425249
7.1003,squat,face,0.019643,0.015411,0.891036,0.465983,0.355887,0.105115,0.186872,0.891036,0.019643,4,0.502806,0.329320,,0.800781,,rest,0,0,debug,0.561119,0.580001,0.270381,0.392090,5,0.496293,0.511435,0.912292,0.323028,0.334421,0.549945,0.681304,-0.0333,0.730385,0.365193,0.498053,0.791345,0.745812,0.516129,0.962404,0.365193,0.354325
7.1336,squat,face,0.024082,0.018012,0.883883,0.458956,0.345653,0.116387,0.206911,0.883883,0.024082,4,0.505198,0.322466,,0.791504,,rest,0,0,debug,0.561119,0.580001,0.285807,0.442139,5,0.485392,0.523026,0.912292,0.323028,0.334421,0.549945,0.681304,0.0000,0.730385,0.365193,0.498053,0.791345,0.745812,0.516129,0.962404,0.365193,0.354325
7.1670,squat,face,0.024896,0.020077,0.858664,0.455017,0.328955,0.118339,0.210380,0.858664,0.024896,4,0.504629,0.313576,,0.776367,,rest,0,0,debug,0.561119,0.580001,0.302165,0.385986,5,0.475581,0.528495,0.909028,0.291904,0.303137,0.508692,0.659367,0.0000,0.684949,0.523785,0.476279,0.745812,0.701848,0.486228,0.918383,0.329683,0.311815
7.2003,squat,face,0.027143,0.022197,0.855816,0.455413,0.329441,0.123563,0.219667,0.855816,0.027143,4,,,,,,rest,0,0,debug,0.561119,0.580001,,,,0.468093,0.532307,0.898750,0.252590,0.262429,0.462511,0.619105,-0.0333,0.298716,0.624771,0.449516,0.342475,0.656410,0.460846,0.799998,0.277657,0.388172
7.2336,squat,face,0.030083,0.024563,0.862919,0.452978,0.316943,0.130083,0.231258,0.862919,0.030083,4,0.506268,0.298595,,0.796875,,rest,0,0,debug,0.561119,0.580001,0.339008,0.413330,5,0.462390,0.533580,0.898750,0.252590,0.262429,0.462511,0.619105,0.0000,0.298716,0.624771,0.449516,0.342475,0.656410,0.460846,0.799998,0.277657,0.388172
7.2670,squat,face,0.030356,0.026301,0.868559,0.448903,0.321632,0.130672,0.232306,0.868559,0.030356,4,,,,,,rest,0,0,debug,0.561119,0.580001,,,,0.459408,0.534440,0.897361,0.250857,0.257675,0.459605,0.611343,-0.0333,0.277657,0.593623,0.446382,0.321608,0.641603,0.460846,0.791345,0.272340,0.434266
7.3003,squat,face,0.033479,0.028454,0.869963,0.445072,0.309247,0.137229,0.243963,0.869963,0.033479,4,,,,,,rest,0,0,debug,0.561119,0.580001,,,,0.463701,0.535637,0.902708,0.262429,0.268766,0.473197,0.619105,-0.0333,0.632880,0.516129,0.456734,0.335297,0.659367,0.468435,0.813990,0.286673,0.443674
7.3337,squat,face,0.031099,0.029248,0.880285,0.445948,0.317979,0.132262,0.235132,0.880285,0.031099,4,,,,,,rest,0,0,debug,0.561119,0.580001,,,,0.474415,0.538159,0.905139,0.281628,0.289592,0.496122,0.630151,-0.0333,0.688171,0.309740,0.468435,0.361582,0.678145,0.481202,0.857621,0.309740,0.457961
7.3670,squat,face,0.028194,0.028932,0.854389,0.444369,0.333072,0.125933,0.223881,0.854389,0.028194,4,,,,,,rest,0,0,debug,0.561119,0.580001,,,,0.488170,0.539142,0.909653,0.307692,0.315269,0.527563,0.656410,-0.0333,0.730385,0.326738,0.486228,0.392336,0.705234,0.496122,0.918383,0.336840,0.474953
7.4003,squat,face,0.026595,0.028231,0.802523,0.443239,0.327575,0.122309,0.217439,0.802523,0.026595,4,,,,,,rest,0,0,debug,0.561119,0.580001,,,,0.505091,0.542047,0.914722,0.338400,0.345712,0.562946,0.675014,-0.0333,0.773996,0.357043,0.514314,0.719101,0.737749,0.519797,0.949027,0.367288,0.506928
7.4337,squat,face,0.021685,0.026267,0.803435,0.446656,0.347783,0.110444,0.196345,0.803435,0.021685,4,,,,,,rest,0,0,debug,0.561119,0.580001,,,,0.522804,0.543119,0.922292,0.401252,0.412902,0.668842,0.719101,-0.0667,0.842797,0.434266,0.569838,0.791345,0.809485,0.574313,1.024511,0.435743,0.562946
7.5003,squat,face,0.017646,0.021870,0.884160,0.454682,0.377795,0.099630,0.177120,0.884160,0.017646,4,0.516284,0.342918,,0.742188,,rest,0,0,debug,0.561119,0.580001,0.260547,0.461914,5,0.561256,0.539557,0.922292,0.401252,0.412902,0.668842,0.719101,0.0000,0.842797,0.434266,0.569838,0.791345,0.809485,0.574313,1.024511,0.435743,0.562946
7.5337,squat,face,0.015384,0.019924,0.886641,0.458743,0.388775,0.093024,0.165375,0.886641,0.015384,4,0.513498,0.352913,,0.736328,,rest,0,0,debug,0.561119,0.580001,0.243166,0.471191,5,0.578541,0.552868,0.925278,0.427736,0.439485,0.715581,0.753495,0.0000,0.868532,0.627451,0.596042,0.857621,0.837971,0.603418,1.062792,0.474953,0.590881
7.5670,squat,face,0.014749,0.018372,0.868840,0.458598,0.393445,0.091083,0.161925,0.868840,0.014749,4,0.511524,0.359493,,0.755371,,rest,0,0,debug,0.561119,0.580001,0.232033,0.496094,5,0.595156,0.586942,0.929722,0.447944,0.465454,0.761338,0.823150,0.0000,0.890435,0.694708,0.611343,0.942910,0.863406,0.632880,1.112438,0.723163,0.606275
7.6003,squat,face,0.014217,0.017125,0.848367,0.461077,0.393716,0.089427,0.158982,0.848367,0.014217,4,0.509965,0.365704,,0.813965,,rest,0,0,debug,0.561119,0.580001,0.219871,0.542969,5,0.607715,0.618648,0.931042,0.462511,0.490891,0.795026,0.894320,0.0000,0.948147,0.790122,0.618731,1.008370,0.929219,0.664934,1.076760,0.790122,0.581156
7.6337,squat,face,0.012516,0.015742,0.869402,0.465137,0.407630,0.083907,0.149168,0.869402,0.012516,4,0.508208,0.369551,0.030186,0.848145,,rest,0,0,debug,0.561119,0.580001,0.210033,0.582031,5,0.618933,0.647515,0.930833,0.471455,0.504929,0.841410,1.000977,0.0000,0.948147,1.708085,0.603062,1.008370,1.037485,0.687710,1.068888,1.155103,0.600585
7.6670,squat,face,0.011811,0.014563,0.878898,0.468404,0.413880,0.081508,0.144904,0.878898,0.011811,4,0.508238,0.375350,0.053854,0.897461,,rest,0,0,debug,0.561119,0.580001,0.204440,0.620605,5,0.630210,0.672791,0.933194,0.476279,0.517695,0.888884,1.291297,0.0000,0.948147,1.771624,0.624387,1.008370,1.648953,0.711603,1.068888,1.302796,0.641202
7.7003,squat,face,0.011002,0.013495,0.870805,0.470244,0.413938,0.078668,0.139854,0.870805,0.011002,4,0.505573,0.379904,0.076520,0.870117,,rest,0,0,debug,0.561119,0.580001,0.200931,0.657227,5,0.639816,0.693331,0.936111,0.476279,0.533333,0.942041,1.378196,0.0000,0.948147,1.794915,0.653060,1.015369,1.729724,0.733523,1.068888,1.669107,0.668407
7.7337,squat,face,0.009358,0.012254,0.856957,0.476495,0.418875,0.072554,0.128985,0.856957,0.009358,4,0.499882,0.384609,0.104321,0.847168,,rest,0,0,debug,0.561119,0.580001,0.196701,0.645996,5,0.646367,0.710100,0.938264,0.481202,0.547593,0.994175,1.478697,0.0000,0.948147,1.817209,0.680849,1.008370,1.771624,0.744725,1.068888,1.771624,0.687710
7.7670,squat,face,0.008741,0.011200,0.823246,0.478945,0.419735,0.070120,0.124658,0.823246,0.008741,4,0.497164,0.386302,0.120595,0.874023,,rest,0,0,debug,0.561119,0.580001,0.180039,0.651855,5,0.651313,0.722903,0.940764,0.482564,0.565121,1.052952,1.558600,0.0000,0.948147,1.817209,0.711603,1.008370,1.771624,0.756835,1.076760,1.840072,0.708160
7.8003,squat,face,0.008485,0.010385,0.867152,0.483845,0.427357,0.069084,0.122817,0.867152,0.008485,4,0.494582,0.385603,0.130818,0.881836,,rest,0,0,debug,0.561119,0.580001,0.180221,0.552246,5,0.657932,0.733942,0.940972,0.487619,0.581156,1.101668,1.576596,0.0000,0.942041,1.840072,0.677697,1.015369,1.794915,0.764749,1.068888,1.865207,0.661926
7.8337,squat,face,0.008114,0.009704,0.861220,0.487302,0.425356,0.067560,0.120107,0.861220,0.008114,4,0.490782,0.385415,0.140311,0.857910,,rest,0,0,debug,0.561119,0.580001,0.180431,0.607422,5,0.662536,0.740440,0.940764,0.494686,0.595695,1.136515,1.576596,0.0000,0.948147,1.840072,0.621734,1.008370,1.817209,0.752940,1.068888,1.865207,0.613541
7.8670,squat,face,0.007450,0.009028,0.834439,0.491345,0.428147,0.064734,0.115083,0.834439,0.007450,4,0.486424,0.384906,0.154441,0.898926,,rest,0,0,debug,0.561119,0.580001,0.175111,0.647461,5,0.664099,0.745626,0.940972,0.503193,0.605917,1.136515,1.593774,0.0000,0.948147,1.840072,0.641202,1.008370,1.817209,0.729864,1.068888,1.865207,0.638400
7.9003,squat,face,0.006693,0.008327,0.802219,0.498047,0.436787,0.061357,0.109080,0.802219,0.006693,4,0.483493,0.384741,0.163777,0.903809,,rest,0,0,debug,0.561119,0.580001,0.168793,0.665527,5,0.661003,0.745966,0.938681,0.515869,0.613541,1.136515,1.612598,0.0000,0.942041,1.840072,0.655990,1.008370,1.817209,0.722144,1.076760,1.889295,0.658944
7.9337,squat,face,0.006972,0.007921,0.858664,0.503024,0.436850,0.062624,0.111331,0.858664,0.006972,4,0.481198,0.383769,0.186023,0.890625,,rest,0,0,debug,0.561119,0.580001,0.162006,0.673340,5,0.659533,0.745992,0.938542,0.527291,0.616124,1.136515,1.612598,0.0000,0.948147,1.840072,0.674571,1.008370,1.817209,0.715084,1.068888,1.865207,0.680849
7.9670,squat,face,0.006563,0.007513,0.849517,0.506060,0.435226,0.060760,0.108018,0.849517,0.006563,4,0.472913,0.381796,0.192198,0.905273,,rest,0,0,debug,0.561119,0.580001,0.157164,0.667480,5,0.657916,0.745359,0.938056,0.537251,0.618731,1.146050,1.630572,0.0000,0.948147,1.840072,0.684034,1.008370,1.840072,0.704263,1.068888,1.889295,0.700890
8.0003,squat,face,0.006749,0.007284,0.792420,0.510927,0.434659,0.061615,0.109538,0.792420,0.006749,4,0.470747,0.378341,0.144022,0.910156,,rest,0,0,debug,0.561119,0.580001,0.153729,0.697754,5,0.655353,0.743904,0.939306,0.545551,0.621734,1.155103,1.630572,0.0000,0.948147,1.840072,0.687710,1.008370,1.840072,0.700890,1.068888,1.889295,0.718596
8.0337,squat,face,0.006443,0.007032,0.854103,0.515158,0.434703,0.060201,0.107024,0.854103,0.006443,4,0.465272,0.376917,0.167541,0.857910,,rest,0,0,debug,0.561119,0.580001,0.154869,0.676758,5,0.652557,0.738599,0.940903,0.551723,0.624387,1.164298,1.648953,0.0000,0.948147,1.840072,0.694236,1.008370,1.840072,0.697548,1.068888,1.889295,0.733523
8.0670,squat,face,0.006060,0.006740,0.870805,0.519325,0.438241,0.058383,0.103792,0.870805,0.006060,4,0.460161,0.374851,0.196639,0.905762,,rest,0,0,debug,0.561119,0.580001,0.153594,0.690430,5,0.650493,0.732646,0.940069,0.554109,0.624387,1.174307,1.688375,0.0000,0.948147,1.840072,0.684034,1.008370,1.840072,0.694236,1.076760,1.889295,0.749084
8.1004,squat,face,0.006041,0.006530,0.829451,0.522050,0.435847,0.058291,0.103629,0.829451,0.006041,4,0.458839,0.372978,0.197360,0.916504,,rest,0,0,debug,0.561119,0.580001,0.151960,0.674805,5,0.649584,0.725807,0.940139,0.556219,0.621734,1.194168,1.688375,0.0000,0.942041,1.840072,0.687710,1.008370,1.840072,0.687710,1.076760,1.889295,0.777525
8.1337,squat,face,0.007163,0.006720,0.835901,0.524907,0.433323,0.063474,0.112843,0.835901,0.007163,4,0.457472,0.371774,0.206656,0.904297,,rest,0,0,debug,0.561119,0.580001,0.154272,0.706543,5,0.647695,0.718287,0.940417,0.556219,0.621734,1.213989,1.688375,0.0000,0.942041,1.840072,0.694236,1.008370,1.840072,0.680849,1.076760,1.889295,0.773409
8.1670,squat,face,0.006753,0.006730,0.869121,0.527190,0.437292,0.061632,0.109567,0.869121,0.006753,4,0.455279,0.371631,0.215958,0.887695,,rest,0,0,debug,0.561119,0.580001,0.152764,0.698242,5,0.645698,0.711839,0.940903,0.558342,0.618731,1.213989,1.688375,0.0000,0.948147,1.840072,0.690958,1.008370,1.840072,0.674571,1.068888,1.889295,0.777525
8.2004,squat,face,0.006396,0.006630,0.866871,0.529271,0.436024,0.059982,0.106634,0.866871,0.006396,4,0.452783,0.370367,0.216343,0.850586,,rest,0,0,debug,0.561119,0.580001,0.149769,0.696777,5,0.643101,0.704936,0.940000,0.558342,0.618731,1.213989,1.688375,0.0000,0.948147,1.840072,0.690958,1.008370,1.840072,0.674571,1.076760,1.889295,0.773409
8.2337,squat,face,0.006115,0.006475,0.860085,0.531518,0.438204,0.058648,0.104262,0.860085,0.006115,4,0.451011,0.369888,0.216459,0.807617,,rest,0,0,debug,0.561119,0.580001,0.149242,0.667969,5,0.640843,0.698709,0.939375,0.556219,0.618731,1.224876,1.708085,0.0000,0.948147,1.840072,0.697548,1.008370,1.840072,0.671475,1.068888,1.889295,0.777525
8.2670,squat,face,0.006287,0.006419,0.853817,0.532060,0.435643,0.059469,0.105723,0.853817,0.006287,4,0.449492,0.370308,0.219668,0.819824,,rest,0,0,debug,0.561119,0.580001,0.150739,0.636230,5,0.637922,0.692452,0.939583,0.558342,0.618731,1.213989,1.708085,0.0000,0.948147,1.840072,0.700890,1.008370,1.840072,0.671475,1.068888,1.889295,0.773409
8.3004,squat,face,0.005867,0.006253,0.849517,0.531628,0.437595,0.057446,0.102127,0.849517,0.005867,4,0.449664,0.370906,,0.814941,,rest,0,0,debug,0.561119,0.580001,0.143390,0.593750,5,0.635100,0.687541,0.939306,0.558342,0.616124,1.224876,1.688375,0.0000,0.948147,1.840072,0.694236,1.008370,1.840072,0.674571,1.068888,1.889295,0.768767
8.3337,squat,face,0.006383,0.006292,0.846639,0.530901,0.435760,0.059922,0.106528,0.846639,0.006383,4,0.452789,0.373092,0.246415,0.841797,,rest,0,0,debug,0.561119,0.580001,0.143425,0.625000,5,0.632214,0.683589,0.938819,0.556219,0.616124,1.213989,1.688375,0.0000,0.948147,1.840072,0.694236,1.008370,1.840072,0.674571,1.060587,1.889295,0.764749
8.3670,squat,face,0.006026,0.006212,0.835317,0.530993,0.438150,0.058221,0.103504,0.835317,0.006026,4,0.455242,0.375674,0.253847,0.890137,,rest,0,0,debug,0.561119,0.580001,0.141469,0.617676,5,0.628646,0.679651,0.939167,0.556219,0.618731,1.213989,1.688375,0.0000,0.948147,1.840072,0.694236,1.008370,1.840072,0.677697,1.076760,1.889295,0.756835
8.4004,squat,face,0.005753,0.006075,0.845484,0.528451,0.441746,0.056887,0.101133,0.845484,0.005753,4,0.456617,0.377048,0.260578,0.906738,,rest,0,0,debug,0.561119,0.580001,0.140668,0.596191,5,0.625511,0.676090,0.938958,0.556219,0.616124,1.203997,1.669107,0.0000,0.948147,1.840072,0.694236,1.008370,1.840072,0.677697,1.068888,1.889295,0.760772
8.4337,squat,face,0.005734,0.005973,0.818189,0.526964,0.443231,0.056793,0.100966,0.818189,0.005734,4,0.457662,0.379268,0.255202,0.907715,,rest,0,0,debug,0.561119,0.580001,0.142536,0.597168,5,0.622688,0.672550,0.939861,0.556219,0.616124,1.203997,1.669107,0.0000,0.942041,1.840072,0.697548,1.008370,1.840072,0.677697,1.068888,1.889295,0.752940
8.4670,squat,face,0.005249,0.005755,0.799475,0.522134,0.439899,0.054335,0.096596,0.799475,0.005249,4,0.458987,0.381753,0.251530,0.909668,,rest,0,0,debug,0.561119,0.580001,0.140752,0.512695,5,0.619894,0.670351,0.939306,0.554109,0.616124,1.194168,1.648953,0.0000,0.948147,1.840072,0.694236,1.008370,1.840072,0.680849,1.060587,1.889295,0.752940
8.5004,squat,face,0.005414,0.005653,0.811297,0.519986,0.445470,0.055183,0.098102,0.811297,0.005414,4,0.465085,0.383973,0.236619,0.858887,,rest,0,0,debug,0.561119,0.580001,0.139454,0.594727,5,0.618121,0.669700,0.939306,0.558342,0.618731,1.194168,1.648953,0.0000,0.948147,1.840072,0.694236,1.015369,1.840072,0.680849,1.076760,1.889295,0.777525
8.5337,squat,face,0.005333,0.005557,0.802219,0.516696,0.442894,0.054768,0.097366,0.802219,0.005333,4,0.469513,0.385478,0.230422,0.894531,,rest,0,0,debug,0.561119,0.580001,0.145596,0.585449,5,0.618498,0.672513,0.938542,0.556219,0.621734,1.183815,1.630572,0.0000,0.942041,1.840072,0.690958,1.008370,1.840072,0.687710,1.068888,1.889295,0.803767
8.5670,squat,face,0.005071,0.005411,0.715686,0.512693,0.435906,0.053410,0.094951,0.715686,0.005071,4,0.472970,0.387964,0.221178,0.882812,,rest,0,0,debug,0.561119,0.580001,0.153892,0.619141,5,0.618695,0.677057,0.939028,0.554109,0.621734,1.194168,1.630572,0.0000,0.942041,1.840072,0.687710,1.008370,1.840072,0.687710,1.068888,1.889295,0.872231
8.6004,squat,face,0.005065,0.005307,0.798558,0.509314,0.438162,0.053379,0.094896,0.798558,0.005065,4,0.481924,0.388729,0.202302,0.844727,,rest,0,0,debug,0.561119,0.580001,0.156497,0.579102,5,0.615057,0.681169,0.938194,0.549649,0.618731,1.183815,1.612598,0.0000,0.948147,1.817209,0.680849,1.008370,1.817209,0.687710,1.068888,1.865207,1.044894
8.6337,squat,face,0.005323,0.005312,0.804043,0.503282,0.436621,0.054721,0.097281,0.804043,0.005323,4,0.484452,0.391852,0.203757,0.823242,,rest,0,0,debug,0.561119,0.580001,0.158968,0.676270,5,0.613659,0.686987,0.938333,0.545551,0.618731,1.164298,1.612598,0.0000,0.942041,1.817209,0.674571,1.008370,1.817209,0.690958,1.068888,1.865207,1.612598
8.6670,squat,face,0.004873,0.005180,0.795802,0.495079,0.431379,0.052355,0.093075,0.795802,0.004873,4,0.496249,0.394720,0.197990,0.874023,,rest,0,0,debug,0.561119,0.580001,0.153911,0.629883,5,0.614360,0.690935,0.938056,0.533333,0.618731,1.146050,1.593774,0.0000,0.942041,1.817209,0.674571,1.008370,1.817209,0.697548,1.068888,1.865207,1.648953
8.7004,squat,face,0.005036,0.005137,0.814301,0.489919,0.433541,0.053225,0.094622,0.814301,0.005036,4,0.499120,0.398575,0.196223,0.842285,,rest,0,0,debug,0.561119,0.580001,0.159252,0.695801,5,0.616907,0.689184,0.938681,0.519797,0.610974,1.127747,1.558600,0.0000,0.942041,1.817209,0.694236,1.008370,1.794915,0.704263,1.068888,1.840072,1.669107
8.7337,squat,face,0.005544,0.005259,0.815200,0.480933,0.423294,0.055842,0.099275,0.815200,0.005544,4,0.510043,0.401117,0.178183,0.871582,,rest,0,0,debug,0.561119,0.580001,0.162784,0.688477,5,0.616550,0.679623,0.937500,0.501469,0.600585,1.110027,1.493797,0.0000,0.948147,1.794915,0.803767,1.008370,1.771624,0.711603,1.076760,1.840072,1.593774
8.7670,squat,face,0.005616,0.005366,0.790261,0.474785,0.425510,0.056204,0.099919,0.790261,0.005616,4,0.512894,0.407329,0.176249,0.815918,,rest,0,0,debug,0.561119,0.580001,0.169087,0.663086,5,0.613175,0.665102,0.938542,0.487619,0.588168,1.060587,1.378196,0.0000,0.948147,1.794915,0.799375,1.008370,1.688375,0.715084,1.076760,1.817209,0.911843
8.8004,squat,face,0.006871,0.005818,0.688210,0.463589,0.404996,0.062169,0.110523,0.688210,0.006871,4,0.523101,0.408394,0.149402,0.839844,,rest,0,0,debug,0.561119,0.580001,0.172469,0.667969,5,0.608888,0.648027,0.938819,0.478057,0.581156,1.022465,1.291297,0.0000,0.942041,1.794915,0.768767,1.008370,1.302796,0.729864,1.076760,1.817209,0.799375
8.8337,squat,face,0.008346,0.006576,0.592103,0.461720,0.397217,0.068518,0.121810,0.592103,0.008346,4,0.533575,0.408822,0.135546,0.750488,,rest,0,0,debug,0.561119,0.580001,0.174027,0.648438,5,0.602383,0.628727,0.937708,0.468435,0.567312,0.973377,1.093433,0.0000,0.948147,1.771624,0.737220,1.008370,1.084739,0.749084,1.068888,1.817209,0.740954
8.8671,squat,face,0.011136,0.007944,0.604952,0.455180,0.374985,0.079146,0.140703,0.604952,0.011136,4,0.538972,0.408499,0.123720,0.794922,,rest,0,0,debug,0.561119,0.580001,0.181728,0.621582,5,0.594257,0.607996,0.937083,0.470156,0.556219,0.923352,1.015369,0.0000,0.942041,1.750427,0.694236,1.008370,1.015369,0.737220,1.068888,1.817209,0.690958
8.9004,squat,face,0.012346,0.009265,0.656994,0.437857,0.389893,0.083335,0.148151,0.656994,0.012346,4,0.546719,0.406173,0.105276,0.776855,,rest,0,0,debug,0.561119,0.580001,0.187941,0.574219,5,0.585783,0.584769,0.933611,0.471455,0.537251,0.872231,0.883519,0.0000,0.948147,1.688375,0.684034,1.008370,0.911843,0.718596,1.068888,1.771624,0.638400
8.9337,squat,face,0.011564,0.009954,0.686789,0.438007,0.392065,0.080650,0.143378,0.686789,0.011564,4,0.554553,0.402287,0.055374,0.787598,,rest,0,0,debug,0.561119,0.580001,0.192789,0.559082,5,0.575933,0.558793,0.931597,0.471455,0.512256,0.822490,0.812693,0.0000,0.948147,0.803767,0.694236,0.994175,0.836601,0.694236,1.068888,1.750427,0.585812
8.9671,squat,face,0.011111,0.010302,0.652332,0.440527,0.395647,0.079057,0.140547,0.652332,0.011111,4,0.556617,0.398681,0.046642,0.808105,,rest,0,0,debug,0.561119,0.580001,0.193378,0.566406,5,0.565461,0.532716,0.927847,0.457961,0.484390,0.773409,0.749084,0.0000,0.929219,0.733523,0.668407,0.917560,0.808208,0.668407,1.068888,1.688375,0.533333
9.0004,squat,face,0.012319,0.010907,0.655692,0.435546,0.392800,0.083243,0.147987,0.655692,0.012319,4,0.560666,0.394141,,0.754395,,rest,0,0,debug,0.561119,0.580001,0.205242,0.466797,5,0.551931,0.504066,0.922778,0.435743,0.450704,0.722144,0.690958,0.0000,0.905393,0.605917,0.629765,0.846979,0.795026,0.632489,1.068888,1.448373,0.479399
9.0337,squat,face,0.012230,0.011304,0.730208,0.423815,0.377460,0.082941,0.147451,0.730208,0.012230,4,0.559512,0.384383,,0.762695,,rest,0,0,debug,0.561119,0.580001,0.218737,0.360840,5,0.537752,0.481502,0.916319,0.400313,0.409273,0.664934,0.646873,0.0000,0.861952,0.418985,0.600585,0.785877,0.756835,0.598130,1.060587,1.174307,0.432797
9.0671,squat,face,0.018205,0.013374,0.628312,0.428325,0.370541,0.101194,0.179900,0.628312,0.018205,4,0.567449,0.380367,,0.751953,,rest,0,0,debug,0.561119,0.580001,0.266278,0.185547,5,0.521909,0.481266,0.913681,0.359802,0.365193,0.600585,0.613541,0.0000,0.827139,0.374817,0.562637,0.740954,0.722144,0.560482,1.022465,0.386123,0.384962
9.1004,squat,face,0.015785,0.014097,0.668597,0.413414,0.370997,0.094229,0.167518,0.668597,0.015785,4,0.575139,0.377454,,0.719727,,rest,0,0,debug,0.561119,0.580001,0.244055,0.397949,5,0.508791,0.488178,0.909167,0.320200,0.323845,0.549649,0.590881,0.0000,0.773409,0.335958,0.533333,0.690958,0.687710,0.525398,0.966947,0.342475,0.331391
9.1337,squat,face,0.015286,0.014454,0.615950,0.401690,0.363242,0.092726,0.164847,0.615950,0.015286,4,0.576758,0.366175,,0.687988,,rest,0,0,debug,0.561119,0.580001,0.250161,0.424805,5,0.497687,0.503593,0.903264,0.282249,0.287317,0.504929,0.576252,0.0000,0.718596,0.300646,0.503193,0.349249,0.658944,0.492781,0.894320,0.304581,0.288449
9.1671,squat,face,0.016141,0.014960,0.692277,0.402047,0.362232,0.095286,0.169397,0.692277,0.016141,4,0.577946,0.357159,,0.666016,,rest,0,0,debug,0.561119,0.580001,0.273352,0.385498,5,0.487550,0.529333,0.893542,0.251845,0.256384,0.470156,0.583475,0.0000,0.638400,0.272485,0.481202,0.310491,0.629765,0.470156,0.799375,0.272050,0.255872
9.2004,squat,face,0.018055,0.015889,0.683225,0.397717,0.347690,0.100776,0.179158,0.683225,0.018055,4,,,,,,rest,0,0,debug,0.561119,0.580001,,,,0.476617,0.551644,0.877778,0.207792,0.210873,0.426311,0.556219,-0.0333,0.218990,0.235293,0.449121,0.258193,0.595695,0.438354,0.217872,0.222415,0.220310
9.2337,squat,face,0.020309,0.017215,0.690158,0.397801,0.341006,0.106882,0.190012,0.690158,0.020309,4,,,,,,rest,0,0,debug,0.561119,0.580001,,,,0.466856,0.564602,0.871944,0.193646,0.196923,0.416598,0.549649,-0.0333,0.203659,0.217686,0.442524,0.243344,0.585812,0.432797,0.197989,0.209664,0.214047
9.2671,squat,face,0.020346,0.018154,0.676582,0.389730,0.340335,0.106979,0.190185,0.676582,0.020346,4,,,,,,rest,0,0,debug,0.561119,0.580001,,,,0.461712,0.573744,0.872014,0.193646,0.198756,0.421399,0.556219,-0.0667,0.202212,0.210873,0.449121,0.239925,0.600585,0.439485,0.198756,0.214047,0.218990
9.3337,squat,face,0.020594,0.019399,0.684296,0.396409,0.352766,0.107631,0.191343,0.684296,0.020594,4,,,,,,rest,0,0,debug,0.561119,0.580001,,,,0.471392,0.585386,0.880903,0.206951,0.212801,0.435743,0.571747,-0.0333,0.216034,0.222802,0.462511,0.246153,0.616124,0.452294,0.215307,0.228164,0.230216
9.3671,squat,face,0.023154,0.020525,0.677484,0.400204,0.342207,0.114123,0.202886,0.677484,0.023154,4,0.572543,0.333199,,0.538574,,rest,0,0,debug,0.561119,0.580001,0.305567,0.193115,5,0.487084,0.590843,0.884375,0.224758,0.232094,0.459605,0.593279,-0.0333,0.239476,0.241282,0.479399,0.260560,0.646873,0.470156,0.250980,0.249999,0.250980
9.4004,squat,face,0.020139,0.020409,0.645182,0.402803,0.344838,0.106433,0.189215,0.645182,0.020139,4,,,,,,rest,0,0,debug,0.561119,0.580001,,,,0.508343,0.598638,0.892431,0.245209,0.254094,0.487619,0.616124,-0.0333,0.684034,0.264873,0.499512,0.282716,0.687710,0.494686,0.740954,0.275713,0.281628
9.4337,squat,face,0.017903,0.019658,0.634113,0.416568,0.357043,0.100352,0.178404,0.634113,0.017903,4,0.568309,0.347743,,0.567871,,rest,0,0,debug,0.561119,0.580001,0.282119,0.267822,5,0.532664,0.608088,0.898819,0.267922,0.279933,0.523517,0.644025,-0.0333,0.708160,0.295101,0.527291,0.310491,0.726241,0.521650,0.781679,0.305125,0.322418
9.4671,squat,face,,0.019658,0.000000,,,,,,,,0.560432,0.357446,,0.642090,,rest,0,0,debug,0.561119,0.580001,0.273177,0.392090,5,0.557663,0.613634,0.898819,0.267922,0.279933,0.523517,0.644025,0.0000,0.708160,0.295101,0.527291,0.310491,0.726241,0.521650,0.781679,0.305125,0.322418
9.5004,squat,face,,0.019658,0.000000,,,,,,,,0.554203,0.363309,,0.636719,,rest,0,0,debug,0.561119,0.580001,0.264773,0.371094,5,0.583150,0.615907,0.906736,0.292571,0.307692,0.567312,0.653060,0.0000,0.737220,0.329049,0.551723,0.345013,0.756835,0.551723,0.846979,0.337729,0.379820
9.5337,squat,face,0.014558,0.018128,0.586510,0.447839,0.372719,0.090492,0.160874,0.586510,0.014558,4,,,,,,rest,0,0,debug,0.561119,0.580001,,,,0.608229,0.614191,0.917778,0.349249,0.377025,0.680849,0.700890,-0.0333,0.846979,0.392336,0.608436,0.867062,0.831844,0.613541,0.980837,0.410585,0.459605
9.5671,squat,face,,0.018128,0.000000,,,,,,,,,,,,,rest,0,0,debug,0.561119,0.580001,,,,0.630818,0.618499,0.921528,0.377860,0.412902,0.737220,0.799375,-0.0333,0.917560,0.425249,0.632489,0.980837,0.861952,0.641202,1.044894,0.452294,0.494686
9.6004,squat,face,,0.018128,0.000000,,,,,,,,0.541778,0.382351,,0.471924,,rest,0,0,debug,0.561119,0.580001,0.244432,0.381592,5,0.651523,0.660349,0.926042,0.405705,0.440998,0.785877,0.905393,-0.0333,0.942041,0.481202,0.658944,1.008370,0.973377,0.671475,1.076760,0.773409,0.537251
9.6338,squat,face,,0.018128,0.000000,,,,,,,,,0.386328,,0.410889,,rest,0,0,debug,0.561119,0.580001,0.235451,0.391846,5,0.666848,0.698208,0.930417,0.427736,0.463766,0.841410,1.279198,-0.0333,0.948147,0.827139,0.668407,1.008370,1.688375,0.694236,1.068888,1.164298,0.581156
9.6671,squat,face,,0.018128,0.000000,,,,,,,,,0.390708,,0.545410,,rest,0,0,debug,0.561119,0.580001,0.225243,0.400391,5,0.677353,0.725078,0.933889,0.449121,0.489484,0.894320,1.392246,-0.0333,0.942041,1.729724,0.653060,1.015369,1.771624,0.718596,1.068888,1.593774,0.613541
9.7004,squat,face,,0.018128,0.000000,,,,,,,,,0.393295,0.070863,0.654297,,rest,0,0,debug,0.561119,0.580001,0.214182,0.614746,5,0.683871,0.742936,0.937847,0.465454,0.506679,0.948147,1.509210,-0.0333,0.942041,1.771624,0.644025,1.008370,1.771624,0.733523,1.068888,1.771624,0.641202
9.7338,squat,face,,0.018128,0.000000,,,,,,,,,0.395086,0.085512,0.677246,,rest,0,0,debug,0.561119,0.580001,0.198917,0.638672,5,0.686421,0.753147,0.940903,0.481202,0.525398,1.008370,1.558600,-0.0333,0.942041,1.794915,0.649744,1.008370,1.794915,0.744725,1.076760,1.840072,0.655990
9.7671,squat,face,,0.018128,0.000000,,,,,,,,,0.394974,0.108572,0.664062,,rest,0,0,debug,0.561119,0.580001,0.198426,0.583008,5,0.687272,0.758533,0.941389,0.496122,0.545551,1.052952,1.576596,-0.0333,0.948147,1.817209,0.632489,1.008370,1.817209,0.756835,1.068888,1.865207,0.598130
9.8004,squat,face,,0.018128,0.000000,,,,,,,,,0.398630,0.123723,0.662109,,rest,0,0,debug,0.561119,0.580001,0.185671,0.521484,5,0.689137,0.761593,0.942639,0.504929,0.567312,1.084739,1.593774,-0.0333,0.948147,1.817209,0.605917,1.008370,1.817209,0.760772,1.068888,1.865207,0.576252
9.8338,squat,face,,0.018128,0.000000,,,,,,,,,0.398007,0.127648,0.675293,,rest,0,0,debug,0.561119,0.580001,0.187896,0.599121,5,0.687415,0.761089,0.942083,0.510468,0.585812,1.093433,1.593774,-0.0333,0.942041,1.817209,0.629765,1.008370,1.817209,0.752940,1.068888,1.865207,0.600585
9.8671,squat,face,,0.018128,0.000000,,,,,,,,,0.397872,0.140388,0.579590,,rest,0,0,debug,0.561119,0.580001,0.177938,0.526367,5,0.681166,0.758446,0.940972,0.515869,0.600585,1.101668,1.612598,-0.0333,0.948147,1.817209,0.655990,1.008370,1.817209,0.733523,1.068888,1.889295,0.627067
9.9004,squat,face,,0.018128,0.000000,,,,,,,,,0.395961,0.151394,0.635742,,rest,0,0,debug,0.561119,0.580001,0.175481,0.591309,5,0.674423,0.756341,0.939028,0.529473,0.616124,1.110027,1.612598,-0.0333,0.942041,1.840072,0.694236,1.008370,1.817209,0.729864,1.076760,1.889295,0.658944
9.9338,squat,face,,0.018128,0.000000,,,,,,,,,0.395420,0.165815,0.666504,,rest,0,0,debug,0.561119,0.580001,0.169567,0.558105,5,0.668180,0.753927,0.938333,0.545551,0.627067,1.127747,1.630572,-0.0333,0.942041,1.840072,0.708160,1.008370,1.840072,0.722144,1.068888,1.889295,0.694236
9.9671,squat,face,,0.018128,0.000000,,,,,,,,,0.391898,0.165096,0.672852,,rest,0,0,debug,0.561119,0.580001,0.162013,0.596680,5,0.663794,0.751410,0.939097,0.562637,0.635628,1.146050,1.648953,-0.0333,0.948147,1.840072,0.726241,1.008370,1.840072,0.718596,1.068888,1.889295,0.740954
10.0004,squat,face,,0.018128,0.000000,,,,,,,,,0.390036,0.167043,0.668945,,rest,0,0,debug,0.561119,0.580001,0.160001,0.529297,5,0.661040,0.748973,0.938750,0.573991,0.641202,1.146050,1.648953,-0.0333,0.942041,1.817209,0.726241,1.008370,1.840072,0.715084,1.076760,1.889295,0.760772
10.0338,squat,face,,0.018128,0.000000,,,,,,,,,0.384164,0.168671,0.583984,,rest,0,0,debug,0.561119,0.580001,0.158735,0.481689,5,0.657104,0.746313,0.940278,0.578857,0.641202,1.155103,1.669107,-0.0333,0.942041,1.817209,0.718596,1.008370,1.840072,0.708160,1.068888,1.889295,0.790122
10.0671,squat,face,,0.018128,0.000000,,,,,,,,,0.382197,0.215360,0.630859,,rest,0,0,debug,0.561119,0.580001,0.149638,0.608887,5,0.653205,0.742565,0.941250,0.583475,0.644025,1.174307,1.688375,-0.0333,0.942041,1.817209,0.733523,1.015369,1.840072,0.697548,1.076760,1.889295,0.822490
10.1004,squat,face,,0.018128,0.000000,,,,,,,,,0.379315,0.228073,0.665527,,rest,0,0,debug,0.561119,0.580001,0.151248,0.620117,5,0.650072,0.735064,0.941597,0.585812,0.644025,1.203997,1.708085,-0.0333,0.948147,1.840072,0.744725,1.015369,1.865207,0.690958,1.068888,1.889295,0.867062
10.1338,squat,face,,0.018128,0.000000,,,,,,,,,0.374714,0.202624,0.691406,,rest,0,0,debug,0.561119,0.580001,0.155706,0.644043,5,0.648016,0.727741,0.940556,0.585812,0.641202,1.213989,1.729724,-0.0333,0.942041,1.840072,0.733523,1.008370,1.865207,0.680849,1.076760,1.889295,0.861952
10.1671,squat,face,,0.018128,0.000000,,,,,,,,,0.370609,0.208050,0.668945,,rest,0,0,debug,0.561119,0.580001,0.155667,0.630371,5,0.645423,0.720874,0.939792,0.585812,0.638400,1.224876,1.729724,-0.0333,0.942041,1.840072,0.729864,1.008370,1.865207,0.677697,1.068888,1.889295,0.867062
10.2004,squat,face,,0.018128,0.000000,,,,,,,,,0.367260,0.210494,0.656738,,rest,0,0,debug,0.561119,0.580001,0.153397,0.553223,5,0.642741,0.715026,0.939861,0.585812,0.635628,1.224876,1.750427,-0.0333,0.942041,1.840072,0.733523,1.008370,1.865207,0.674571,1.068888,1.889295,0.856903
10.2338,squat,face,,0.018128,0.000000,,,,,,,,,0.366498,0.262309,0.651367,,rest,0,0,debug,0.561119,0.580001,0.148908,0.483643,5,0.640045,0.711195,0.939028,0.588168,0.638400,1.224876,1.750427,-0.0333,0.942041,1.840072,0.744725,1.008370,1.865207,0.674571,1.076760,1.889295,0.827139
10.2671,squat,face,,0.018128,0.000000,,,,,,,,,0.365747,0.263160,0.605469,,rest,0,0,debug,0.561119,0.580001,0.141420,0.463867,5,0.636982,0.707054,0.939722,0.583475,0.635628,1.224876,1.750427,-0.0333,0.948147,1.817209,0.749084,1.008370,1.865207,0.674571,1.076760,1.889295,0.817238
10.3004,squat,face,,0.018128,0.000000,,,,,,,,,0.366357,0.267259,0.607422,,rest,0,0,debug,0.561119,0.580001,0.138042,0.471924,5,0.634725,0.703841,0.939931,0.581156,0.635628,1.224876,1.750427,-0.0333,0.942041,1.817209,0.740954,1.008370,1.865207,0.677697,1.068888,1.889295,0.812693
10.3338,squat,face,,0.018128,0.000000,,,,,,,,0.438668,0.365136,0.266000,0.600098,,rest,0,0,debug,0.561119,0.580001,0.138785,0.397705,5,0.632683,0.701412,0.939028,0.581156,0.632489,1.224876,1.750427,-0.0333,0.942041,1.840072,0.740954,1.008370,1.865207,0.674571,1.068888,1.889295,0.831844
10.3671,squat,face,,0.018128,0.000000,,,,,,,,0.440264,0.364350,0.215544,0.600586,,rest,0,0,debug,0.561119,0.580001,0.140196,0.404053,5,0.630089,0.698188,0.939167,0.581156,0.632489,1.224876,1.750427,-0.0333,0.942041,1.840072,0.729864,1.008370,1.865207,0.677697,1.068888,1.889295,0.851913
10.4005,squat,face,,0.018128,0.000000,,,,,,,,0.439018,0.360530,,0.455322,,rest,0,0,debug,0.561119,0.580001,0.003677,0.218506,5,0.627935,0.695669,0.939236,0.581156,0.635628,1.224876,1.729724,-0.0333,0.942041,1.817209,0.718596,1.008370,1.865207,0.680849,1.068888,1.889295,0.878216
10.4338,squat,face,0.003911,0.013862,0.590658,0.540854,0.448169,0.046902,0.083382,0.590658,0.003911,4,0.445127,0.364289,,0.732422,,rest,0,0,debug,0.561119,0.580001,0.140705,0.332764,5,0.625746,0.693702,0.938681,0.576252,0.635628,1.224876,1.729724,-0.0333,0.948147,1.840072,0.718596,1.008370,1.865207,0.684034,1.076760,1.889295,0.888884
10.4671,squat,face,,0.013862,0.000000,,,,,,,,0.449604,0.365726,0.249381,0.552246,,rest,0,0,debug,0.561119,0.580001,0.149554,0.355957,5,0.623896,0.692230,0.939722,0.576252,0.632489,1.224876,1.729724,-0.0333,0.948147,1.840072,0.715084,1.008370,1.865207,0.687710,1.068888,1.889295,0.899824
10.5005,squat,face,,0.013862,0.000000,,,,,,,,,0.366155,0.164757,0.683105,,rest,0,0,debug,0.561119,0.580001,0.151215,0.671387,5,0.622459,0.693166,0.939236,0.571747,0.632489,1.213989,1.729724,-0.0333,0.942041,1.840072,0.718596,1.008370,1.865207,0.694236,1.076760,1.865207,1.022465
10.5338,squat,face,0.003973,0.010895,0.606966,0.531360,0.447614,0.047271,0.084037,0.606966,0.003973,4,,0.368334,0.154469,0.712891,,rest,0,0,debug,0.561119,0.580001,0.152127,0.680176,5,0.621075,0.695561,0.939097,0.562637,0.632489,1.194168,1.688375,-0.0333,0.948147,1.840072,0.711603,1.008370,1.840072,0.700890,1.076760,1.865207,1.044894
10.5671,squat,face,0.004885,0.009092,0.645182,0.527513,0.443859,0.052418,0.093187,0.645182,0.004885,4,,0.371857,0.143974,0.651367,,rest,0,0,debug,0.561119,0.580001,0.157409,0.610352,5,0.618929,0.696446,0.938750,0.554109,0.629765,1.174307,1.669107,-0.0333,0.942041,1.817209,0.752940,1.008370,1.840072,0.708160,1.068888,1.840072,1.030173
10.6005,squat,face,0.005828,0.008113,0.579601,0.533141,0.438352,0.057256,0.101788,0.579601,0.005828,4,0.463879,0.372059,,0.644043,,rest,0,0,debug,0.561119,0.580001,0.158406,0.569336,5,0.614898,0.692745,0.938750,0.554109,0.629765,1.174307,1.669107,0.0000,0.942041,1.817209,0.752940,1.008370,1.840072,0.708160,1.068888,1.840072,1.030173
10.6338,squat,face,0.004656,0.007076,0.585051,0.525319,0.441301,0.051174,0.090977,0.585051,0.004656,4,0.472161,0.374251,0.144786,0.645020,,rest,0,0,debug,0.561119,0.580001,0.160097,0.601074,5,0.614261,0.687169,0.938264,0.539231,0.621734,1.155103,1.630572,0.0000,0.942041,1.817209,0.836601,1.008370,1.840072,0.711603,1.068888,1.840072,0.980837
10.6671,squat,face,,0.007076,0.000000,,,,,,,,0.479249,0.377267,0.162628,0.656738,,rest,0,0,debug,0.561119,0.580001,0.163091,0.632324,5,0.615095,0.680914,0.939931,0.521650,0.616124,1.136515,1.593774,0.0000,0.942041,1.817209,0.851913,1.008370,1.840072,0.718596,1.068888,1.840072,0.935160
10.7005,squat,face,,0.007076,0.000000,,,,,,,,0.483897,0.378426,0.152128,0.749023,,rest,0,0,debug,0.561119,0.580001,0.163865,0.686523,5,0.614405,0.672747,0.941111,0.510468,0.608436,1.110027,1.558600,0.0000,0.942041,1.817209,0.836601,1.008370,1.817209,0.729864,1.076760,1.817209,0.894320
10.7338,squat,face,,0.007076,0.000000,,,,,,,,0.489465,0.378553,0.143025,0.718750,,rest,0,0,debug,0.561119,0.580001,0.165272,0.681152,5,0.613828,0.663460,0.941528,0.506679,0.608436,1.084739,1.478697,0.0000,0.948147,1.794915,0.817238,1.008370,1.817209,0.756835,1.076760,1.817209,0.883519
10.7671,squat,face,0.005725,0.006670,0.598052,0.496527,0.429635,0.056748,0.100886,0.598052,0.005725,4,0.494594,0.378401,0.111632,0.735352,,rest,0,0,debug,0.561119,0.580001,0.170793,0.664551,5,0.612630,0.653002,0.940833,0.504929,0.610974,1.044894,1.405628,0.0000,0.948147,1.794915,0.790122,1.008370,1.771624,0.764749,1.068888,1.817209,0.836601
10.8005,squat,face,,0.006670,0.000000,,,,,,,,0.495725,0.377562,0.103397,0.730957,,rest,0,0,debug,0.561119,0.580001,0.175730,0.691895,5,0.609984,0.642560,0.940417,0.504929,0.624387,1.008370,1.339437,0.0000,0.948147,1.794915,0.768767,1.008370,1.729724,0.752940,1.068888,1.794915,0.808208
10.8338,squat,face,,0.006670,0.000000,,,,,,,,0.502536,0.375107,0.074650,0.778809,,rest,0,0,debug,0.561119,0.580001,0.181569,0.642578,5,0.607298,0.631631,0.937292,0.504929,0.629765,0.973377,1.268110,0.0000,0.948147,1.771624,0.744725,1.008370,1.630572,0.740954,1.068888,1.794915,0.799375
10.8671,squat,face,,0.006670,0.000000,,,,,,,,0.507723,0.372350,0.041200,0.805176,,rest,0,0,debug,0.561119,0.580001,0.187011,0.632324,5,0.605199,0.622483,0.934861,0.512256,0.624387,0.929219,1.076760,0.0000,0.948147,1.750427,0.737220,1.000977,1.136515,0.722144,1.076760,1.750427,0.768767
10.9005,squat,face,,0.006670,0.000000,,,,,,,,0.509388,0.367630,0.033639,0.780273,,rest,0,0,debug,0.561119,0.580001,0.201213,0.539551,5,0.601567,0.611563,0.929167,0.535285,0.554109,0.831844,0.888884,-0.0333,0.942041,1.593774,0.680849,0.987463,0.935160,0.671475,1.068888,1.392246,0.684034
10.9338,squat,face,0.009880,0.007633,0.626950,0.483972,0.405416,0.074549,0.132532,0.626950,0.009880,4,0.512065,0.363765,,0.745117,,rest,0,0,debug,0.561119,0.580001,0.209706,0.527344,5,0.596399,0.600312,0.929167,0.535285,0.554109,0.831844,0.888884,0.0000,0.942041,1.593774,0.680849,0.987463,0.935160,0.671475,1.068888,1.392246,0.684034
10.9671,squat,face,0.011215,0.008708,0.697547,0.474806,0.408672,0.079425,0.141200,0.697547,0.011215,4,0.514316,0.358904,,0.753418,,rest,0,0,debug,0.561119,0.580001,0.226634,0.453613,5,0.589702,0.588315,0.925417,0.496122,0.506679,0.785877,0.831844,0.0000,0.929219,0.744725,0.644025,0.935160,0.894320,0.638400,1.068888,1.174307,0.632489
11.0005,squat,face,0.012776,0.009928,0.651396,0.474287,0.402765,0.084772,0.150706,0.651396,0.012776,4,0.514385,0.349645,,0.678711,,rest,0,0,debug,0.561119,0.580001,0.244343,0.338379,5,0.579358,0.576504,0.924931,0.455111,0.465454,0.744725,0.760772,0.0000,0.899824,0.671475,0.613541,0.883519,0.861952,0.605917,1.060587,0.729864,0.583475
11.0338,squat,face,0.014223,0.011217,0.715345,0.472650,0.391629,0.089445,0.159014,0.715345,0.014223,4,0.518404,0.345029,,0.722168,,rest,0,0,debug,0.561119,0.580001,0.261677,0.306641,5,0.568918,0.563184,0.921458,0.415247,0.427736,0.700890,0.718596,0.0000,0.872231,0.482564,0.573991,0.841410,0.836601,0.573991,1.052952,0.465454,0.537251
11.0671,squat,face,0.015333,0.012452,0.718750,0.467672,0.382668,0.092870,0.165102,0.718750,0.015333,4,0.523168,0.338697,,0.729980,,rest,0,0,debug,0.561119,0.580001,0.279659,0.318604,5,0.559291,0.556541,0.919653,0.374817,0.392336,0.635628,0.687710,0.0000,0.836601,0.435743,0.543524,0.790122,0.803767,0.539231,1.030173,0.421399,0.492781
11.1005,squat,face,0.017437,0.013947,0.747065,0.470614,0.374090,0.099037,0.176067,0.747065,0.017437,4,0.517340,0.332588,,0.674316,,rest,0,0,debug,0.561119,0.580001,0.291343,0.416260,5,0.550824,0.559134,0.915972,0.339973,0.357043,0.573991,0.668407,0.0000,0.795026,0.569521,0.521650,0.756835,0.785877,0.512256,0.994175,0.382947,0.457961
11.1338,squat,face,0.021192,0.016121,0.606363,0.471133,0.366581,0.109181,0.194100,0.606363,0.021192,4,0.517982,0.319814,,0.675781,,rest,0,0,debug,0.561119,0.580001,0.308977,0.403320,5,0.544705,0.565702,0.914375,0.309178,0.326738,0.533333,0.646873,0.0000,0.744725,0.641202,0.498053,0.726241,0.781679,0.489484,0.960600,0.345946,0.438354
11.1672,squat,face,0.018286,0.016770,0.669327,0.461914,0.459705,0.180299,0.101418,0.669327,0.018286,7,,,,,,rest,0,0,debug,0.561119,0.580001,,,,0.539837,0.572061,0.905556,0.262429,0.282716,0.476279,0.618731,-0.0333,0.350924,1.750427,0.463766,0.361582,1.576596,0.460846,0.872231,0.289592,0.414236
11.2005,squat,face,0.016364,0.016648,0.688210,0.487503,0.460006,0.170562,0.095941,0.688210,0.016364,7,,,,,,rest,0,0,debug,0.561119,0.580001,,,,0.537324,0.581110,0.899097,0.242424,0.260560,0.455111,0.613541,-0.0667,0.287317,1.771624,0.452294,0.326115,1.630572,0.452294,0.836601,0.268907,0.374817
11.2672,squat,face,0.020250,0.018485,0.651583,0.471668,0.458441,0.189736,0.106726,0.651583,0.020250,7,,,,,,rest,0,0,debug,0.561119,0.580001,,,,0.527626,0.590873,0.898472,0.245681,0.262026,0.459605,0.605917,-0.0333,0.296812,1.750427,0.456328,0.327574,0.756835,0.457961,0.856903,0.271474,0.357043
11.3005,squat,face,,0.018485,0.000000,,,,,,,,,,,,,rest,0,0,debug,0.561119,0.580001,,,,0.528239,0.590998,0.901597,0.257286,0.270470,0.474953,0.610974,-0.0333,0.332900,0.646873,0.470156,0.341789,0.773409,0.465454,0.888884,0.283971,0.349249
11.3338,squat,face,0.018727,0.018558,0.614958,0.478284,0.458846,0.182463,0.102635,0.614958,0.018727,7,,,,,,rest,0,0,debug,0.561119,0.580001,,,,0.537387,0.586115,0.910208,0.299941,0.310491,0.525398,0.635628,-0.0667,0.740954,0.339973,0.504929,0.400313,0.822490,0.498053,0.960600,0.331391,0.357043
11.4005,squat,face,0.017373,0.017953,0.659775,0.465774,0.338577,0.098855,0.175742,0.659775,0.017373,4,,,,,,rest,0,0,debug,0.561119,0.580001,,,,0.554735,0.575584,0.913403,0.329049,0.339973,0.562637,0.653060,-0.0333,0.777525,0.358794,0.529473,0.704263,0.790122,0.521650,0.987463,0.360817,0.408293
11.4338,squat,face,0.017383,0.017782,0.664017,0.471454,0.345123,0.098885,0.175795,0.664017,0.017383,4,,,,,,rest,0,0,debug,0.561119,0.580001,,,,0.565649,0.573328,0.917014,0.361582,0.372090,0.605917,0.658944,-0.0333,0.822490,0.386998,0.551723,0.740954,0.803767,0.545551,1.008370,0.391436,0.420361
11.4672,squat,face,0.015874,0.017210,0.650270,0.475039,0.357102,0.094493,0.167988,0.650270,0.015874,4,0.528515,0.340713,,0.708496,,rest,0,0,debug,0.561119,0.580001,0.272597,0.343506,5,0.578726,0.571288,0.917222,0.395672,0.401252,0.668407,0.677697,-0.0333,0.841410,0.415247,0.571747,0.785877,0.831844,0.573991,1.030173,0.423839,0.432797
11.5005,squat,face,0.014925,0.016524,0.585051,0.475429,0.358425,0.091627,0.162893,0.585051,0.014925,4,,,,,,rest,0,0,debug,0.561119,0.580001,,,,0.594002,0.573208,0.918056,0.422791,0.431703,0.715084,0.704263,-0.0333,0.861952,0.447944,0.600585,0.836601,0.851913,0.603062,1.037485,1.084739,0.465454
11.5338,squat,face,,0.016524,0.000000,,,,,,,,0.525341,0.358120,,0.677734,,rest,0,0,debug,0.561119,0.580001,0.244366,0.320557,5,0.609859,0.585017,0.921597,0.445217,0.457961,0.756835,0.760772,-0.0333,0.899824,0.481202,0.618731,0.917560,0.883519,0.627067,1.060587,1.146050,0.504929
11.5672,squat,face,,0.016524,0.000000,,,,,,,,0.518464,0.366541,,0.694824,,rest,0,0,debug,0.561119,0.580001,0.231361,0.473877,5,0.623580,0.607645,0.925694,0.455111,0.481202,0.795026,0.851913,-0.0333,0.935160,0.749084,0.632489,1.000977,0.917560,0.658944,1.068888,1.183815,0.545551
11.6005,squat,face,,0.016524,0.000000,,,,,,,,0.511658,0.370949,,0.632324,,rest,0,0,debug,0.561119,0.580001,0.216614,0.542480,5,0.635193,0.638283,0.925694,0.455111,0.481202,0.795026,0.851913,0.0000,0.935160,0.749084,0.632489,1.000977,0.917560,0.658944,1.068888,1.183815,0.545551
11.6338,squat,face,,0.016524,0.000000,,,,,,,,0.513294,0.378521,,0.582520,,rest,0,0,debug,0.561119,0.580001,0.212816,0.327637,5,0.644353,0.668318,0.930139,0.463766,0.499512,0.836601,0.966947,0.0000,0.942041,1.612598,0.616124,1.000977,1.068888,0.684034,1.068888,1.279198,0.588168
11.6672,squat,face,,0.016524,0.000000,,,,,,,,,0.382907,0.042303,0.575684,,rest,0,0,debug,0.561119,0.580001,0.205135,0.565918,5,0.652015,0.692636,0.931875,0.476279,0.514056,0.888884,1.291297,0.0000,0.948147,1.750427,0.629765,1.008370,1.729724,0.708160,1.068888,1.558600,0.624387
11.7005,squat,face,,0.016524,0.000000,,,,,,,,,0.387424,0.048546,0.606934,,rest,0,0,debug,0.561119,0.580001,0.200834,0.504883,5,0.658176,0.713179,0.935000,0.489484,0.527291,0.929219,1.392246,0.0000,0.942041,1.771624,0.655990,1.008370,1.794915,0.726241,1.076760,1.708085,0.664934
11.7338,squat,face,,0.016524,0.000000,,,,,,,,,0.391084,0.091494,0.446289,,rest,0,0,debug,0.561119,0.580001,0.192480,0.411621,5,0.662093,0.731746,0.938542,0.499512,0.539231,0.987463,1.526079,0.0000,0.942041,1.794915,0.677697,1.008370,1.817209,0.737220,1.076760,1.794915,0.684034
11.7672,squat,face,,0.016524,0.000000,,,,,,,,,0.393033,0.123235,0.624023,,rest,0,0,debug,0.561119,0.580001,0.186385,0.621094,5,0.664522,0.745447,0.941319,0.504929,0.551723,1.037485,1.576596,0.0000,0.942041,1.794915,0.674571,1.008370,1.817209,0.749084,1.068888,1.817209,0.700890
11.8005,squat,face,,0.016524,0.000000,,,,,,,,,0.393258,0.147996,0.631836,,rest,0,0,debug,0.561119,0.580001,0.178763,0.575684,5,0.668219,0.752733,0.941667,0.504929,0.567312,1.084739,1.593774,0.0000,0.948147,1.817209,0.629765,1.008370,1.817209,0.756835,1.076760,1.865207,0.684034
11.8338,squat,face,,0.016524,0.000000,,,,,,,,,0.392381,0.153677,0.587891,,rest,0,0,debug,0.561119,0.580001,0.168262,0.551270,5,0.672740,0.758465,0.942569,0.508692,0.583475,1.101668,1.612598,0.0000,0.942041,1.817209,0.595695,1.008370,1.840072,0.749084,1.068888,1.865207,0.605917
11.8672,squat,face,,0.016524,0.000000,,,,,,,,,0.392112,0.164526,0.468018,,rest,0,0,debug,0.561119,0.580001,0.165241,0.441650,5,0.669127,0.758602,0.941736,0.514056,0.598130,1.110027,1.630572,0.0000,0.942041,1.817209,0.618731,1.008370,1.817209,0.729864,1.076760,1.889295,0.624387
11.9005,squat,face,,0.016524,0.000000,,,,,,,,,,,,,rest,0,0,debug,0.561119,0.580001,,,,0.663712,0.757052,0.938403,0.535285,0.618731,1.127747,1.648953,-0.0333,0.948147,1.817209,0.668407,1.008370,1.840072,0.715084,1.076760,1.865207,0.674571
11.9339,squat,face,,0.016524,0.000000,,,,,,,,,0.387095,,0.455566,,rest,0,0,debug,0.561119,0.580001,0.143487,0.391113,5,0.661416,0.755033,0.938681,0.547593,0.627067,1.136515,1.669107,-0.0333,0.942041,1.817209,0.690958,1.008370,1.840072,0.711603,1.076760,1.865207,0.694236
11.9672,squat,face,,0.016524,0.000000,,,,,,,,,0.384818,,0.532227,,rest,0,0,debug,0.561119,0.580001,0.139476,0.518066,5,0.660334,0.753049,0.939375,0.562637,0.632489,1.155103,1.688375,-0.0333,0.942041,1.840072,0.715084,1.008370,1.865207,0.708160,1.068888,1.889295,0.711603
12.0005,squat,face,,0.016524,0.000000,,,,,,,,,0.382701,,0.579590,,rest,0,0,debug,0.561119,0.580001,0.146648,0.543457,5,0.657803,0.749742,0.940000,0.567312,0.632489,1.164298,1.688375,-0.0333,0.948147,1.817209,0.711603,1.008370,1.840072,0.697548,1.068888,1.889295,0.722144
12.0339,squat,face,,0.016524,0.000000,,,,,,,,,0.379956,,0.536621,,rest,0,0,debug,0.561119,0.580001,0.148726,0.423096,5,0.654577,0.742614,0.940972,0.569521,0.635628,1.183815,1.729724,-0.0333,0.942041,1.817209,0.726241,1.008370,1.840072,0.690958,1.068888,1.889295,0.740954
12.0672,squat,face,,0.016524,0.000000,,,,,,,,,0.376673,,0.392578,,rest,0,0,debug,0.561119,0.580001,0.146421,0.370850,5,0.651947,0.735059,0.940556,0.576252,0.632489,1.203997,1.729724,-0.0333,0.942041,1.840072,0.744725,1.008370,1.865207,0.684034,1.076760,1.889295,0.752940
12.1005,squat,face,,0.016524,0.000000,,,,,,,,,0.372985,0.251639,0.619629,,rest,0,0,debug,0.561119,0.580001,0.137805,0.474365,5,0.650718,0.727623,0.939375,0.573991,0.632489,1.213989,1.729724,-0.0333,0.942041,1.817209,0.726241,1.008370,1.865207,0.677697,1.076760,1.889295,0.756835
12.1339,squat,face,,0.016524,0.000000,,,,,,,,,0.372087,0.256110,0.636719,,rest,0,0,debug,0.561119,0.580001,0.141879,0.540039,5,0.649546,0.721439,0.940833,0.573991,0.629765,1.213989,1.750427,-0.0333,0.948147,1.817209,0.715084,1.008370,1.865207,0.671475,1.076760,1.889295,0.777525
12.1672,squat,face,,0.016524,0.000000,,,,,,,,,0.369550,0.200839,0.632324,,rest,0,0,debug,0.561119,0.580001,0.138064,0.527832,5,0.647713,0.716853,0.939375,0.578857,0.632489,1.224876,1.750427,-0.0333,0.942041,1.817209,0.722144,1.008370,1.865207,0.668407,1.068888,1.889295,0.781679
12.2005,squat,face,,0.016524,0.000000,,,,,,,,0.442661,0.368961,,0.484375,,rest,0,0,debug,0.561119,0.580001,0.140507,0.292480,5,0.645846,0.713147,0.939722,0.578857,0.629765,1.224876,1.771624,-0.0333,0.942041,1.840072,0.740954,1.008370,1.865207,0.671475,1.068888,1.889295,0.785877
12.2339,squat,face,,0.016524,0.000000,,,,,,,,,0.369894,0.267842,0.570801,,rest,0,0,debug,0.561119,0.580001,0.128964,0.506836,5,0.644792,0.710393,0.939375,0.576252,0.629765,1.224876,1.771624,-0.0333,0.948147,1.840072,0.737220,1.008370,1.865207,0.668407,1.068888,1.889295,0.781679
12.2672,squat,face,,0.016524,0.000000,,,,,,,,,0.369451,0.273170,0.580566,,rest,0,0,debug,0.561119,0.580001,0.129552,0.438477,5,0.643232,0.707074,0.939722,0.576252,0.627067,1.224876,1.750427,-0.0333,0.942041,1.817209,0.729864,1.008370,1.865207,0.668407,1.076760,1.889295,0.777525
12.3005,squat,face,,0.016524,0.000000,,,,,,,,,0.471298,,0.381104,,rest,0,0,debug,0.561119,0.580001,0.123615,0.190430,2,0.640755,0.703681,0.938889,0.573991,0.629765,1.224876,1.771624,-0.0333,0.942041,1.817209,0.718596,1.008370,1.865207,0.668407,1.068888,1.889295,0.777525
12.3339,squat,face,,0.016524,0.000000,,,,,,,,,0.458811,,0.384766,,rest,0,0,debug,0.561119,0.580001,0.118001,0.229248,2,0.638235,0.700284,0.938819,0.573991,0.629765,1.224876,1.750427,-0.0333,0.942041,1.840072,0.718596,1.008370,1.865207,0.671475,1.076760,1.889295,0.768767
12.3672,squat,face,,0.016524,0.000000,,,,,,,,,,,,,rest,0,0,debug,0.561119,0.580001,,,,0.636273,0.697984,0.939028,0.569521,0.624387,1.213989,1.750427,-0.0667,0.942041,1.840072,0.700890,1.008370,1.865207,0.671475,1.076760,1.889295,0.777525
12.4339,squat,face,,0.016524,0.000000,,,,,,,,,,,,,rest,0,0,debug,0.561119,0.580001,,,,0.632618,0.693363,0.939583,0.567312,0.624387,1.213989,1.729724,-0.0333,0.942041,1.817209,0.700890,1.008370,1.865207,0.674571,1.076760,1.889295,0.773409
12.5005,squat,face,,0.016524,0.000000,,,,,,,,,0.475280,,0.493652,,rest,0,0,debug,0.561119,0.580001,0.143997,0.382812,2,0.630425,0.693331,0.939306,0.558342,0.621734,1.203997,1.729724,-0.0333,0.942041,1.817209,0.694236,1.000977,1.865207,0.684034,1.068888,1.865207,0.888884
12.5339,squat,face,,0.016524,0.000000,,,,,,,,,,,,,rest,0,0,debug,0.561119,0.580001,,,,0.629164,0.695028,0.937639,0.554109,0.621734,1.194168,1.729724,-0.0333,0.942041,1.840072,0.687710,1.008370,1.865207,0.690958,1.076760,1.865207,0.973377
12.5672,squat,face,,0.016524,0.000000,,,,,,,,,,,,,rest,0,0,debug,0.561119,0.580001,,,,0.628071,0.698950,0.938403,0.527291,0.613541,1.146050,1.669107,-0.0667,0.948147,1.817209,0.671475,1.008370,1.840072,0.697548,1.076760,1.840072,0.960600
12.6339,squat,face,,0.016524,0.000000,,,,,,,,0.460820,0.376232,,0.566895,,rest,0,0,debug,0.561119,0.580001,0.143018,0.521973,5,0.625653,0.703641,0.937361,0.512256,0.603062,1.127747,1.630572,-0.0333,0.942041,1.794915,0.684034,1.008370,1.840072,0.700890,1.068888,1.817209,0.942041
12.6672,squat,face,,0.016524,0.000000,,,,,,,,0.469222,0.377802,0.171596,0.671875,,rest,0,0,debug,0.561119,0.580001,0.152471,0.611816,5,0.623080,0.698582,0.939444,0.499512,0.595695,1.119122,1.593774,-0.0333,0.942041,1.794915,0.812693,1.008370,1.840072,0.708160,1.076760,1.817209,0.883519
12.7006,squat,face,,0.016524,0.000000,,,,,,,,0.474194,0.379997,0.175929,0.635254,,rest,0,0,debug,0.561119,0.580001,0.155007,0.628418,5,0.622603,0.693242,0.940764,0.492781,0.588168,1.093433,1.576596,-0.0333,0.942041,1.794915,0.803767,1.008370,1.817209,0.711603,1.068888,1.817209,0.856903
12.7339,squat,face,,0.016524,0.000000,,,,,,,,0.478633,0.380737,0.168952,0.740723,,rest,0,0,debug,0.561119,0.580001,0.157004,0.695312,5,0.622359,0.688843,0.940972,0.489484,0.585812,1.060587,1.526079,-0.0333,0.942041,1.794915,0.790122,1.008370,1.817209,0.729864,1.068888,1.794915,0.831844
12.7672,squat,face,,0.016524,0.000000,,,,,,,,0.488463,0.381969,0.147809,0.729492,,rest,0,0,debug,0.561119,0.580001,0.162737,0.702637,5,0.622198,0.683201,0.940208,0.490891,0.588168,1.022465,1.448373,-0.0333,0.948147,1.794915,0.781679,1.008370,1.794915,0.749084,1.076760,1.794915,0.808208
12.8006,squat,face,0.005767,0.013297,0.601918,0.497113,0.434410,0.056956,0.101255,0.601918,0.005767,4,0.491599,0.382174,0.118814,0.735840,,rest,0,0,debug,0.561119,0.580001,0.168044,0.696289,5,0.621091,0.673545,0.939722,0.492781,0.595695,0.994175,1.365330,-0.0333,0.948147,1.771624,0.773409,1.008370,1.750427,0.744725,1.068888,1.794915,0.777525
12.8339,squat,face,,0.013297,0.000000,,,,,,,,0.497289,0.380302,0.100362,0.768066,,rest,0,0,debug,0.561119,0.580001,0.174651,0.700684,5,0.618784,0.662778,0.937847,0.494686,0.613541,0.954332,1.291297,-0.0333,0.942041,1.750427,0.740954,1.008370,1.669107,0.729864,1.068888,1.771624,0.777525
12.8672,squat,face,,0.013297,0.000000,,,,,,,,0.503513,0.378550,0.064789,0.826660,,rest,0,0,debug,0.561119,0.580001,0.181712,0.645996,5,0.616774,0.651061,0.934931,0.499512,0.613541,0.917560,1.110027,-0.0333,0.942041,1.750427,0.737220,1.015369,1.327284,0.715084,1.076760,1.729724,0.752940
12.9006,squat,face,0.007481,0.011552,0.634883,0.493107,0.417795,0.064867,0.115320,0.634883,0.007481,4,0.509451,0.375166,0.059758,0.810547,,rest,0,0,debug,0.561119,0.580001,0.190506,0.653809,5,0.614792,0.639346,0.932153,0.508692,0.593279,0.872231,0.987463,-0.0333,0.942041,1.688375,0.708160,1.008370,1.022465,0.694236,1.068888,1.648953,0.718596
12.9339,squat,face,0.009878,0.011050,0.634113,0.486029,0.404685,0.074540,0.132516,0.634113,0.009878,4,0.512820,0.371354,0.034171,0.789062,,rest,0,0,debug,0.561119,0.580001,0.199045,0.602539,5,0.611841,0.626218,0.932153,0.508692,0.593279,0.872231,0.987463,0.0000,0.942041,1.688375,0.708160,1.008370,1.022465,0.694236,1.068888,1.648953,0.718596
12.9672,squat,face,0.009824,0.010682,0.673327,0.479943,0.401441,0.074338,0.132157,0.673327,0.009824,4,0.516112,0.366641,,0.759277,,rest,0,0,debug,0.561119,0.580001,0.210048,0.486572,5,0.608017,0.614875,0.930625,0.519797,0.554109,0.831844,0.905393,0.0000,0.942041,0.836601,0.680849,1.000977,0.954332,0.671475,1.076760,1.405628,0.674571
13.0006,squat,face,0.012565,0.011247,0.674957,0.474216,0.403525,0.084071,0.149460,0.674957,0.012565,4,0.515263,0.360500,,0.724609,,rest,0,0,debug,0.561119,0.580001,0.219939,0.464111,5,0.600255,0.602024,0.925903,0.490891,0.504929,0.781679,0.836601,0.0000,0.923352,0.737220,0.641202,0.948147,0.905393,0.635628,1.068888,1.194168,0.600585
13.0339,squat,face,0.012004,0.011474,0.678564,0.466028,0.394164,0.082173,0.146085,0.678564,0.012004,4,0.521052,0.355141,,0.717285,,rest,0,0,debug,0.561119,0.580001,0.240465,0.338135,5,0.587735,0.587905,0.925347,0.449121,0.457961,0.740954,0.768767,0.0000,0.894320,0.687710,0.605917,0.894320,0.861952,0.608436,1.060587,1.127747,0.515869
13.0672,squat,face,0.016689,0.013039,0.662176,0.461456,0.388568,0.096888,0.172246,0.662176,0.016689,4,0.527260,0.345730,,0.731934,,rest,0,0,debug,0.561119,0.580001,0.266406,0.221436,5,0.575801,0.573139,0.921250,0.406995,0.416598,0.690958,0.715084,0.0000,0.867062,0.462511,0.571747,0.856903,0.827139,0.576252,1.044894,0.459605,0.460846
13.1006,squat,face,0.016185,0.013983,0.726856,0.459342,0.384260,0.095416,0.169628,0.726856,0.016185,4,0.529619,0.342780,,0.702637,,rest,0,0,debug,0.561119,0.580001,0.264072,0.301758,5,0.565501,0.561660,0.918056,0.365193,0.375918,0.624387,0.677697,0.0000,0.827139,0.411575,0.541512,0.817238,0.785877,0.541512,1.022465,0.408293,0.435743
13.1339,squat,face,0.017077,0.014911,0.715004,0.458598,0.375875,0.098009,0.174238,0.715004,0.017077,4,0.529331,0.334556,,0.683594,,rest,0,0,debug,0.561119,0.580001,0.283780,0.379883,5,0.556452,0.559101,0.911667,0.325286,0.336840,0.565121,0.653060,0.0000,0.777525,0.372090,0.515869,0.790122,0.744725,0.512256,0.980837,0.365193,0.393543
13.1672,squat,face,0.016903,0.015508,0.756482,0.452051,0.373765,0.097507,0.173346,0.756482,0.016903,4,0.523469,0.324153,,0.556152,,rest,0,0,debug,0.561119,0.580001,0.305346,0.400635,5,0.548386,0.564615,0.908194,0.291405,0.303858,0.517695,0.632489,0.0000,0.733523,0.344086,0.490891,0.756835,0.715084,0.484390,0.942041,0.327574,0.305854
13.2006,squat,face,0.014342,0.015158,0.718070,0.447617,0.363480,0.089818,0.159676,0.718070,0.014342,4,0.534700,0.318308,,0.639160,,rest,0,0,debug,0.561119,0.580001,0.329204,0.488525,5,0.541402,0.575439,0.902292,0.264463,0.276159,0.482564,0.613541,0.0000,0.671475,0.578857,0.473197,0.722144,0.687710,0.465454,0.878216,0.295101,0.338400
13.2339,squat,face,0.018309,0.016104,0.689450,0.443695,0.338455,0.101482,0.180413,0.689450,0.018309,4,0.533186,0.304594,,0.618164,,rest,0,0,debug,0.561119,0.580001,0.346059,0.394775,5,0.534995,0.586083,0.895903,0.244041,0.254094,0.457961,0.603062,0.0000,0.292571,0.635628,0.456328,0.330535,0.664934,0.453498,0.808208,0.267363,0.360817
13.2672,squat,face,0.020090,0.017300,0.696847,0.439764,0.337903,0.106305,0.188987,0.696847,0.020090,4,0.539325,0.293853,,0.724121,,rest,0,0,debug,0.561119,0.580001,0.358674,0.417480,5,0.527474,0.591976,0.891875,0.231045,0.238361,0.440998,0.593279,0.0000,0.251349,1.688375,0.446382,0.303858,0.653060,0.446382,0.749084,0.249269,0.391436
13.3006,squat,face,0.017580,0.017384,0.685900,0.448545,0.339183,0.099441,0.176785,0.685900,0.017580,4,,,,,,rest,0,0,debug,0.561119,0.580001,,,,0.522175,0.592869,0.890625,0.228367,0.232939,0.439485,0.585812,-0.0333,0.243344,0.618731,0.445217,0.288449,0.649744,0.449121,0.744725,0.245209,0.393543
13.3339,squat,face,0.017773,0.017500,0.677664,0.439649,0.332687,0.099985,0.177752,0.677664,0.017773,4,0.541021,0.290188,,0.664551,,rest,0,0,debug,0.561119,0.580001,0.357924,0.386230,5,0.523688,0.589630,0.890625,0.228367,0.232939,0.439485,0.585812,0.0000,0.243344,0.618731,0.445217,0.288449,0.649744,0.449121,0.744725,0.245209,0.393543
13.3672,squat,face,0.021673,0.018752,0.632764,0.436036,0.337267,0.110414,0.196291,0.632764,0.021673,4,0.541589,0.295617,,0.687012,,rest,0,0,debug,0.561119,0.580001,0.349079,0.382324,5,0.533114,0.585355,0.892708,0.239476,0.245209,0.453498,0.590881,0.0000,0.277807,0.282249,0.453498,0.303137,0.655990,0.456328,0.781679,0.258193,0.382089
13.4006,squat,face,0.022268,0.019807,0.612173,0.442641,0.341825,0.111919,0.198967,0.612173,0.022268,4,,,,,,rest,0,0,debug,0.561119,0.580001,,,,0.545173,0.579327,0.904861,0.282249,0.290909,0.506679,0.618731,-0.0333,0.749084,0.303858,0.486228,0.365193,0.700890,0.484390,0.899824,0.311056,0.316048
13.4339,squat,face,0.022101,0.020495,0.652519,0.441252,0.349323,0.111497,0.198217,0.652519,0.022101,4,0.540605,0.317586,,0.647949,,rest,0,0,debug,0.561119,0.580001,0.312653,0.427734,5,0.558624,0.574484,0.910764,0.311056,0.321608,0.543524,0.641202,-0.0333,0.799375,0.335297,0.506679,0.722144,0.726241,0.504929,0.948147,0.345013,0.354325
13.4673,squat,face,,0.020495,0.000000,,,,,,,,,,,,,rest,0,0,debug,0.561119,0.580001,,,,0.574158,0.575223,0.915278,0.345013,0.356298,0.588168,0.661926,-0.0333,0.836601,0.369940,0.535285,0.768767,0.760772,0.529473,0.973377,0.379820,0.430252
13.5006,squat,face,0.019225,0.020114,0.599072,0.457777,0.361409,0.103989,0.184870,0.599072,0.019225,4,0.535649,0.336200,,0.604492,,rest,0,0,debug,0.561119,0.580001,0.281426,0.389404,5,0.589586,0.579800,0.920000,0.382089,0.392336,0.649744,0.677697,-0.0333,0.861952,0.410585,0.560482,0.808208,0.795026,0.556219,1.000977,0.422791,0.450704
13.5339,squat,face,,0.020114,0.000000,,,,,,,,0.533924,0.340779,,0.606934,,rest,0,0,debug,0.561119,0.580001,0.261937,0.333008,5,0.605622,0.588947,0.921528,0.418985,0.427736,0.704263,0.729864,-0.0333,0.883519,0.452294,0.590881,0.861952,0.831844,0.585812,1.037485,0.471455,0.474953
13.5673,squat,face,0.014022,0.018286,0.606966,0.478699,0.369638,0.088811,0.157886,0.606966,0.014022,4,0.528229,0.347751,,0.590820,,rest,0,0,debug,0.561119,0.580001,0.258827,0.364746,5,0.620616,0.609608,0.925139,0.453498,0.460846,0.744725,0.799375,-0.0333,0.905393,0.498053,0.616124,0.923352,0.878216,0.613541,1.052952,0.711603,0.506679
13.6006,squat,face,,0.018286,0.000000,,,,,,,,0.525073,0.358175,,0.566406,,rest,0,0,debug,0.561119,0.580001,0.246221,0.423584,5,0.633306,0.635496,0.925139,0.453498,0.460846,0.744725,0.799375,0.0000,0.905393,0.498053,0.616124,0.923352,0.878216,0.613541,1.052952,0.711603,0.506679
13.6339,squat,face,,0.018286,0.000000,,,,,,,,0.517740,0.363344,,0.562500,,rest,0,0,debug,0.561119,0.580001,0.230990,0.525391,5,0.643921,0.658598,0.928125,0.481202,0.498053,0.781679,0.867062,0.0000,0.929219,0.733523,0.644025,0.973377,0.935160,0.641202,1.068888,1.136515,0.551723
13.6673,squat,face,,0.018286,0.000000,,,,,,,,,,,,,rest,0,0,debug,0.561119,0.580001,,,,0.653046,0.677487,0.930417,0.508692,0.558342,0.867062,1.257213,-0.0333,0.942041,1.688375,0.674571,1.008370,1.688375,0.697548,1.068888,1.279198,0.664934
13.7006,squat,face,,0.018286,0.000000,,,,,,,,,0.375940,0.037213,0.665039,,rest,0,0,debug,0.561119,0.580001,0.209852,0.616211,5,0.660268,0.695589,0.933403,0.514056,0.578857,0.911843,1.327284,-0.0333,0.942041,1.750427,0.694236,1.008370,1.771624,0.718596,1.068888,1.558600,0.718596
13.7339,squat,face,,0.018286,0.000000,,,,,,,,,0.380776,0.046725,0.680664,,rest,0,0,debug,0.561119,0.580001,0.197063,0.610840,5,0.665980,0.711098,0.936875,0.510468,0.590881,0.966947,1.434173,-0.0333,0.948147,1.771624,0.729864,1.008370,1.817209,0.740954,1.068888,1.669107,0.752940
13.7673,squat,face,,0.018286,0.000000,,,,,,,,,0.382920,0.058327,0.671875,,rest,0,0,debug,0.561119,0.580001,0.189132,0.623047,5,0.670141,0.725663,0.938472,0.510468,0.603062,1.008370,1.526079,-0.0333,0.935160,1.771624,0.744725,1.008370,1.817209,0.752940,1.068888,1.750427,0.773409
13.8006,squat,face,,0.018286,0.000000,,,,,,,,,0.384311,0.094537,0.620605,,rest,0,0,debug,0.561119,0.580001,0.180311,0.620605,5,0.672619,0.737019,0.939861,0.510468,0.608436,1.044894,1.576596,-0.0333,0.942041,1.794915,0.777525,1.008370,1.817209,0.760772,1.076760,1.794915,0.799375
13.8339,squat,face,,0.018286,0.000000,,,,,,,,,0.385913,,0.509277,,rest,0,0,debug,0.561119,0.580001,0.177201,0.364746,5,0.673284,0.746447,0.939861,0.510468,0.608436,1.044894,1.576596,0.0000,0.942041,1.794915,0.777525,1.008370,1.817209,0.760772,1.076760,1.794915,0.799375
13.8673,squat,face,,0.018286,0.000000,,,,,,,,,0.385881,0.122413,0.435303,,rest,0,0,debug,0.561119,0.580001,0.174742,0.363525,5,0.674096,0.754668,0.940764,0.514056,0.616124,1.084739,1.612598,0.0000,0.942041,1.794915,0.827139,1.008370,1.840072,0.764749,1.068888,1.817209,0.817238
13.9006,squat,face,,0.018286,0.000000,,,,,,,,,0.380958,0.151418,0.504395,,rest,0,0,debug,0.561119,0.580001,0.165349,0.380127,5,0.674028,0.759473,0.941181,0.531396,0.629765,1.155103,1.669107,-0.0333,0.942041,1.817209,0.846979,1.008370,1.840072,0.733523,1.068888,1.840072,0.846979
13.9339,squat,face,,0.018286,0.000000,,,,,,,,,0.377746,0.164102,0.541016,,rest,0,0,debug,0.561119,0.580001,0.160699,0.339600,5,0.674325,0.761888,0.940347,0.549649,0.635628,1.183815,1.688375,-0.0333,0.942041,1.817209,0.841410,1.008370,1.840072,0.729864,1.076760,1.865207,0.851913
13.9673,squat,face,,0.018286,0.000000,,,,,,,,,,,,,rest,0,0,debug,0.561119,0.580001,,,,0.676756,0.763609,0.940556,0.565121,0.641202,1.203997,1.708085,-0.0333,0.942041,1.817209,0.841410,1.008370,1.865207,0.715084,1.076760,1.889295,0.808208
14.0006,squat,face,,0.018286,0.000000,,,,,,,,,,,,,rest,0,0,debug,0.561119,0.580001,,,,0.677631,0.763467,0.938819,0.583475,0.644025,1.203997,1.729724,-0.0667,0.942041,1.817209,0.760772,1.008370,1.865207,0.704263,1.076760,1.889295,0.808208
14.0673,squat,face,,0.018286,0.000000,,,,,,,,,,,,,rest,0,0,debug,0.561119,0.580001,,,,0.669754,0.756910,0.938611,0.585812,0.644025,1.213989,1.750427,-0.0333,0.942041,1.817209,0.749084,1.008370,1.865207,0.697548,1.068888,1.889295,0.799375
14.1339,squat,face,,0.018286,0.000000,,,,,,,,,0.361496,0.234298,0.498047,,rest,0,0,debug,0.561119,0.580001,0.133980,0.418701,5,0.661062,0.746410,0.938264,0.585812,0.644025,1.213989,1.750427,0.0000,0.935160,1.817209,0.737220,1.008370,1.865207,0.690958,1.076760,1.889295,0.803767
14.1673,squat,face,,0.018286,0.000000,,,,,,,,,0.360528,,0.466553,,rest,0,0,debug,0.561119,0.580001,0.129379,0.346191,5,0.658832,0.743124,0.940069,0.585812,0.641202,1.213989,1.750427,0.0000,0.942041,1.817209,0.729864,1.000977,1.865207,0.684034,1.068888,1.889295,0.790122
14.2006,squat,face,,0.018286,0.000000,,,,,,,,0.431019,0.354981,,0.515625,,rest,0,0,debug,0.561119,0.580001,0.132461,0.264160,5,0.657636,0.740227,0.940694,0.588168,0.641202,1.235223,1.771624,0.0000,0.942041,1.817209,0.722144,1.008370,1.865207,0.684034,1.076760,1.889295,0.817238
14.2340,squat,face,,0.018286,0.000000,,,,,,,,,0.356285,,0.507324,,rest,0,0,debug,0.561119,0.580001,0.132332,0.387451,5,0.655625,0.736221,0.940278,0.590881,0.641202,1.245742,1.771624,0.0000,0.942041,1.840072,0.726241,1.008370,1.865207,0.680849,1.076760,1.889295,0.841410
14.2673,squat,face,,0.018286,0.000000,,,,,,,,,,,,,rest,0,0,debug,0.561119,0.580001,,,,0.653007,0.730943,0.940417,0.593279,0.644025,1.257213,1.771624,-0.0333,0.935160,1.817209,0.752940,1.008370,1.865207,0.680849,1.068888,1.889295,0.846979
14.3006,squat,face,,0.018286,0.000000,,,,,,,,0.521287,0.518357,0.267144,0.538574,,rest,0,0,debug,0.561119,0.580001,0.132411,0.303955,4,0.651226,0.727948,0.941597,0.590881,0.641202,1.268110,1.771624,-0.0333,0.942041,1.817209,0.803767,1.008370,1.865207,0.680849,1.068888,1.889295,0.883519
14.3673,squat,face,,0.018286,0.000000,,,,,,,,0.524762,0.524363,,0.567871,,rest,0,0,debug,0.561119,0.580001,0.131736,0.279785,4,0.649647,0.724171,0.941736,0.590881,0.641202,1.279198,1.794915,0.0000,0.942041,1.817209,0.817238,1.000977,1.865207,0.680849,1.068888,1.889295,0.905393
14.4006,squat,face,,0.018286,0.000000,,,,,,,,0.519521,0.531406,,0.372803,,rest,0,0,debug,0.561119,0.580001,0.123397,0.147217,4,0.649293,0.722227,0.940764,0.590881,0.641202,1.291297,1.794915,0.0000,0.942041,1.817209,0.923352,1.008370,1.865207,0.677697,1.068888,1.889295,0.935160
14.4340,squat,face,,0.018286,0.000000,,,,,,,,0.511032,0.525229,,0.350342,,rest,0,0,debug,0.561119,0.580001,0.121216,0.187256,4,0.648428,0.720280,0.941667,0.590881,0.641202,1.302796,1.794915,0.0000,0.942041,1.817209,1.068888,1.008370,1.865207,0.677697,1.068888,1.889295,0.929219
14.4673,squat,face,,0.018286,0.000000,,,,,,,,0.420988,0.345014,,0.736816,,rest,0,0,debug,0.561119,0.580001,0.130896,0.454346,5,0.647200,0.718368,0.941042,0.590881,0.641202,1.314503,1.794915,-0.0333,0.948147,1.817209,1.493797,1.008370,1.865207,0.677697,1.076760,1.889295,0.942041
14.5006,squat,face,,0.018286,0.000000,,,,,,,,0.418376,0.345065,,0.686035,,rest,0,0,debug,0.561119,0.580001,0.126421,0.448486,5,0.646031,0.716803,0.941250,0.590881,0.644025,1.314503,1.794915,-0.0333,0.942041,1.817209,1.478697,1.008370,1.889295,0.684034,1.076760,1.889295,0.942041
14.5340,squat,face,,0.018286,0.000000,,,,,,,,0.414776,0.346830,,0.413086,,rest,0,0,debug,0.561119,0.580001,0.131793,0.226318,5,0.644865,0.716290,0.941458,0.593279,0.644025,1.314503,1.794915,-0.0333,0.942041,1.817209,1.136515,1.008370,1.889295,0.684034,1.076760,1.889295,0.935160
14.5673,squat,face,,0.018286,0.000000,,,,,,,,,,,,,rest,0,0,debug,0.561119,0.580001,,,,0.643374,0.715442,0.940833,0.593279,0.644025,1.302796,1.794915,-0.0333,0.942041,1.840072,1.119122,1.008370,1.865207,0.680849,1.076760,1.889295,0.935160
14.6340,squat,face,,0.018286,0.000000,,,,,,,,,0.469086,,0.538086,,rest,0,0,debug,0.561119,0.580001,0.131724,0.412842,2,0.638909,0.711419,0.941042,0.590881,0.644025,1.314503,1.794915,-0.0333,0.942041,1.817209,1.110027,1.008370,1.865207,0.680849,1.076760,1.889295,0.960600
14.6673,squat,face,,0.018286,0.000000,,,,,,,,,0.474815,,0.541992,,rest,0,0,debug,0.561119,0.580001,0.133020,0.441895,2,0.636872,0.709275,0.941875,0.593279,0.644025,1.314503,1.794915,-0.0333,0.942041,1.817209,1.119122,1.008370,1.865207,0.680849,1.068888,1.889295,0.973377
14.7006,squat,face,,0.018286,0.000000,,,,,,,,,0.473833,,0.539551,,rest,0,0,debug,0.561119,0.580001,0.135705,0.456787,2,0.634882,0.707211,0.941319,0.593279,0.646873,1.314503,1.794915,-0.0333,0.935160,1.817209,1.101668,1.000977,1.865207,0.684034,1.068888,1.889295,0.960600
14.7340,squat,face,,0.018286,0.000000,,,,,,,,,0.475056,,0.516602,,rest,0,0,debug,0.561119,0.580001,0.134051,0.472168,2,0.632837,0.705560,0.942014,0.595695,0.644025,1.314503,1.794915,-0.0333,0.942041,1.817209,1.101668,1.008370,1.865207,0.684034,1.076760,1.889295,0.960600
14.7673,squat,face,0.003507,0.013852,0.585677,0.575319,0.452458,0.044413,0.078957,0.585677,0.003507,4,,0.468436,,0.524902,,rest,0,0,debug,0.561119,0.580001,0.133833,0.379639,2,0.630575,0.703818,0.942014,0.595695,0.644025,1.314503,1.794915,0.0000,0.942041,1.817209,1.101668,1.008370,1.865207,0.684034,1.076760,1.889295,0.960600
14.8006,squat,face,,0.013852,0.000000,,,,,,,,,0.467522,,0.540039,,rest,0,0,debug,0.561119,0.580001,0.134369,0.394531,2,0.628468,0.702351,0.941250,0.595695,0.646873,1.314503,1.794915,0.0000,0.948147,1.817209,1.101668,1.008370,1.865207,0.684034,1.076760,1.889295,0.966947
14.8340,squat,face,,0.013852,0.000000,,,,,,,,,0.467415,,0.499512,,rest,0,0,debug,0.561119,0.580001,0.131816,0.385010,2,0.626304,0.700674,0.941667,0.598130,0.649744,1.314503,1.817209,0.0000,0.942041,1.817209,1.093433,1.008370,1.865207,0.684034,1.068888,1.889295,0.960600
14.8673,squat,face,,0.013852,0.000000,,,,,,,,,0.471807,,0.512207,,rest,0,0,debug,0.561119,0.580001,0.133768,0.428223,2,0.623974,0.698691,0.940903,0.598130,0.649744,1.314503,1.794915,-0.0333,0.942041,1.817209,1.101668,1.008370,1.865207,0.684034,1.068888,1.889295,1.008370
14.9006,squat,face,,0.013852,0.000000,,,,,,,,,0.470969,,0.449951,,rest,0,0,debug,0.561119,0.580001,0.131029,0.385010,2,0.621630,0.696273,0.941250,0.595695,0.646873,1.314503,1.794915,-0.0333,0.935160,1.817209,1.093433,1.008370,1.865207,0.684034,1.076760,1.889295,1.052952
14.9340,squat,face,,0.013852,0.000000,,,,,,,,,0.471760,,0.496826,,rest,0,0,debug,0.561119,0.580001,0.131295,0.376953,2,0.619423,0.693779,0.941319,0.598130,0.646873,1.314503,1.794915,-0.0333,0.942041,1.817209,1.093433,1.008370,1.865207,0.684034,1.068888,1.889295,1.044894
14.9673,squat,face,,0.013852,0.000000,,,,,,,,,0.472573,,0.491699,,rest,0,0,debug,0.561119,0.580001,0.132008,0.358887,2,0.616891,0.691224,0.941250,0.598130,0.646873,1.314503,1.817209,-0.0333,0.942041,1.817209,1.076760,1.008370,1.889295,0.687710,1.076760,1.889295,1.044894
15.0007,squat,face,,0.013852,0.000000,,,,,,,,,0.472406,,0.478760,,rest,0,0,debug,0.561119,0.580001,0.132358,0.372314,2,0.614023,0.688680,0.941319,0.598130,0.646873,1.314503,1.794915,-0.0333,0.942041,1.817209,1.084739,1.008370,1.865207,0.687710,1.068888,1.889295,1.044894
15.0340,squat,face,,0.013852,0.000000,,,,,,,,,0.476095,,0.485596,,rest,0,0,debug,0.561119,0.580001,0.129284,0.417969,2,0.611226,0.686110,0.941042,0.598130,0.649744,1.314503,1.817209,-0.0333,0.942041,1.817209,1.084739,1.008370,1.865207,0.687710,1.076760,1.889295,1.052952
15.0673,squat,face,,0.013852,0.000000,,,,,,,,,0.475962,0.346692,0.514160,,rest,0,0,debug,0.561119,0.580001,0.130635,0.441406,2,0.608473,0.683676,0.941319,0.598130,0.646873,1.314503,1.817209,-0.0333,0.942041,1.840072,1.076760,1.015369,1.889295,0.687710,1.068888,1.889295,1.052952
15.1007,squat,face,,0.013852,0.000000,,,,,,,,,0.473989,,0.517090,,rest,0,0,debug,0.561119,0.580001,0.127294,0.386475,2,0.605795,0.681289,0.941667,0.598130,0.649744,1.327284,1.794915,-0.0333,0.948147,1.817209,1.093433,1.008370,1.889295,0.687710,1.076760,1.889295,1.068888
15.1340,squat,face,,0.013852,0.000000,,,,,,,,,0.472196,,0.513672,,rest,0,0,debug,0.561119,0.580001,0.132107,0.409668,2,0.603165,0.678771,0.940556,0.595695,0.649744,1.314503,1.794915,-0.0333,0.948147,1.817209,1.068888,1.008370,1.889295,0.687710,1.076760,1.889295,1.060587
15.1673,squat,face,,0.013852,0.000000,,,,,,,,,0.474274,0.284218,0.524414,,rest,0,0,debug,0.561119,0.580001,0.135301,0.450928,2,0.600422,0.676310,0.941389,0.598130,0.649744,1.314503,1.794915,-0.0333,0.942041,1.817209,1.076760,1.008370,1.865207,0.687710,1.076760,1.889295,1.060587
15.2007,squat,face,,0.013852,0.000000,,,,,,,,,0.472893,0.285556,0.485107,,rest,0,0,debug,0.561119,0.580001,0.134479,0.437500,2,0.598016,0.674196,0.941875,0.598130,0.649744,1.314503,1.794915,-0.0333,0.935160,1.817209,1.076760,1.000977,1.865207,0.687710,1.068888,1.889295,1.060587
15.2340,squat,face,,0.013852,0.000000,,,,,,,,,0.474698,0.285716,0.481201,,rest,0,0,debug,0.561119,0.580001,0.133711,0.441406,2,0.595453,0.671854,0.941736,0.598130,0.649744,1.314503,1.794915,-0.0333,0.942041,1.817209,1.084739,1.008370,1.889295,0.690958,1.068888,1.889295,1.052952
15.2673,squat,face,,0.013852,0.000000,,,,,,,,,0.475423,0.347766,0.466553,,rest,0,0,debug,0.561119,0.580001,0.129804,0.425781,2,0.593145,0.669720,0.941111,0.598130,0.649744,1.314503,1.794915,-0.0333,0.942041,1.817209,1.068888,1.008370,1.865207,0.687710,1.068888,1.889295,1.076760
15.3007,squat,face,,0.013852,0.000000,,,,,,,,,0.477056,,0.451172,,rest,0,0,debug,0.561119,0.580001,0.131339,0.435547,2,0.590777,0.667572,0.941319,0.600585,0.649744,1.314503,1.794915,-0.0333,0.942041,1.817209,1.084739,1.008370,1.865207,0.687710,1.076760,1.889295,1.068888
15.3340,squat,face,,0.013852,0.000000,,,,,,,,,0.471589,,0.475342,,rest,0,0,debug,0.561119,0.580001,0.133866,0.418701,2,0.588276,0.665577,0.940972,0.598130,0.649744,1.302796,1.794915,-0.0333,0.942041,1.817209,1.084739,1.008370,1.865207,0.687710,1.068888,1.889295,1.068888
15.3673,squat,face,,0.013852,0.000000,,,,,,,,,0.476196,0.284070,0.476807,,rest,0,0,debug,0.561119,0.580001,0.132329,0.414795,2,0.586128,0.663680,0.940764,0.600585,0.653060,1.314503,1.817209,-0.0333,0.942041,1.817209,1.084739,1.008370,1.889295,0.687710,1.076760,1.889295,1.060587
15.4007,squat,face,,0.013852,0.000000,,,,,,,,,0.477161,0.342289,0.457275,,rest,0,0,debug,0.561119,0.580001,0.130904,0.430664,2,0.584040,0.661893,0.941319,0.598130,0.649744,1.314503,1.794915,-0.0333,0.942041,1.817209,1.084739,1.008370,1.865207,0.687710,1.068888,1.889295,1.060587
15.4340,squat,face,,0.013852,0.000000,,,,,,,,,0.476550,,0.453857,,rest,0,0,debug,0.561119,0.580001,0.129054,0.427734,2,0.581977,0.659937,0.941319,0.598130,0.649744,1.314503,1.794915,-0.0333,0.935160,1.817209,1.076760,1.008370,1.865207,0.687710,1.068888,1.889295,1.052952
15.4673,squat,face,,0.013852,0.000000,,,,,,,,,0.478214,,0.462646,,rest,0,0,debug,0.561119,0.580001,0.131940,0.428467,2,0.580045,0.658029,0.941597,0.598130,0.649744,1.327284,1.794915,-0.0333,0.942041,1.817209,1.084739,1.008370,1.889295,0.687710,1.076760,1.889295,1.060587
15.5007,squat,face,,0.013852,0.000000,,,,,,,,,0.476628,,0.469238,,rest,0,0,debug,0.561119,0.580001,0.132575,0.406494,2,0.578213,0.656222,0.941736,0.598130,0.649744,1.314503,1.794915,-0.0333,0.935160,1.817209,1.068888,1.008370,1.865207,0.687710,1.076760,1.889295,1.060587
15.5340,squat,face,,0.013852,0.000000,,,,,,,,,0.475759,,0.470215,,rest,0,0,debug,0.561119,0.580001,0.129965,0.381836,2,0.576265,0.654271,0.941250,0.598130,0.649744,1.314503,1.794915,-0.0333,0.942041,1.817209,1.076760,1.000977,1.865207,0.687710,1.076760,1.889295,1.052952
15.5673,squat,face,,0.013852,0.000000,,,,,,,,,0.477147,,0.444336,,rest,0,0,debug,0.561119,0.580001,0.130276,0.400879,2,0.574484,0.652527,0.941319,0.600585,0.649744,1.314503,1.794915,-0.0333,0.942041,1.817209,1.076760,1.008370,1.889295,0.690958,1.068888,1.889295,1.060587
15.6007,squat,face,,0.013852,0.000000,,,,,,,,,0.481040,,0.420654,,rest,0,0,debug,0.561119,0.580001,0.129743,0.395020,2,0.572688,0.650706,0.941944,0.598130,0.649744,1.302796,1.794915,-0.0333,0.942041,1.817209,1.068888,1.008370,1.865207,0.687710,1.068888,1.889295,1.052952
15.6340,squat,face,,0.013852,0.000000,,,,,,,,,0.479032,,0.424072,,rest,0,0,debug,0.561119,0.580001,0.130755,0.394287,2,0.570863,0.649007,0.940556,0.598130,0.646873,1.314503,1.794915,-0.0333,0.942041,1.817209,1.076760,1.008370,1.889295,0.687710,1.076760,1.889295,1.037485
15.6673,squat,face,,0.013852,0.000000,,,,,,,,0.518788,0.530199,0.274902,0.418213,,rest,0,0,debug,0.561119,0.580001,0.121123,0.330322,4,0.569273,0.647435,0.941667,0.595695,0.646873,1.314503,1.794915,-0.0333,0.942041,1.817209,1.060587,1.008370,1.865207,0.687710,1.068888,1.889295,1.037485
15.7340,squat,face,,0.013852,0.000000,,,,,,,,0.520214,0.529559,0.275976,0.397461,,rest,0,0,debug,0.561119,0.580001,0.119639,0.337646,4,0.566275,0.644492,0.941250,0.598130,0.649744,1.314503,1.817209,-0.0333,0.942041,1.817209,1.076760,1.008370,1.889295,0.687710,1.076760,1.889295,1.044894
15.7674,squat,face,,0.013852,0.000000,,,,,,,,0.521329,0.524647,0.260844,0.383545,,rest,0,0,debug,0.561119,0.580001,0.123811,0.276123,4,0.564887,0.643099,0.941250,0.598130,0.649744,1.314503,1.817209,0.0000,0.942041,1.817209,1.076760,1.008370,1.889295,0.687710,1.076760,1.889295,1.044894
15.8007,squat,face,,0.013852,0.000000,,,,,,,,0.522278,0.526610,0.264954,0.370605,,rest,0,0,debug,0.561119,0.580001,0.119645,0.260742,4,0.563450,0.641696,0.940833,0.595695,0.649744,1.314503,1.794915,0.0000,0.942041,1.817209,1.060587,1.008370,1.865207,0.687710,1.068888,1.889295,1.030173
15.8340,squat,face,,0.013852,0.000000,,,,,,,,0.519480,0.524509,0.265987,0.386230,,rest,0,0,debug,0.561119,0.580001,0.124901,0.308350,4,0.562149,0.640355,0.941458,0.598130,0.649744,1.314503,1.794915,0.0000,0.942041,1.817209,1.068888,1.008370,1.865207,0.687710,1.068888,1.889295,1.030173
15.8674,squat,face,,0.013852,0.000000,,,,,,,,0.518713,0.528250,0.263934,0.376953,,rest,0,0,debug,0.561119,0.580001,0.119581,0.316895,4,0.560861,0.639070,0.940972,0.598130,0.649744,1.314503,1.794915,-0.0333,0.942041,1.817209,1.068888,1.008370,1.889295,0.687710,1.068888,1.889295,1.037485
15.9007,squat,face,,0.013852,0.000000,,,,,,,,0.520625,0.526721,,0.387939,,rest,0,0,debug,0.561119,0.580001,0.120463,0.321533,4,0.559550,0.637841,0.941458,0.598130,0.649744,1.314503,1.794915,-0.0333,0.942041,1.817209,1.076760,1.008370,1.889295,0.687710,1.076760,1.889295,1.015369
15.9340,squat,face,,0.013852,0.000000,,,,,,,,0.519876,0.529014,0.261296,0.352783,,rest,0,0,debug,0.561119,0.580001,0.120105,0.272705,4,0.558273,0.636680,0.941319,0.598130,0.649744,1.314503,1.794915,-0.0333,0.942041,1.817209,1.076760,1.000977,1.865207,0.687710,1.076760,1.889295,1.030173
15.9674,squat,face,,0.013852,0.000000,,,,,,,,0.516557,0.528009,0.264792,0.393311,,rest,0,0,debug,0.561119,0.580001,0.118666,0.329590,4,0.557042,0.635625,0.941458,0.600585,0.649744,1.314503,1.794915,-0.0333,0.942041,1.817209,1.076760,1.008370,1.889295,0.690958,1.076760,1.889295,1.008370
16.0007,squat,face,,0.013852,0.000000,,,,,,,,0.519827,0.527699,0.261324,0.373779,,rest,0,0,debug,0.561119,0.580001,0.120086,0.303467,4,0.555895,0.634412,0.941806,0.598130,0.646873,1.302796,1.794915,-0.0333,0.942041,1.817209,1.068888,1.008370,1.865207,0.687710,1.068888,1.889295,1.022465
16.0340,squat,face,,0.013852,0.000000,,,,,,,,0.517187,0.528667,0.265211,0.370605,,rest,0,0,debug,0.561119,0.580001,0.119949,0.260742,4,0.554826,0.633412,0.941667,0.598130,0.649744,1.314503,1.817209,-0.0333,0.942041,1.817209,1.076760,1.008370,1.889295,0.687710,1.068888,1.889295,1.008370
16.0674,squat,face,,0.013852,0.000000,,,,,,,,0.516593,0.529984,0.265754,0.387695,,rest,0,0,debug,0.561119,0.580001,0.121480,0.291748,4,0.553793,0.632344,0.941319,0.598130,0.649744,1.314503,1.817209,-0.0333,0.942041,1.817209,1.084739,1.008370,1.889295,0.687710,1.068888,1.889295,1.008370
16.1007,squat,face,,0.013852,0.000000,,,,,,,,0.519359,0.532968,0.262636,0.350830,,rest,0,0,debug,0.561119,0.580001,0.123727,0.255127,4,0.552895,0.631475,0.941736,0.598130,0.649744,1.314503,1.794915,-0.0333,0.935160,1.817209,1.084739,1.008370,1.865207,0.687710,1.068888,1.889295,1.015369
16.1340,squat,face,,0.013852,0.000000,,,,,,,,0.517885,0.529860,0.262269,0.323975,,rest,0,0,debug,0.561119,0.580001,0.120396,0.236816,4,0.552017,0.630691,0.941528,0.598130,0.649744,1.314503,1.794915,-0.0333,0.942041,1.817209,1.084739,1.008370,1.889295,0.687710,1.076760,1.889295,1.015369
16.1674,squat,face,,0.013852,0.000000,,,,,,,,,0.342600,0.232353,0.670410,,rest,0,0,debug,0.561119,0.580001,0.130158,0.604980,5,0.551193,0.629937,0.941736,0.600585,0.649744,1.314503,1.817209,-0.0667,0.942041,1.817209,1.084739,1.008370,1.889295,0.690958,1.076760,1.889295,1.030173
16.2340,squat,face,,0.013852,0.000000,,,,,,,,,0.342952,0.242679,0.642578,,rest,0,0,debug,0.561119,0.580001,0.128850,0.569336,5,0.549729,0.628613,0.940972,0.598130,0.653060,1.302796,1.794915,-0.0333,0.942041,1.817209,1.084739,1.008370,1.865207,0.687710,1.068888,1.889295,1.015369
16.2674,squat,face,,0.013852,0.000000,,,,,,,,,0.343107,0.241061,0.648926,,rest,0,0,debug,0.561119,0.580001,0.128564,0.615234,5,0.549095,0.628129,0.941181,0.600585,0.649744,1.314503,1.794915,-0.0333,0.942041,1.817209,1.084739,1.008370,1.865207,0.687710,1.076760,1.889295,1.022465
16.3007,squat,face,,0.013852,0.000000,,,,,,,,,0.343235,0.241581,0.662109,,rest,0,0,debug,0.561119,0.580001,0.129444,0.613281,5,0.548527,0.627475,0.941181,0.600585,0.649744,1.314503,1.794915,0.0000,0.942041,1.817209,1.084739,1.008370,1.865207,0.687710,1.076760,1.889295,1.022465
16.3340,squat,face,,0.013852,0.000000,,,,,,,,,0.343191,0.241580,0.668945,,rest,0,0,debug,0.561119,0.580001,0.129271,0.610352,5,0.547984,0.627005,0.941250,0.598130,0.649744,1.314503,1.794915,-0.0333,0.942041,1.817209,1.084739,1.008370,1.889295,0.690958,1.068888,1.889295,1.022465
16.3674,squat,face,,0.013852,0.000000,,,,,,,,,0.343160,0.242301,0.663086,,rest,0,0,debug,0.561119,0.580001,0.129160,0.601074,5,0.547294,0.626462,0.941458,0.600585,0.649744,1.314503,1.794915,-0.0333,0.942041,1.817209,1.084739,1.008370,1.865207,0.690958,1.068888,1.889295,1.008370
16.4007,squat,face,,0.013852,0.000000,,,,,,,,,0.343351,0.242689,0.627930,,rest,0,0,debug,0.561119,0.580001,0.128909,0.531738,5,0.546669,0.625954,0.941458,0.598130,0.649744,1.314503,1.794915,-0.0333,0.942041,1.817209,1.084739,1.008370,1.889295,0.690958,1.068888,1.889295,1.000977
16.4340,squat,face,,0.013852,0.000000,,,,,,,,,0.343684,0.243895,0.627441,,rest,0,0,debug,0.561119,0.580001,0.127786,0.574707,5,0.546058,0.625376,0.941944,0.598130,0.649744,1.314503,1.794915,-0.0333,0.942041,1.817209,1.076760,1.008370,1.889295,0.687710,1.068888,1.889295,1.008370
16.4674,squat,face,,0.013852,0.000000,,,,,,,,,0.343925,0.243032,0.632812,,rest,0,0,debug,0.561119,0.580001,0.127505,0.617676,5,0.545503,0.624832,0.941389,0.598130,0.649744,1.302796,1.794915,-0.0333,0.935160,1.817209,1.084739,1.008370,1.865207,0.687710,1.060587,1.889295,1.022465
16.5007,squat,face,,0.013852,0.000000,,,,,,,,,0.343806,0.241870,0.595703,,rest,0,0,debug,0.561119,0.580001,0.127491,0.547852,5,0.544852,0.624213,0.941597,0.598130,0.649744,1.314503,1.794915,-0.0333,0.942041,1.817209,1.093433,1.008370,1.889295,0.690958,1.076760,1.889295,1.015369
16.5341,squat,face,,0.013852,0.000000,,,,,,,,,0.344215,0.238837,0.560059,,rest,0,0,debug,0.561119,0.580001,0.127694,0.510742,5,0.544368,0.623686,0.941181,0.600585,0.649744,1.302796,1.794915,-0.0333,0.935160,1.817209,1.084739,1.000977,1.865207,0.687710,1.068888,1.889295,1.008370
16.5674,squat,face,,0.013852,0.000000,,,,,,,,,0.344244,0.242731,0.609375,,rest,0,0,debug,0.561119,0.580001,0.127804,0.546875,5,0.543924,0.623218,0.941111,0.600585,0.646873,1.302796,1.794915,-0.0333,0.935160,1.817209,1.084739,1.008370,1.865207,0.687710,1.068888,1.889295,1.008370
16.6007,squat,face,,0.013852,0.000000,,,,,,,,,0.343874,0.242447,0.625977,,rest,0,0,debug,0.561119,0.580001,0.127409,0.563965,5,0.543463,0.622704,0.941944,0.600585,0.649744,1.314503,1.794915,-0.0333,0.942041,1.817209,1.093433,1.008370,1.865207,0.690958,1.068888,1.889295,1.008370
16.6341,squat,face,,0.013852,0.000000,,,,,,,,,0.343773,0.239111,0.615723,,rest,0,0,debug,0.561119,0.580001,0.127103,0.527344,5,0.543015,0.622235,0.941736,0.600585,0.649744,1.314503,1.794915,-0.0333,0.942041,1.817209,1.084739,1.008370,1.889295,0.690958,1.076760,1.889295,1.008370
16.6674,squat,face,,0.013852,0.000000,,,,,,,,,0.344256,0.240036,0.603027,,rest,0,0,debug,0.561119,0.580001,0.128447,0.529785,5,0.542657,0.621721,0.941806,0.600585,0.649744,1.302796,1.794915,-0.0333,0.942041,1.817209,1.076760,1.008370,1.865207,0.687710,1.076760,1.889295,1.022465
16.7007,squat,face,,0.013852,0.000000,,,,,,,,,0.343828,0.238828,0.634766,,rest,0,0,debug,0.561119,0.580001,0.129162,0.548340,5,0.542232,0.621132,0.941389,0.598130,0.646873,1.302796,1.794915,-0.0333,0.935160,1.817209,1.084739,1.008370,1.865207,0.690958,1.076760,1.889295,1.008370
16.7341,squat,face,,0.013852,0.000000,,,,,,,,,0.344139,0.242467,0.625488,,rest,0,0,debug,0.561119,0.580001,0.127267,0.550781,5,0.541900,0.620579,0.941389,0.598130,0.649744,1.302796,1.794915,-0.0333,0.935160,1.817209,1.076760,1.000977,1.865207,0.687710,1.068888,1.889295,1.008370
16.7674,squat,face,,0.013852,0.000000,,,,,,,,,0.344087,0.238610,0.634277,,rest,0,0,debug,0.561119,0.580001,0.128614,0.548828,5,0.541375,0.620122,0.940972,0.598130,0.649744,1.302796,1.794915,-0.0333,0.942041,1.817209,1.084739,1.008370,1.865207,0.690958,1.076760,1.889295,1.008370
16.8007,squat,face,,0.013852,0.000000,,,,,,,,,0.344415,0.243034,0.646973,,rest,0,0,debug,0.561119,0.580001,0.128333,0.606934,5,0.540911,0.619605,0.941528,0.598130,0.649744,1.302796,1.794915,-0.0333,0.935160,1.817209,1.093433,1.008370,1.889295,0.694236,1.076760,1.915808,1.008370
16.8341,squat,face,,0.013852,0.000000,,,,,,,,,0.344717,0.242337,0.641602,,rest,0,0,debug,0.561119,0.580001,0.128911,0.587402,5,0.540581,0.619113,0.941389,0.600585,0.649744,1.314503,1.794915,-0.0333,0.942041,1.817209,1.093433,1.008370,1.889295,0.687710,1.068888,1.889295,1.015369
16.8674,squat,face,,0.013852,0.000000,,,,,,,,,0.345001,0.242603,0.639648,,rest,0,0,debug,0.561119,0.580001,0.127915,0.579102,5,0.540276,0.618645,0.941389,0.598130,0.649744,1.302796,1.794915,-0.0333,0.942041,1.817209,1.093433,1.008370,1.889295,0.690958,1.076760,1.889295,1.008370
16.9007,squat,face,,0.013852,0.000000,,,,,,,,,0.344605,0.242970,0.644043,,rest,0,0,debug,0.561119,0.580001,0.128677,0.596680,5,0.539941,0.618220,0.941806,0.598130,0.649744,1.302796,1.794915,-0.0333,0.935160,1.817209,1.076760,1.008370,1.865207,0.687710,1.076760,1.889295,1.030173
16.9341,squat,face,,0.013852,0.000000,,,,,,,,,0.344878,0.240351,0.615234,,rest,0,0,debug,0.561119,0.580001,0.127924,0.559570,5,0.539581,0.617661,0.941806,0.598130,0.646873,1.302796,1.794915,-0.0333,0.935160,1.817209,1.093433,1.008370,1.865207,0.687710,1.068888,1.889295,1.022465
16.9674,squat,face,,0.013852,0.000000,,,,,,,,,0.345053,0.240541,0.617188,,rest,0,0,debug,0.561119,0.580001,0.127840,0.559570,5,0.539218,0.617225,0.941389,0.598130,0.649744,1.302796,1.794915,-0.0333,0.935160,1.817209,1.084739,1.008370,1.889295,0.690958,1.068888,1.889295,1.015369
17.0007,squat,face,,0.013852,0.000000,,,,,,,,,0.345768,0.240718,0.564453,,rest,0,0,debug,0.561119,0.580001,0.127143,0.494629,5,0.538962,0.616823,0.941875,0.598130,0.649744,1.302796,1.794915,-0.0333,0.942041,1.817209,1.068888,1.000977,1.865207,0.687710,1.076760,1.889295,1.008370
17.0341,squat,face,,0.013852,0.000000,,,,,,,,,0.344536,0.246574,0.636719,,rest,0,0,debug,0.561119,0.580001,0.129759,0.543457,5,0.538581,0.616294,0.941597,0.598130,0.649744,1.302796,1.794915,-0.0333,0.935160,1.817209,1.084739,1.008370,1.865207,0.690958,1.076760,1.889295,0.994175
17.0674,squat,face,,0.013852,0.000000,,,,,,,,,0.345558,0.245725,0.627930,,rest,0,0,debug,0.561119,0.580001,0.129002,0.549805,5,0.538334,0.615981,0.941319,0.598130,0.649744,1.302796,1.794915,-0.0333,0.942041,1.817209,1.076760,1.008370,1.865207,0.687710,1.068888,1.889295,0.987463
17.1007,squat,face,,0.013852,0.000000,,,,,,,,,0.345661,0.242317,0.612793,,rest,0,0,debug,0.561119,0.580001,0.129522,0.524902,5,0.538029,0.615517,0.941389,0.598130,0.646873,1.302796,1.794915,-0.0333,0.935160,1.817209,1.060587,1.008370,1.865207,0.687710,1.068888,1.889295,0.973377
17.1341,squat,face,0.002861,0.010555,0.580653,0.578000,0.468986,0.040118,0.071321,0.580653,0.002861,4,,0.345676,0.239983,0.589844,,rest,0,0,debug,0.561119,0.580001,0.131165,0.481934,5,0.537542,0.614892,0.941111,0.598130,0.649744,1.291297,1.794915,-0.0333,0.942041,1.817209,1.044894,1.008370,1.865207,0.687710,1.076760,1.889295,0.960600
17.1674,squat,face,,0.010555,0.000000,,,,,,,,,0.345549,0.243085,0.563477,,rest,0,0,debug,0.561119,0.580001,0.132367,0.473877,5,0.537175,0.614748,0.941042,0.595695,0.646873,1.291297,1.794915,-0.0333,0.935160,1.817209,0.966947,1.000977,1.865207,0.687710,1.076760,1.889295,0.954332
17.2007,squat,face,0.003746,0.008512,0.589624,0.576007,0.453869,0.045903,0.081604,0.589624,0.003746,4,,0.345692,,0.489990,,rest,0,0,debug,0.561119,0.580001,0.133654,0.397217,5,0.536639,0.614459,0.941042,0.595695,0.646873,1.291297,1.794915,0.0000,0.935160,1.817209,0.966947,1.000977,1.865207,0.687710,1.076760,1.889295,0.954332
17.2341,squat,face,0.004469,0.007299,0.589210,0.574871,0.457580,0.050136,0.089130,0.589210,0.004469,4,,0.345890,,0.474609,,rest,0,0,debug,0.561119,0.580001,0.134773,0.400391,5,0.536085,0.614459,0.940694,0.598130,0.646873,1.291297,1.794915,0.0000,0.935160,1.817209,0.905393,1.008370,1.865207,0.690958,1.068888,1.915808,0.966947
17.2674,squat,face,,0.007299,0.000000,,,,,,,,,,,,,rest,0,0,debug,0.561119,0.580001,,,,0.535867,0.614305,0.939861,0.593279,0.646873,1.291297,1.794915,-0.0333,0.942041,1.817209,0.846979,1.008370,1.889295,0.694236,1.076760,1.915808,1.037485
17.3008,squat,face,,0.007299,0.000000,,,,,,,,,,,,,rest,0,0,debug,0.561119,0.580001,,,,0.535580,0.614452,0.939444,0.590881,0.646873,1.279198,1.794915,-0.0333,0.942041,1.817209,0.831844,1.008370,1.865207,0.697548,1.076760,1.889295,1.037485
17.3674,squat,face,,0.007299,0.000000,,,,,,,,,0.346458,0.191909,0.673340,,rest,0,0,debug,0.561119,0.580001,0.143228,0.627441,5,0.534429,0.614879,0.939653,0.585812,0.644025,1.257213,1.771624,-0.0333,0.935160,1.817209,0.799375,1.008370,1.865207,0.700890,1.076760,1.889295,1.015369
17.4008,squat,face,,0.007299,0.000000,,,,,,,,,0.346388,0.202962,0.684082,,rest,0,0,debug,0.561119,0.580001,0.149270,0.610840,5,0.533470,0.615719,0.938681,0.571747,0.638400,1.224876,1.771624,-0.0333,0.942041,1.817209,0.846979,1.008370,1.865207,0.708160,1.068888,1.889295,1.044894
17.4341,squat,face,,0.007299,0.000000,,,,,,,,,0.348186,,0.513184,,rest,0,0,debug,0.561119,0.580001,0.146271,0.472168,5,0.528188,0.611281,0.937986,0.556219,0.632489,1.194168,1.750427,-0.0333,0.942041,1.794915,0.856903,1.008370,1.865207,0.711603,1.068888,1.865207,1.044894
17.4674,squat,face,,0.007299,0.000000,,,,,,,,0.436560,0.351078,,0.525391,,rest,0,0,debug,0.561119,0.580001,0.150377,0.434326,5,0.524253,0.607659,0.938194,0.535285,0.621734,1.164298,1.729724,-0.0333,0.942041,1.794915,0.872231,1.008370,1.865207,0.715084,1.076760,1.865207,0.987463
17.5008,squat,face,,0.007299,0.000000,,,,,,,,0.439518,0.351661,,0.464844,,rest,0,0,debug,0.561119,0.580001,0.152789,0.440186,5,0.523276,0.606882,0.940208,0.514056,0.613541,1.136515,1.708085,-0.0333,0.942041,1.794915,0.883519,1.008370,1.865207,0.726241,1.068888,1.840072,0.935160
17.5341,squat,face,,0.007299,0.000000,,,,,,,,,0.353658,,0.485107,,rest,0,0,debug,0.561119,0.580001,0.160795,0.373779,5,0.523677,0.605847,0.941250,0.499512,0.605917,1.110027,1.688375,-0.0333,0.935160,1.794915,0.867062,1.008370,1.840072,0.764749,1.068888,1.817209,0.905393
17.5674,squat,face,,0.007299,0.000000,,,,,,,,0.429536,0.356096,0.142582,0.647949,,rest,0,0,debug,0.561119,0.580001,0.171286,0.572754,5,0.524990,0.605741,0.941250,0.489484,0.600585,1.076760,1.688375,-0.0333,0.942041,1.794915,0.851913,1.000977,1.840072,0.777525,1.068888,1.817209,0.883519
17.6008,squat,face,,0.007299,0.000000,,,,,,,,,0.358302,0.136111,0.536621,,rest,0,0,debug,0.561119,0.580001,0.178796,0.529785,5,0.524953,0.604501,0.941458,0.479399,0.605917,1.037485,1.669107,-0.0333,0.942041,1.771624,0.817238,1.008370,1.840072,0.768767,1.076760,1.771624,0.851913
17.6341,squat,face,,0.007299,0.000000,,,,,,,,,0.359231,0.107136,0.720703,,rest,0,0,debug,0.561119,0.580001,0.186370,0.676270,5,0.524780,0.603356,0.940347,0.471455,0.610974,0.994175,1.669107,-0.0333,0.942041,1.771624,0.790122,1.008370,1.840072,0.756835,1.068888,1.729724,0.808208
17.6674,squat,face,,0.007299,0.000000,,,,,,,,,0.357370,0.081494,0.715332,,rest,0,0,debug,0.561119,0.580001,0.196477,0.683594,5,0.523871,0.602029,0.940069,0.463766,0.618731,0.954332,1.648953,-0.0333,0.942041,1.750427,0.777525,1.008370,1.840072,0.740954,1.076760,1.669107,0.764749
17.7008,squat,face,,0.007299,0.000000,,,,,,,,,0.352117,0.056529,0.682129,,rest,0,0,debug,0.561119,0.580001,0.204690,0.664062,5,0.522522,0.600780,0.940417,0.455111,0.629765,0.917560,1.630572,-0.0333,0.935160,1.750427,0.756835,1.008370,1.840072,0.722144,1.068888,1.558600,0.726241
17.7341,squat,face,,0.007299,0.000000,,,,,,,,,0.347604,0.051251,0.663086,,rest,0,0,debug,0.561119,0.580001,0.216191,0.609863,5,0.523330,0.600868,0.940000,0.450704,0.624387,0.899824,1.630572,-0.0333,0.942041,1.750427,0.722144,1.008370,1.840072,0.690958,1.068888,1.526079,0.694236
17.7674,squat,face,,0.007299,0.000000,,,,,,,,,0.341767,,0.573730,,rest,0,0,debug,0.561119,0.580001,0.225902,0.451904,5,0.524342,0.600715,0.938889,0.442524,0.605917,0.872231,1.648953,-0.0333,0.935160,1.771624,0.684034,1.008370,1.840072,0.661926,1.068888,1.365330,0.653060
17.8008,squat,face,,0.007299,0.000000,,,,,,,,,0.339645,,0.608398,,rest,0,0,debug,0.561119,0.580001,0.239285,0.477051,5,0.525621,0.601997,0.940347,0.438354,0.583475,0.851913,1.648953,-0.0333,0.911843,1.771624,0.644025,1.008370,1.840072,0.624387,1.052952,1.729724,0.616124
17.8341,squat,face,0.008298,0.007599,0.582123,0.509558,0.408333,0.068320,0.121458,0.582123,0.008298,4,,0.332035,,0.485352,,rest,0,0,debug,0.561119,0.580001,0.254588,0.392578,5,0.525059,0.602569,0.940486,0.438354,0.558342,0.822490,1.648953,-0.0333,0.888884,1.794915,0.610974,1.008370,1.840072,0.590881,1.030173,1.840072,0.576252
17.8674,squat,face,,0.007599,0.000000,,,,,,,,,,,,,rest,0,0,debug,0.561119,0.580001,,,,0.523471,0.603508,0.940833,0.435743,0.533333,0.808208,1.648953,-0.0333,0.861952,1.794915,0.573991,1.000977,1.817209,0.554109,0.980837,1.865207,0.543524
17.9008,squat,face,,0.007599,0.000000,,,,,,,,,,,,,rest,0,0,debug,0.561119,0.580001,,,,0.523380,0.605600,0.942778,0.450704,0.479399,0.790122,1.648953,-0.0667,0.851913,1.817209,0.514056,1.008370,1.817209,0.498053,0.905393,1.889295,0.492781
17.9674,squat,face,,0.007599,0.000000,,,,,,,,,,,,,rest,0,0,debug,0.561119,0.580001,,,,0.523442,0.602851,0.942431,0.446382,0.462511,0.790122,1.630572,-0.0333,0.851913,1.817209,0.498053,1.008370,1.817209,0.481202,0.872231,1.889295,0.476279
18.0008,squat,face,0.018951,0.011005,0.616742,0.382753,0.461394,0.103247,0.183551,0.616742,0.018951,2,,,,,,rest,0,0,debug,0.561119,0.580001,,,,0.524324,0.598744,0.941597,0.431703,0.443674,0.777525,1.612598,-0.0667,0.831844,1.817209,0.482564,1.008370,1.817209,0.468435,0.822490,1.889295,0.462511
18.0675,squat,face,0.016257,0.013683,0.688565,0.406738,0.481185,0.095627,0.170004,0.688565,0.016257,2,,,,,,rest,0,0,debug,0.561119,0.580001,,,,0.522934,0.592258,0.940556,0.432797,0.445217,0.768767,1.612598,-0.0333,0.822490,1.817209,0.484390,1.008370,1.817209,0.468435,0.803767,1.889295,0.465454
18.1008,squat,face,0.018316,0.015073,0.702430,0.401658,0.478529,0.101503,0.180449,0.702430,0.018316,2,,,,,,rest,0,0,debug,0.561119,0.580001,,,,0.520057,0.590736,0.938958,0.438354,0.453498,0.752940,1.612598,-0.0333,0.808208,1.817209,0.492781,1.008370,1.817209,0.474953,0.803767,1.889295,0.471455
18.1341,squat,face,0.018930,0.016230,0.706243,0.398755,0.481367,0.103190,0.183449,0.706243,0.018930,2,,,,,,rest,0,0,debug,0.561119,0.580001,,,,0.517301,0.591223,0.937500,0.440998,0.481202,0.744725,1.593774,-0.0667,0.795026,1.794915,0.521650,1.008370,1.817209,0.504929,0.831844,1.865207,0.492781
18.2008,squat,face,0.018755,0.017518,0.596621,0.398089,0.484338,0.102712,0.182598,0.596621,0.018755,2,,,,,,rest,0,0,debug,0.561119,0.580001,,,,0.511539,0.593242,0.937014,0.430252,0.499512,0.752940,1.593774,-0.0333,0.803767,1.794915,0.545551,1.008370,1.817209,0.525398,0.851913,1.865207,0.512256
18.2341,squat,face,0.014643,0.016655,0.614363,0.499277,0.330489,0.090756,0.161344,0.614363,0.014643,4,,,,,,rest,0,0,debug,0.561119,0.580001,,,,0.509539,0.593929,0.937500,0.429170,0.512256,0.764749,1.593774,-0.0333,0.822490,1.794915,0.569521,1.008370,1.817209,0.549649,0.861952,1.817209,0.533333
18.2675,squat,face,,0.016655,0.000000,,,,,,,,,,,,,rest,0,0,debug,0.561119,0.580001,,,,0.509921,0.595875,0.936736,0.434266,0.517695,0.795026,1.593774,-0.0667,0.861952,1.794915,0.616124,1.008370,1.817209,0.608436,0.894320,1.164298,0.567312
18.3341,squat,face,,0.016655,0.000000,,,,,,,,,0.337310,,0.493896,,rest,0,0,debug,0.561119,0.580001,0.264529,0.492676,5,0.518483,0.603806,0.936389,0.436860,0.523517,0.817238,1.612598,-0.0333,0.899824,1.794915,0.641202,1.008370,1.817209,0.632489,0.923352,0.740954,0.578857
18.3675,squat,face,,0.016655,0.000000,,,,,,,,,0.343843,,0.518555,,rest,0,0,debug,0.561119,0.580001,0.239139,0.506348,5,0.526072,0.608267,0.935833,0.442524,0.523517,0.841410,1.593774,-0.0333,0.935160,1.794915,0.664934,1.008370,1.817209,0.664934,0.980837,0.697548,0.590881
18.4008,squat,face,,0.016655,0.000000,,,,,,,,,0.350545,,0.591309,,rest,0,0,debug,0.561119,0.580001,0.223497,0.545410,5,0.533727,0.615358,0.935833,0.442524,0.523517,0.841410,1.593774,0.0000,0.935160,1.794915,0.664934,1.008370,1.817209,0.664934,0.980837,0.697548,0.590881
18.4341,squat,face,,0.016655,0.000000,,,,,,,,,0.357255,,0.674805,,rest,0,0,debug,0.561119,0.580001,0.212619,0.617676,5,0.539386,0.623073,0.936042,0.447944,0.519797,0.872231,1.612598,0.0000,0.942041,1.771624,0.687710,1.008370,1.840072,0.687710,1.060587,0.680849,0.618731
18.4675,squat,face,,0.016655,0.000000,,,,,,,,,0.363908,0.043763,0.673340,,rest,0,0,debug,0.561119,0.580001,0.205507,0.635742,5,0.544219,0.629224,0.935903,0.453498,0.519797,0.899824,1.612598,0.0000,0.942041,1.794915,0.704263,1.008370,1.840072,0.708160,1.076760,1.127747,0.646873
18.5008,squat,face,,0.016655,0.000000,,,,,,,,,0.368388,0.060453,0.663574,,rest,0,0,debug,0.561119,0.580001,0.195926,0.636230,5,0.549441,0.632803,0.937014,0.460846,0.531396,0.942041,1.612598,0.0000,0.942041,1.771624,0.704263,1.008370,1.817209,0.726241,1.076760,1.462855,0.671475
18.5341,squat,face,,0.016655,0.000000,,,,,,,,,0.373399,0.088379,0.700684,,rest,0,0,debug,0.561119,0.580001,0.188569,0.651367,5,0.554181,0.634475,0.940833,0.479399,0.562637,1.044894,1.648953,-0.0333,0.942041,1.794915,0.708160,1.008370,1.840072,0.749084,1.076760,1.840072,0.740954
18.5675,squat,face,,0.016655,0.000000,,,,,,,,,0.377081,0.101794,0.671387,,rest,0,0,debug,0.561119,0.580001,0.183294,0.651855,5,0.558701,0.635840,0.940903,0.489484,0.583475,1.093433,1.648953,-0.0333,0.942041,1.794915,0.708160,1.008370,1.840072,0.764749,1.068888,1.865207,0.764749
18.6008,squat,face,,0.016655,0.000000,,,,,,,,,0.379749,0.083524,0.630371,,rest,0,0,debug,0.561119,0.580001,0.180242,0.600586,5,0.563305,0.637925,0.941667,0.503193,0.600585,1.127747,1.648953,-0.0333,0.942041,1.794915,0.722144,1.008370,1.840072,0.764749,1.068888,1.889295,0.768767
18.6341,squat,face,,0.016655,0.000000,,,,,,,,,0.379936,0.143738,0.575195,,rest,0,0,debug,0.561119,0.580001,0.175656,0.444092,5,0.566043,0.639589,0.940903,0.515869,0.616124,1.136515,1.648953,-0.0333,0.942041,1.794915,0.744725,1.008370,1.840072,0.749084,1.068888,1.889295,0.704263
18.6675,squat,face,,0.016655,0.000000,,,,,,,,,,,,,rest,0,0,debug,0.561119,0.580001,,,,0.567104,0.641426,0.940556,0.533333,0.627067,1.155103,1.669107,-0.0333,0.935160,1.817209,0.756835,1.008370,1.840072,0.737220,1.076760,1.889295,0.836601
18.7008,squat,face,,0.016655,0.000000,,,,,,,,,,,,,rest,0,0,debug,0.561119,0.580001,,,,0.566410,0.643931,0.938333,0.571747,0.644025,1.164298,1.688375,-0.0667,0.942041,1.817209,0.760772,1.008370,1.840072,0.726241,1.068888,1.889295,0.888884
18.7675,squat,face,,0.016655,0.000000,,,,,,,,,0.378764,0.166914,0.542969,,rest,0,0,debug,0.561119,0.580001,0.149285,0.450684,5,0.563977,0.644614,0.940000,0.583475,0.644025,1.164298,1.688375,-0.0333,0.935160,1.794915,0.752940,1.008370,1.840072,0.711603,1.068888,1.889295,0.883519
18.8008,squat,face,,0.016655,0.000000,,,,,,,,,0.375504,,0.434082,,rest,0,0,debug,0.561119,0.580001,0.149650,0.225830,5,0.562255,0.645097,0.940625,0.588168,0.649744,1.174307,1.708085,-0.0333,0.942041,1.817209,0.744725,1.008370,1.865207,0.704263,1.068888,1.889295,0.899824
18.8342,squat,face,,0.016655,0.000000,,,,,,,,,0.376679,,0.520996,,rest,0,0,debug,0.561119,0.580001,0.151400,0.386719,5,0.559707,0.645306,0.941806,0.590881,0.644025,1.164298,1.708085,-0.0333,0.935160,1.794915,0.729864,1.008370,1.840072,0.694236,1.060587,1.889295,0.905393
18.8675,squat,face,,0.016655,0.000000,,,,,,,,,0.374291,,0.520996,,rest,0,0,debug,0.561119,0.580001,0.148374,0.415527,5,0.557521,0.643923,0.941806,0.590881,0.644025,1.164298,1.708085,0.0000,0.935160,1.794915,0.729864,1.008370,1.840072,0.694236,1.060587,1.889295,0.905393
18.9008,squat,face,,0.016655,0.000000,,,,,,,,,0.370597,0.200290,0.615234,,rest,0,0,debug,0.561119,0.580001,0.149381,0.581543,5,0.555739,0.640056,0.942361,0.590881,0.644025,1.183815,1.729724,0.0000,0.935160,1.817209,0.715084,1.008370,1.840072,0.687710,1.068888,1.889295,0.911843
18.9342,squat,face,,0.016655,0.000000,,,,,,,,,0.367062,0.202393,0.641602,,rest,0,0,debug,0.561119,0.580001,0.151805,0.609375,5,0.555316,0.634623,0.941389,0.588168,0.641202,1.203997,1.750427,0.0000,0.935160,1.817209,0.718596,1.008370,1.865207,0.680849,1.076760,1.889295,0.911843
18.9675,squat,face,,0.016655,0.000000,,,,,,,,,0.364701,0.207346,0.665527,,rest,0,0,debug,0.561119,0.580001,0.152116,0.560547,5,0.555205,0.629913,0.940069,0.585812,0.638400,1.224876,1.750427,-0.0333,0.935160,1.817209,0.733523,1.008370,1.865207,0.677697,1.076760,1.889295,0.899824
19.0008,squat,face,,0.016655,0.000000,,,,,,,,,0.363383,0.212310,0.649414,,rest,0,0,debug,0.561119,0.580001,0.150042,0.578125,5,0.553942,0.626350,0.940069,0.585812,0.638400,1.224876,1.750427,-0.0333,0.942041,1.817209,0.740954,1.008370,1.865207,0.674571,1.076760,1.889295,0.899824
19.0342,squat,face,,0.016655,0.000000,,,,,,,,0.437028,0.361631,,0.598145,,rest,0,0,debug,0.561119,0.580001,0.147029,0.432373,5,0.552000,0.623641,0.940208,0.585812,0.638400,1.224876,1.750427,-0.0333,0.942041,1.817209,0.740954,1.008370,1.865207,0.677697,1.068888,1.889295,0.894320
19.0675,squat,face,,0.016655,0.000000,,,,,,,,,0.361278,0.223262,0.601074,,rest,0,0,debug,0.561119,0.580001,0.143778,0.485352,5,0.549633,0.620954,0.939444,0.585812,0.635628,1.213989,1.750427,-0.0333,0.942041,1.817209,0.726241,1.008370,1.865207,0.674571,1.076760,1.889295,0.878216
19.1008,squat,face,,0.016655,0.000000,,,,,,,,,0.360821,0.221621,0.606934,,rest,0,0,debug,0.561119,0.580001,0.144040,0.482910,5,0.547258,0.618014,0.939583,0.583475,0.635628,1.224876,1.750427,-0.0333,0.929219,1.817209,0.722144,1.008370,1.865207,0.674571,1.068888,1.889295,0.894320
19.1342,squat,face,,0.016655,0.000000,,,,,,,,,0.360865,0.218064,0.612305,,rest,0,0,debug,0.561119,0.580001,0.141669,0.458496,5,0.545359,0.615629,0.939097,0.581156,0.632489,1.213989,1.750427,-0.0333,0.942041,1.817209,0.708160,1.008370,1.865207,0.674571,1.076760,1.889295,0.905393
19.1675,squat,face,,0.016655,0.000000,,,,,,,,,0.361172,,0.537598,,rest,0,0,debug,0.561119,0.580001,0.143825,0.369873,5,0.543404,0.613961,0.940208,0.581156,0.635628,1.203997,1.750427,-0.0333,0.942041,1.817209,0.704263,1.000977,1.865207,0.677697,1.068888,1.889295,0.923352
19.2008,squat,face,,0.016655,0.000000,,,,,,,,,0.362753,0.250957,0.586426,,rest,0,0,debug,0.561119,0.580001,0.146551,0.443115,5,0.541587,0.612851,0.939722,0.581156,0.632489,1.203997,1.729724,-0.0333,0.942041,1.817209,0.687710,1.008370,1.865207,0.680849,1.076760,1.889295,0.942041
19.2342,squat,face,,0.016655,0.000000,,,,,,,,,0.365387,,0.452393,,rest,0,0,debug,0.561119,0.580001,0.150544,0.401123,5,0.540172,0.612558,0.939444,0.576252,0.632489,1.203997,1.729724,-0.0333,0.942041,1.817209,0.687710,1.008370,1.865207,0.684034,1.076760,1.889295,0.987463
19.2675,squat,face,,0.016655,0.000000,,,,,,,,,0.365513,0.164709,0.528320,,rest,0,0,debug,0.561119,0.580001,0.151569,0.511230,5,0.539110,0.612268,0.938542,0.571747,0.632489,1.203997,1.708085,-0.0333,0.942041,1.794915,0.684034,1.008370,1.840072,0.687710,1.076760,1.889295,1.060587
19.3008,squat,face,,0.016655,0.000000,,,,,,,,,0.368822,0.175953,0.606445,,rest,0,0,debug,0.561119,0.580001,0.149765,0.596680,5,0.538646,0.613465,0.939444,0.569521,0.627067,1.194168,1.708085,-0.0333,0.942041,1.817209,0.690958,1.008370,1.840072,0.694236,1.068888,1.889295,1.630572
19.3342,squat,face,,0.016655,0.000000,,,,,,,,,0.371692,,0.538574,,rest,0,0,debug,0.561119,0.580001,0.152106,0.529297,5,0.537754,0.614976,0.938958,0.556219,0.627067,1.164298,1.669107,-0.0333,0.942041,1.794915,0.680849,1.008370,1.840072,0.704263,1.068888,1.865207,1.648953
19.3675,squat,face,,0.016655,0.000000,,,,,,,,,0.375552,0.177765,0.737305,,rest,0,0,debug,0.561119,0.580001,0.153732,0.720703,5,0.532822,0.610224,0.938819,0.539231,0.621734,1.146050,1.612598,-0.0333,0.935160,1.794915,0.684034,1.008370,1.840072,0.708160,1.068888,1.865207,1.593774
19.4008,squat,face,,0.016655,0.000000,,,,,,,,,0.378236,,0.515625,,rest,0,0,debug,0.561119,0.580001,0.151373,0.412842,5,0.531339,0.602370,0.939722,0.523517,0.616124,1.136515,1.576596,-0.0333,0.942041,1.794915,0.841410,1.008370,1.840072,0.718596,1.076760,1.840072,1.669107
19.4342,squat,face,,0.016655,0.000000,,,,,,,,,0.378286,,0.490967,,rest,0,0,debug,0.561119,0.580001,0.150649,0.370605,5,0.533719,0.595827,0.940694,0.510468,0.610974,1.101668,1.526079,-0.0333,0.935160,1.771624,0.851913,1.008370,1.817209,0.722144,1.068888,1.840072,1.008370
19.4675,squat,face,,0.016655,0.000000,,,,,,,,,0.378726,0.165487,0.547852,,rest,0,0,debug,0.561119,0.580001,0.153425,0.545898,5,0.533620,0.586778,0.940694,0.504929,0.608436,1.076760,1.462855,-0.0333,0.935160,1.771624,0.827139,1.008370,1.794915,0.760772,1.076760,1.840072,0.929219
19.5008,squat,face,,0.016655,0.000000,,,,,,,,0.459066,0.379872,0.149463,0.595215,,rest,0,0,debug,0.561119,0.580001,0.157386,0.555176,5,0.532217,0.576500,0.940417,0.504929,0.613541,1.037485,1.378196,-0.0333,0.942041,1.750427,0.808208,1.008370,1.750427,0.764749,1.068888,1.840072,0.883519
19.5342,squat,face,,0.016655,0.000000,,,,,,,,0.488656,0.380494,0.131540,0.585938,,rest,0,0,debug,0.561119,0.580001,0.162893,0.545898,5,0.530985,0.565088,0.939306,0.504929,0.621734,1.008370,1.302796,-0.0333,0.942041,1.750427,0.795026,1.008370,1.688375,0.752940,1.076760,1.817209,0.856903
19.5675,squat,face,,0.016655,0.000000,,,,,,,,0.489967,0.380346,0.093991,0.656738,,rest,0,0,debug,0.561119,0.580001,0.173504,0.625000,5,0.529713,0.555065,0.937639,0.504929,0.629765,0.966947,1.235223,-0.0333,0.935160,1.750427,0.777525,1.008370,1.339437,0.733523,1.068888,1.794915,0.812693
19.6009,squat,face,,0.016655,0.000000,,,,,,,,0.493915,0.375468,0.089985,0.676270,,rest,0,0,debug,0.561119,0.580001,0.180996,0.629395,5,0.528802,0.545470,0.937639,0.504929,0.629765,0.966947,1.235223,0.0000,0.935160,1.750427,0.777525,1.008370,1.339437,0.733523,1.068888,1.794915,0.812693
19.6342,squat,face,,0.016655,0.000000,,,,,,,,0.498152,0.370076,0.046839,0.674316,,rest,0,0,debug,0.561119,0.580001,0.187816,0.586914,5,0.527347,0.535889,0.934861,0.512256,0.632489,0.929219,1.052952,0.0000,0.942041,1.750427,0.756835,1.008370,1.060587,0.715084,1.068888,1.771624,0.773409
19.6675,squat,face,,0.016655,0.000000,,,,,,,,0.498765,0.363118,,0.499023,,rest,0,0,debug,0.561119,0.580001,0.196637,0.429443,5,0.526661,0.528569,0.932778,0.529473,0.600585,0.888884,0.966947,0.0000,0.935160,1.708085,0.726241,1.008370,0.987463,0.687710,1.076760,1.688375,0.722144
19.7009,squat,face,,0.016655,0.000000,,,,,,,,0.495995,0.357497,,0.509277,,rest,0,0,debug,0.561119,0.580001,0.209670,0.442871,5,0.524855,0.522038,0.931528,0.537251,0.556219,0.846979,0.883519,0.0000,0.942041,1.630572,0.684034,1.000977,0.917560,0.655990,1.076760,1.526079,0.674571
19.7342,squat,face,0.006850,0.013714,0.605758,0.490709,0.411430,0.062074,0.110353,0.605758,0.006850,4,,,,,,rest,0,0,debug,0.561119,0.580001,,,,0.519620,0.513995,0.926111,0.446382,0.463766,0.756835,0.760772,-0.0333,0.923352,0.680849,0.603062,0.917560,0.841410,0.588168,1.076760,1.110027,0.567312
19.7675,squat,face,,0.013714,0.000000,,,,,,,,,,,,,rest,0,0,debug,0.561119,0.580001,,,,0.508636,0.503122,0.924514,0.405705,0.422791,0.708160,0.704263,-0.0333,0.899824,0.535285,0.558342,0.878216,0.812693,0.551723,1.060587,0.489484,0.473197
19.8009,squat,face,,0.013714,0.000000,,,,,,,,,,,,,rest,0,0,debug,0.561119,0.580001,,,,0.495748,0.490984,0.919653,0.329895,0.352617,0.578857,0.635628,-0.0667,0.851913,0.447944,0.496122,0.817238,0.752940,0.494686,1.037485,0.386998,0.401252
19.8675,squat,face,0.012311,0.012998,0.667683,0.478706,0.382982,0.083215,0.147938,0.667683,0.012311,4,,,,,,rest,0,0,debug,0.561119,0.580001,,,,0.481310,0.473271,0.917569,0.299415,0.323845,0.535285,0.610974,-0.0333,0.822490,0.429170,0.479399,0.790122,0.722144,0.474953,1.022465,0.354325,0.329895
19.9009,squat,face,0.013252,0.013074,0.698946,0.476407,0.379588,0.086339,0.153491,0.698946,0.013252,4,,,,,,rest,0,0,debug,0.561119,0.580001,,,,0.479044,0.474224,0.916250,0.276159,0.299941,0.508692,0.595695,-0.0333,0.795026,0.573991,0.462511,0.777525,0.697548,0.463766,1.015369,0.327574,0.285078
19.9342,squat,face,0.014713,0.013566,0.697022,0.476708,0.371158,0.090973,0.161730,0.697022,0.014713,4,,,,,,rest,0,0,debug,0.561119,0.580001,,,,0.475999,0.473965,0.913958,0.261091,0.285078,0.490891,0.581156,-0.0333,0.764749,0.641202,0.456328,0.760772,0.677697,0.456328,1.008370,0.309178,0.266389
19.9675,squat,face,0.015559,0.014164,0.661622,0.473378,0.364202,0.093552,0.166314,0.661622,0.015559,4,,,,,,rest,0,0,debug,0.561119,0.580001,,,,0.473931,0.472273,0.910833,0.256384,0.278412,0.487619,0.571747,-0.0667,0.744725,0.641202,0.455111,0.756835,0.655990,0.459605,1.030173,0.305125,0.259109
20.0342,squat,face,0.017914,0.016077,0.681974,0.474365,0.349818,0.100384,0.178460,0.681974,0.017914,4,,,,,,rest,0,0,debug,0.561119,0.580001,,,,0.473012,0.463592,0.911875,0.266944,0.286673,0.499512,0.578857,-0.0333,0.752940,0.649744,0.463766,0.760772,0.653060,0.465454,1.044894,0.317421,0.268907
20.0675,squat,face,0.017200,0.016414,0.612970,0.473219,0.351954,0.098361,0.174863,0.612970,0.017200,4,,,,,,rest,0,0,debug,0.561119,0.580001,,,,0.475827,0.461928,0.915000,0.286193,0.305854,0.523517,0.593279,-0.0333,0.777525,0.641202,0.479399,0.768767,0.668407,0.478057,1.052952,0.336840,0.289592
20.1009,squat,face,0.019061,0.017208,0.691042,0.478674,0.344139,0.103546,0.184082,0.691042,0.019061,4,,,,,,rest,0,0,debug,0.561119,0.580001,,,,0.482000,0.465239,0.916319,0.311815,0.332252,0.556219,0.605917,-0.0333,0.795026,0.624387,0.496122,0.785877,0.687710,0.496122,1.060587,0.371012,0.318804
20.1342,squat,face,0.016086,0.016871,0.657365,0.433630,0.469821,0.095124,0.169109,0.657365,0.016086,2,,,,,,rest,0,0,debug,0.561119,0.580001,,,,0.488911,0.467052,0.920069,0.377860,0.394757,0.668407,0.644025,-0.0667,0.836601,0.635628,0.541512,0.831844,0.740954,0.541512,1.076760,1.174307,0.396899
20.2009,squat,face,0.010497,0.013620,0.652893,0.448299,0.485012,0.076842,0.136607,0.652893,0.010497,2,,0.331452,,0.500977,,rest,0,0,debug,0.561119,0.580001,0.263885,0.327881,5,0.507362,0.481446,0.920069,0.377860,0.394757,0.668407,0.644025,0.0000,0.836601,0.635628,0.541512,0.831844,0.740954,0.541512,1.076760,1.174307,0.396899
20.2342,squat,face,0.009119,0.012270,0.595597,0.452711,0.491058,0.071618,0.127321,0.595597,0.009119,2,,0.340131,,0.489502,,rest,0,0,debug,0.561119,0.580001,0.253027,0.320801,5,0.521836,0.498977,0.917639,0.410585,0.426311,0.715084,0.687710,0.0000,0.861952,0.646873,0.565121,0.867062,0.781679,0.569521,1.076760,1.268110,0.425249
20.2675,squat,face,,0.012270,0.000000,,,,,,,,,,,,,rest,0,0,debug,0.561119,0.580001,,,,0.534981,0.520410,0.924375,0.470156,0.479399,0.777525,0.795026,-0.0333,0.911843,0.708160,0.610974,0.935160,0.856903,0.621734,1.076760,1.669107,0.490891
20.3009,squat,face,,0.012270,0.000000,,,,,,,,,,,,,rest,0,0,debug,0.561119,0.580001,,,,0.545492,0.541148,0.929444,0.482564,0.517695,0.836601,0.948147,-0.0667,0.942041,0.856903,0.655990,1.008370,0.966947,0.674571,1.076760,1.771624,0.567312
20.3676,squat,face,,0.012270,0.000000,,,,,,,,,,,,,rest,0,0,debug,0.561119,0.580001,,,,0.560062,0.581034,0.933056,0.481202,0.525398,0.872231,1.101668,-0.0333,0.942041,1.688375,0.653060,1.000977,1.279198,0.697548,1.068888,1.794915,0.603062
20.4009,squat,face,,0.012270,0.000000,,,,,,,,,,,,,rest,0,0,debug,0.561119,0.580001,,,,0.567671,0.602480,0.934167,0.482564,0.531396,0.911843,1.314503,-0.0333,0.935160,1.750427,0.655990,1.008370,1.688375,0.715084,1.076760,1.794915,0.638400
20.4342,squat,face,,0.012270,0.000000,,,,,,,,,,,,,rest,0,0,debug,0.561119,0.580001,,,,0.575478,0.621683,0.939167,0.489484,0.549649,1.008370,1.526079,-0.0667,0.935160,1.771624,0.690958,1.008370,1.794915,0.740954,1.076760,1.840072,0.697548
20.5009,squat,face,,0.012270,0.000000,,,,,,,,,0.383202,0.120628,0.393066,,rest,0,0,debug,0.561119,0.580001,0.184047,0.373779,5,0.586978,0.655303,0.940556,0.496122,0.560482,1.068888,1.593774,-0.0333,0.942041,1.794915,0.687710,1.000977,1.817209,0.752940,1.068888,1.865207,0.733523
20.5342,squat,face,,0.012270,0.000000,,,,,,,,,0.383540,,0.493896,,rest,0,0,debug,0.561119,0.580001,0.169378,0.330322,5,0.590414,0.668878,0.941319,0.501469,0.573991,1.110027,1.612598,-0.0333,0.935160,1.794915,0.624387,1.008370,1.817209,0.749084,1.076760,1.889295,0.708160
20.5676,squat,face,,0.012270,0.000000,,,,,,,,,0.387639,0.147360,0.489746,,rest,0,0,debug,0.561119,0.580001,0.170790,0.431396,5,0.594955,0.680061,0.941458,0.506679,0.588168,1.127747,1.612598,-0.0333,0.935160,1.794915,0.603062,1.008370,1.840072,0.733523,1.076760,1.889295,0.616124
20.6009,squat,face,,0.012270,0.000000,,,,,,,,,0.389376,0.151983,0.575195,,rest,0,0,debug,0.561119,0.580001,0.170643,0.559570,5,0.598536,0.686179,0.940208,0.515869,0.600585,1.119122,1.630572,-0.0333,0.935160,1.794915,0.616124,1.008370,1.840072,0.726241,1.076760,1.889295,0.653060
20.6342,squat,face,,0.012270,0.000000,,,,,,,,,0.389979,,0.467041,,rest,0,0,debug,0.561119,0.580001,0.166201,0.429443,5,0.593613,0.684895,0.938958,0.531396,0.613541,1.127747,1.630572,-0.0333,0.935160,1.794915,0.641202,1.008370,1.840072,0.718596,1.076760,1.889295,0.694236
20.6676,squat,face,,0.012270,0.000000,,,,,,,,,,,,,rest,0,0,debug,0.561119,0.580001,,,,0.588946,0.682334,0.938403,0.543524,0.624387,1.127747,1.648953,-0.0333,0.935160,1.794915,0.655990,1.008370,1.840072,0.711603,1.068888,1.889295,0.737220
20.7009,squat,face,,0.012270,0.000000,,,,,,,,,0.387965,,0.491211,,rest,0,0,debug,0.561119,0.580001,0.151403,0.303955,5,0.586036,0.679243,0.938958,0.560482,0.629765,1.136515,1.648953,-0.0333,0.935160,1.794915,0.668407,1.008370,1.840072,0.704263,1.076760,1.889295,0.764749
20.7342,squat,face,,0.012270,0.000000,,,,,,,,,0.384629,,0.426270,,rest,0,0,debug,0.561119,0.580001,0.149310,0.265137,5,0.582971,0.675871,0.939722,0.571747,0.632489,1.146050,1.648953,-0.0333,0.929219,1.794915,0.690958,1.008370,1.840072,0.700890,1.076760,1.889295,0.785877
20.7676,squat,face,,0.012270,0.000000,,,,,,,,,0.383234,,0.373291,,rest,0,0,debug,0.561119,0.580001,0.144017,0.225830,5,0.579089,0.672220,0.940278,0.576252,0.635628,1.155103,1.669107,-0.0333,0.935160,1.794915,0.687710,1.008370,1.840072,0.690958,1.068888,1.889295,0.803767
20.8009,squat,face,,0.012270,0.000000,,,,,,,,,0.383315,,0.488770,,rest,0,0,debug,0.561119,0.580001,0.149058,0.475342,5,0.574534,0.665029,0.940486,0.578857,0.635628,1.164298,1.688375,-0.0333,0.935160,1.794915,0.680849,1.008370,1.840072,0.687710,1.076760,1.889295,0.841410
20.8342,squat,face,,0.012270,0.000000,,,,,,,,,0.381311,,0.404053,,rest,0,0,debug,0.561119,0.580001,0.150040,0.331787,5,0.572223,0.659617,0.940903,0.578857,0.632489,1.183815,1.688375,-0.0333,0.935160,1.794915,0.690958,1.008370,1.840072,0.680849,1.068888,1.889295,0.867062
20.8676,squat,face,,0.012270,0.000000,,,,,,,,,0.379673,0.228792,0.642578,,rest,0,0,debug,0.561119,0.580001,0.143442,0.565430,5,0.571653,0.655766,0.941111,0.581156,0.632489,1.194168,1.708085,-0.0333,0.935160,1.794915,0.694236,1.008370,1.865207,0.677697,1.076760,1.889295,0.867062
20.9009,squat,face,,0.012270,0.000000,,,,,,,,,0.378993,0.255156,0.567871,,rest,0,0,debug,0.561119,0.580001,0.143457,0.530273,5,0.569870,0.649833,0.940694,0.581156,0.632489,1.194168,1.708085,-0.0333,0.935160,1.794915,0.697548,1.008370,1.865207,0.674571,1.068888,1.889295,0.867062
20.9342,squat,face,,0.012270,0.000000,,,,,,,,,0.377118,0.232778,0.556641,,rest,0,0,debug,0.561119,0.580001,0.141732,0.520996,5,0.567854,0.644584,0.940139,0.581156,0.629765,1.194168,1.729724,-0.0333,0.942041,1.817209,0.694236,1.008370,1.865207,0.671475,1.068888,1.889295,0.861952
20.9676,squat,face,,0.012270,0.000000,,,,,,,,,0.375800,0.263947,0.472656,,rest,0,0,debug,0.561119,0.580001,0.142634,0.450684,5,0.565325,0.640473,0.940694,0.578857,0.629765,1.194168,1.729724,-0.0333,0.935160,1.794915,0.694236,1.008370,1.840072,0.668407,1.076760,1.889295,0.856903
21.0009,squat,face,,0.012270,0.000000,,,,,,,,,0.375048,0.265805,0.459717,,rest,0,0,debug,0.561119,0.580001,0.141974,0.410400,5,0.562083,0.635776,0.940764,0.576252,0.629765,1.194168,1.729724,-0.0333,0.942041,1.817209,0.687710,1.008370,1.865207,0.671475,1.084739,1.889295,0.846979
21.0342,squat,face,,0.012270,0.000000,,,,,,,,,0.374736,,0.430664,,rest,0,0,debug,0.561119,0.580001,0.139525,0.361084,5,0.558718,0.631357,0.939444,0.573991,0.627067,1.183815,1.729724,-0.0333,0.942041,1.794915,0.687710,1.008370,1.840072,0.671475,1.068888,1.889295,0.836601
21.0676,squat,face,,0.012270,0.000000,,,,,,,,,0.374392,0.262498,0.486572,,rest,0,0,debug,0.561119,0.580001,0.140885,0.389893,5,0.555295,0.626876,0.938819,0.571747,0.627067,1.183815,1.729724,-0.0333,0.935160,1.794915,0.680849,1.000977,1.865207,0.674571,1.068888,1.889295,0.808208
21.1009,squat,face,,0.012270,0.000000,,,,,,,,,0.374875,,0.458984,,rest,0,0,debug,0.561119,0.580001,0.141814,0.344238,5,0.551192,0.621784,0.938750,0.569521,0.624387,1.183815,1.708085,-0.0333,0.935160,1.794915,0.677697,1.008370,1.840072,0.674571,1.068888,1.889295,0.831844
21.1343,squat,face,,0.012270,0.000000,,,,,,,,,0.375458,,0.438232,,rest,0,0,debug,0.561119,0.580001,0.143723,0.302734,5,0.548554,0.618585,0.939306,0.567312,0.624387,1.183815,1.708085,-0.0333,0.942041,1.794915,0.674571,1.000977,1.840072,0.677697,1.076760,1.889295,0.822490
21.1676,squat,face,,0.012270,0.000000,,,,,,,,,0.375691,,0.479004,,rest,0,0,debug,0.561119,0.580001,0.146745,0.402100,5,0.546263,0.616373,0.939167,0.562637,0.621734,1.174307,1.708085,-0.0333,0.935160,1.794915,0.674571,1.008370,1.840072,0.677697,1.076760,1.889295,0.768767
21.2009,squat,face,,0.012270,0.000000,,,,,,,,,0.376436,0.209218,0.625000,,rest,0,0,debug,0.561119,0.580001,0.146408,0.583008,5,0.543857,0.615707,0.939236,0.556219,0.621734,1.174307,1.688375,-0.0333,0.935160,1.794915,0.668407,1.008370,1.840072,0.687710,1.076760,1.889295,0.827139
21.2343,squat,face,,0.012270,0.000000,,,,,,,,,0.379351,0.169554,0.649902,,rest,0,0,debug,0.561119,0.580001,0.143790,0.565918,5,0.542187,0.617465,0.938750,0.545551,0.616124,1.155103,1.688375,-0.0333,0.935160,1.794915,0.664934,1.000977,1.840072,0.687710,1.068888,1.889295,0.905393
21.2676,squat,face,,0.012270,0.000000,,,,,,,,,0.379571,0.166234,0.644531,,rest,0,0,debug,0.561119,0.580001,0.144062,0.613281,5,0.540996,0.621545,0.939375,0.525398,0.610974,1.136515,1.688375,-0.0333,0.935160,1.794915,0.646873,1.008370,1.840072,0.690958,1.076760,1.865207,0.966947
21.3009,squat,face,0.042352,0.021295,0.596417,-0.005640,0.118131,0.154346,0.274394,0.596417,0.042352,2,,0.377110,,0.326904,,rest,0,0,debug,0.561119,0.580001,0.003680,0.280029,5,0.538498,0.625222,0.939722,0.515869,0.603062,1.110027,1.669107,-0.0333,0.935160,1.794915,0.638400,1.008370,1.840072,0.697548,1.076760,1.840072,0.960600
21.3343,squat,face,,0.021295,0.000000,,,,,,,,,0.381038,,0.387939,,rest,0,0,debug,0.561119,0.580001,0.155506,0.285889,5,0.536098,0.625574,0.939722,0.515869,0.603062,1.110027,1.669107,0.0000,0.935160,1.794915,0.638400,1.008370,1.840072,0.697548,1.076760,1.840072,0.960600
21.3676,squat,face,,0.021295,0.000000,,,,,,,,,0.381594,,0.460938,,rest,0,0,debug,0.561119,0.580001,0.156030,0.386230,5,0.536175,0.624784,0.938889,0.499512,0.595695,1.101668,1.648953,0.0000,0.935160,1.771624,0.677697,1.008370,1.817209,0.700890,1.068888,1.817209,0.994175
21.4009,squat,face,,0.021295,0.000000,,,,,,,,,0.382044,,0.479004,,rest,0,0,debug,0.561119,0.580001,0.159106,0.449707,5,0.533666,0.623023,0.940139,0.481202,0.581156,1.068888,1.648953,0.0000,0.935160,1.750427,0.655990,1.008370,1.840072,0.704263,1.076760,1.771624,0.954332
21.4343,squat,face,,0.021295,0.000000,,,,,,,,,0.380437,0.160521,0.366455,,rest,0,0,debug,0.561119,0.580001,0.167579,0.351074,5,0.531327,0.620634,0.939722,0.473197,0.567312,1.030173,1.612598,0.0000,0.942041,1.750427,0.644025,1.008370,1.817209,0.715084,1.076760,1.708085,0.923352
21.4676,squat,face,,0.021295,0.000000,,,,,,,,0.488327,0.381116,0.155278,0.540039,,rest,0,0,debug,0.561119,0.580001,0.177593,0.447510,5,0.528278,0.615300,0.941875,0.465454,0.558342,0.987463,1.593774,0.0000,0.935160,1.708085,0.653060,1.008370,1.817209,0.740954,1.076760,1.612598,0.899824
21.5009,squat,face,,0.021295,0.000000,,,,,,,,0.488050,0.378990,0.130908,0.602539,,rest,0,0,debug,0.561119,0.580001,0.184535,0.596191,5,0.524826,0.607829,0.940208,0.453498,0.556219,0.923352,1.558600,-0.0333,0.905393,1.669107,0.764749,1.000977,1.817209,0.726241,0.994175,1.174307,0.831844
21.5343,squat,face,,0.021295,0.000000,,,,,,,,0.492876,0.377078,0.104159,0.735840,,rest,0,0,debug,0.561119,0.580001,0.201080,0.514648,5,0.521682,0.598757,0.940625,0.449121,0.571747,0.894320,1.558600,-0.0333,0.867062,1.708085,0.749084,1.000977,1.794915,0.708160,0.973377,1.174307,0.785877
21.5676,squat,face,,0.021295,0.000000,,,,,,,,0.498406,0.374784,,0.544434,,rest,0,0,debug,0.561119,0.580001,0.220982,0.253906,5,0.519504,0.588259,0.938125,0.440998,0.593279,0.856903,1.542162,-0.0333,0.841410,1.708085,0.729864,0.994175,1.794915,0.684034,0.948147,1.146050,0.744725
21.6009,squat,face,,0.021295,0.000000,,,,,,,,0.498626,0.371700,,0.659668,,rest,0,0,debug,0.561119,0.580001,0.222510,0.372070,5,0.518993,0.582589,0.937014,0.435743,0.593279,0.817238,1.526079,-0.0333,0.817238,1.688375,0.687710,0.973377,1.794915,0.658944,0.935160,0.911843,0.700890
21.6343,squat,face,,0.021295,0.000000,,,,,,,,0.494040,0.364764,,0.549805,,rest,0,0,debug,0.561119,0.580001,0.226200,0.201172,5,0.516654,0.581253,0.936389,0.431703,0.576252,0.785877,1.526079,-0.0333,0.799375,1.708085,0.653060,0.973377,1.817209,0.624387,0.905393,0.764749,0.658944
21.6676,squat,face,0.015255,0.019483,0.609775,0.498558,0.389082,0.092634,0.164682,0.609775,0.015255,4,0.493187,0.359432,,0.516602,,rest,0,0,debug,0.561119,0.580001,0.210412,0.156494,5,0.512376,0.581713,0.935694,0.430252,0.556219,0.760772,1.542162,-0.0333,0.773409,1.688375,0.621734,0.960600,1.771624,0.593279,0.894320,0.726241,0.616124
21.7009,squat,face,0.014776,0.018071,0.595802,0.502772,0.379691,0.091168,0.162076,0.595802,0.014776,4,0.498416,0.358947,,0.517090,,rest,0,0,debug,0.561119,0.580001,0.228086,0.108154,5,0.508315,0.585095,0.934931,0.431703,0.533333,0.733523,1.526079,-0.0333,0.756835,1.630572,0.593279,0.960600,1.794915,0.558342,0.867062,0.684034,0.593279
21.7343,squat,face,0.016892,0.017717,0.589002,0.501561,0.367665,0.097478,0.173295,0.589002,0.016892,4,,,,,,rest,0,0,debug,0.561119,0.580001,,,,0.505284,0.588527,0.934306,0.446382,0.514056,0.708160,1.526079,-0.0333,0.740954,1.576596,0.567312,0.973377,1.794915,0.533333,0.846979,0.649744,0.581156
21.7676,squat,face,,0.017717,0.000000,,,,,,,,,,,,,rest,0,0,debug,0.561119,0.580001,,,,0.503335,0.591439,0.932222,0.471455,0.494686,0.680849,1.526079,-0.0333,0.733523,0.744725,0.545551,0.987463,1.794915,0.508692,0.827139,0.616124,0.567312
21.8010,squat,face,,0.017717,0.000000,,,,,,,,,,,,,rest,0,0,debug,0.561119,0.580001,,,,0.501792,0.594586,0.933264,0.446382,0.465454,0.632489,1.542162,-0.0667,0.697548,0.715084,0.504929,1.000977,1.817209,0.476279,0.768767,0.569521,0.535285
21.8676,squat,face,0.016525,0.017109,0.618718,0.500902,0.306960,0.096411,0.171397,0.618718,0.016525,4,,,,,,rest,0,0,debug,0.561119,0.580001,,,,0.499132,0.602206,0.931875,0.440998,0.457961,0.613541,1.542162,-0.0333,0.687710,0.700890,0.498053,1.008370,1.817209,0.470156,0.740954,0.558342,0.529473
21.9010,squat,face,0.015401,0.016597,0.612771,0.506937,0.312110,0.093076,0.165469,0.612771,0.015401,4,,,,,,rest,0,0,debug,0.561119,0.580001,,,,0.498716,0.605756,0.930972,0.438354,0.456328,0.600585,1.526079,-0.0333,0.677697,0.680849,0.501469,1.000977,1.817209,0.468435,0.697548,0.551723,0.533333
21.9343,squat,face,0.014881,0.016082,0.634498,0.508964,0.308855,0.091490,0.162648,0.634498,0.014881,4,,,,,,rest,0,0,debug,0.561119,0.580001,,,,0.499217,0.608096,0.929444,0.443674,0.463766,0.603062,1.526079,-0.0333,0.677697,0.680849,0.508692,1.008370,1.817209,0.474953,0.635628,0.556219,0.539231
21.9676,squat,face,0.015281,0.015842,0.620295,0.508011,0.308093,0.092713,0.164824,0.620295,0.015281,4,,,,,,rest,0,0,debug,0.561119,0.580001,,,,0.502200,0.612127,0.929167,0.455111,0.474953,0.616124,1.526079,-0.0333,0.687710,0.674571,0.521650,1.008370,1.817209,0.486228,0.733523,0.567312,0.551723
22.0010,squat,face,,0.015842,0.000000,,,,,,,,,,,,,rest,0,0,debug,0.561119,0.580001,,,,0.508172,0.615208,0.929792,0.478057,0.508692,0.668407,1.509210,-0.0667,0.715084,0.664934,0.560482,1.008370,1.817209,0.523517,0.777525,0.618731,0.595695
22.0676,squat,face,,0.015842,0.000000,,,,,,,,,,,,,rest,0,0,debug,0.561119,0.580001,,,,0.524725,0.623546,0.930417,0.450704,0.529473,0.697548,1.526079,-0.0333,0.737220,0.684034,0.583475,1.000977,1.817209,0.549649,0.790122,0.653060,0.618731
22.1010,squat,face,,0.015842,0.000000,,,,,,,,,,,,,rest,0,0,debug,0.561119,0.580001,,,,0.534302,0.627261,0.932986,0.443674,0.576252,0.756835,1.542162,-0.0667,0.764749,0.749084,0.644025,0.994175,1.817209,0.605917,0.841410,0.726241,0.677697
22.1676,squat,face,,0.015842,0.000000,,,,,,,,,,,,,rest,0,0,debug,0.561119,0.580001,,,,0.557092,0.641286,0.934028,0.445217,0.598130,0.781679,1.558600,-0.0333,0.777525,0.790122,0.674571,0.994175,1.817209,0.635628,0.861952,1.093433,0.722144
22.2010,squat,face,,0.015842,0.000000,,,,,,,,,,,,,rest,0,0,debug,0.561119,0.580001,,,,0.567758,0.646303,0.934861,0.449121,0.632489,0.851913,1.576596,-0.0667,0.799375,1.630572,0.740954,0.994175,1.817209,0.694236,0.894320,1.194168,0.831844
22.2676,squat,face,,0.015842,0.000000,,,,,,,,,0.360571,,0.324463,,rest,0,0,debug,0.561119,0.580001,0.187828,0.254883,5,0.582414,0.650022,0.935347,0.457961,0.638400,0.888884,1.593774,-0.0333,0.827139,1.669107,0.777525,1.000977,1.817209,0.715084,0.917560,1.268110,1.593774
22.3010,squat,face,,0.015842,0.000000,,,,,,,,0.658437,0.559873,,0.494629,,rest,0,0,debug,0.561119,0.580001,0.191968,0.168945,2,0.587679,0.651094,0.936319,0.465454,0.635628,0.923352,1.612598,-0.0333,0.851913,1.688375,0.808208,1.008370,1.840072,0.737220,0.954332,1.526079,1.750427
22.3343,squat,face,,0.015842,0.000000,,,,,,,,0.642693,0.564428,,0.418701,,rest,0,0,debug,0.561119,0.580001,0.176519,0.262939,2,0.592290,0.654855,0.937708,0.474953,0.629765,0.960600,1.612598,-0.0333,0.905393,1.669107,0.841410,1.008370,1.840072,0.756835,1.008370,1.493797,1.750427
22.3676,squat,face,,0.015842,0.000000,,,,,,,,0.626864,0.562578,,0.404053,,rest,0,0,debug,0.561119,0.580001,0.168857,0.231445,2,0.597003,0.662793,0.937708,0.487619,0.629765,1.008370,1.612598,-0.0333,0.935160,1.669107,0.878216,1.008370,1.840072,0.760772,1.076760,1.558600,1.771624
22.4010,squat,face,,0.015842,0.000000,,,,,,,,0.617597,0.571865,,0.404541,,rest,0,0,debug,0.561119,0.580001,0.158738,0.137695,2,0.601578,0.671087,0.938542,0.501469,0.632489,1.060587,1.648953,-0.0333,0.935160,1.729724,0.899824,1.008370,1.840072,0.773409,1.076760,1.688375,1.794915
22.4343,squat,face,,0.015842,0.000000,,,,,,,,,,,,,rest,0,0,debug,0.561119,0.580001,,,,0.604540,0.676657,0.938958,0.541512,0.644025,1.164298,1.688375,-0.0667,0.935160,1.771624,0.948147,1.008370,1.840072,0.768767,1.068888,1.840072,1.771624
22.5010,squat,face,,0.015842,0.000000,,,,,,,,,0.370301,0.155865,0.497070,,rest,0,0,debug,0.561119,0.580001,0.153480,0.324219,5,0.609490,0.681886,0.939722,0.565121,0.649744,1.203997,1.708085,-0.0333,0.935160,1.771624,0.948147,1.008370,1.840072,0.760772,1.068888,1.865207,1.771624
22.5677,squat,face,,0.015842,0.000000,,,,,,,,,,,,,rest,0,0,debug,0.561119,0.580001,,,,0.608117,0.679583,0.941181,0.598130,0.655990,1.235223,1.729724,-0.0333,0.929219,1.794915,0.773409,1.000977,1.840072,0.733523,1.076760,1.889295,1.648953
22.6010,squat,face,,0.015842,0.000000,,,,,,,,,,,,,rest,0,0,debug,0.561119,0.580001,,,,0.602732,0.676418,0.939931,0.603062,0.658944,1.224876,1.729724,-0.0333,0.935160,1.794915,0.760772,1.008370,1.840072,0.726241,1.076760,1.915808,1.060587
22.6343,squat,face,,0.015842,0.000000,,,,,,,,,0.371938,,0.534180,,rest,0,0,debug,0.561119,0.580001,0.147204,0.433350,5,0.594436,0.672057,0.940139,0.605917,0.655990,1.213989,1.750427,-0.0333,0.942041,1.794915,0.752940,1.000977,1.865207,0.718596,1.076760,1.889295,1.022465
22.7010,squat,face,,0.015842,0.000000,,,,,,,,,0.364774,0.228413,0.652832,,rest,0,0,debug,0.561119,0.580001,0.143987,0.496094,5,0.580540,0.666875,0.940208,0.608436,0.655990,1.194168,1.750427,0.0000,0.935160,1.794915,0.722144,1.000977,1.865207,0.711603,1.076760,1.889295,0.960600
22.7343,squat,face,,0.015842,0.000000,,,,,,,,,0.361287,0.229519,0.678711,,rest,0,0,debug,0.561119,0.580001,0.146870,0.584473,5,0.576518,0.665719,0.942222,0.610974,0.653060,1.203997,1.750427,0.0000,0.935160,1.794915,0.726241,1.008370,1.865207,0.704263,1.068888,1.889295,0.966947
22.7677,squat,face,,0.015842,0.000000,,,,,,,,,0.359655,0.221396,0.666504,,rest,0,0,debug,0.561119,0.580001,0.147135,0.662109,5,0.575384,0.663154,0.941111,0.610974,0.649744,1.235223,1.771624,-0.0333,0.935160,1.794915,0.722144,1.008370,1.865207,0.694236,1.068888,1.889295,0.987463
22.8010,squat,face,,0.015842,0.000000,,,,,,,,,0.358005,0.229594,0.633789,,rest,0,0,debug,0.561119,0.580001,0.139342,0.564453,5,0.574341,0.660336,0.942222,0.605917,0.649744,1.245742,1.771624,-0.0333,0.942041,1.794915,0.737220,1.008370,1.865207,0.694236,1.076760,1.889295,0.994175
22.8343,squat,face,,0.015842,0.000000,,,,,,,,,0.356276,0.226058,0.681641,,rest,0,0,debug,0.561119,0.580001,0.140640,0.536133,5,0.571556,0.656963,0.942014,0.603062,0.653060,1.245742,1.771624,-0.0333,0.935160,1.817209,0.744725,1.008370,1.865207,0.694236,1.076760,1.915808,0.987463
22.8677,squat,face,,0.015842,0.000000,,,,,,,,,0.355709,0.222877,0.695312,,rest,0,0,debug,0.561119,0.580001,0.138847,0.607422,5,0.568765,0.654277,0.941597,0.603062,0.653060,1.245742,1.771624,-0.0333,0.929219,1.794915,0.744725,1.008370,1.865207,0.694236,1.076760,1.889295,0.987463
22.9010,squat,face,,0.015842,0.000000,,,,,,,,,0.354624,0.221729,0.705566,,rest,0,0,debug,0.561119,0.580001,0.139863,0.611328,5,0.565600,0.650612,0.942361,0.603062,0.649744,1.245742,1.771624,-0.0333,0.935160,1.817209,0.726241,1.008370,1.865207,0.690958,1.076760,1.915808,0.960600
22.9343,squat,face,,0.015842,0.000000,,,,,,,,,0.353894,0.226097,0.711426,,rest,0,0,debug,0.561119,0.580001,0.138755,0.500977,5,0.561887,0.646376,0.942431,0.600585,0.644025,1.235223,1.771624,-0.0333,0.935160,1.794915,0.708160,1.008370,1.865207,0.687710,1.068888,1.889295,0.942041
22.9677,squat,face,,0.015842,0.000000,,,,,,,,,0.352626,0.228566,0.705566,,rest,0,0,debug,0.561119,0.580001,0.140540,0.518555,5,0.558301,0.643228,0.941736,0.598130,0.644025,1.224876,1.771624,-0.0333,0.935160,1.794915,0.704263,1.008370,1.865207,0.694236,1.076760,1.889295,0.935160
23.0010,squat,face,,0.015842,0.000000,,,,,,,,,0.352643,0.230567,0.683105,,rest,0,0,debug,0.561119,0.580001,0.139698,0.505859,5,0.555152,0.639941,0.940833,0.595695,0.644025,1.213989,1.771624,-0.0333,0.935160,1.794915,0.697548,1.000977,1.865207,0.697548,1.076760,1.889295,0.942041
23.0343,squat,face,,0.015842,0.000000,,,,,,,,,0.353118,,0.634277,,rest,0,0,debug,0.561119,0.580001,0.136520,0.440430,5,0.551393,0.637179,0.939722,0.593279,0.641202,1.203997,1.750427,-0.0333,0.935160,1.794915,0.697548,1.008370,1.865207,0.700890,1.068888,1.889295,0.923352
23.0677,squat,face,,0.015842,0.000000,,,,,,,,,0.354795,0.214271,0.705078,,rest,0,0,debug,0.561119,0.580001,0.139151,0.632324,5,0.548059,0.633851,0.940694,0.585812,0.641202,1.213989,1.750427,-0.0333,0.935160,1.794915,0.697548,1.008370,1.865207,0.708160,1.068888,1.889295,1.000977
23.1010,squat,face,,0.015842,0.000000,,,,,,,,,0.355091,0.210478,0.644043,,rest,0,0,debug,0.561119,0.580001,0.145871,0.580078,5,0.545902,0.630395,0.940139,0.578857,0.638400,1.213989,1.750427,-0.0333,0.942041,1.794915,0.684034,1.008370,1.865207,0.711603,1.076760,1.889295,1.037485
23.1343,squat,face,,0.015842,0.000000,,,,,,,,,0.355820,0.181668,0.704102,,rest,0,0,debug,0.561119,0.580001,0.145964,0.554688,5,0.544443,0.627168,0.941042,0.565121,0.638400,1.213989,1.750427,-0.0333,0.935160,1.794915,0.733523,1.008370,1.865207,0.718596,1.076760,1.889295,1.708085
23.1677,squat,face,,0.015842,0.000000,,,,,,,,,0.357325,,0.560059,,rest,0,0,debug,0.561119,0.580001,0.147527,0.373779,5,0.544787,0.625212,0.939861,0.547593,0.635628,1.194168,1.729724,-0.0333,0.942041,1.771624,0.883519,1.008370,1.865207,0.729864,1.076760,1.865207,1.771624
23.2010,squat,face,,0.015842,0.000000,,,,,,,,0.398190,0.355798,,0.440430,,rest,0,0,debug,0.561119,0.580001,0.141828,0.404541,5,0.544117,0.621461,0.939375,0.531396,0.629765,1.174307,1.708085,-0.0333,0.942041,1.771624,0.966947,1.008370,1.865207,0.749084,1.068888,1.817209,1.771624
23.2343,squat,face,,0.015842,0.000000,,,,,,,,0.397575,0.354576,0.157729,0.596680,,rest,0,0,debug,0.561119,0.580001,0.148000,0.578613,5,0.542400,0.614429,0.940069,0.510468,0.627067,1.127747,1.648953,-0.0333,0.935160,1.771624,0.966947,1.008370,1.840072,0.773409,1.076760,1.794915,1.771624
23.2677,squat,face,,0.015842,0.000000,,,,,,,,0.447398,0.351550,0.140941,0.608887,,rest,0,0,debug,0.561119,0.580001,0.154354,0.592285,5,0.538932,0.607270,0.940417,0.501469,0.624387,1.084739,1.612598,-0.0333,0.935160,1.750427,0.960600,1.008370,1.840072,0.777525,1.076760,1.750427,1.771624
23.3010,squat,face,,0.015842,0.000000,,,,,,,,0.397321,0.352655,0.134729,0.575684,,rest,0,0,debug,0.561119,0.580001,0.164182,0.513184,5,0.536736,0.599744,0.941111,0.492781,0.621734,1.052952,1.576596,-0.0333,0.935160,1.708085,0.935160,1.008370,1.840072,0.777525,1.068888,1.729724,1.729724
23.3344,squat,face,,0.015842,0.000000,,,,,,,,0.446780,0.350872,0.118302,0.594727,,rest,0,0,debug,0.561119,0.580001,0.176846,0.550293,5,0.535398,0.592263,0.940278,0.482564,0.621734,1.022465,1.542162,-0.0333,0.935160,1.708085,0.905393,0.994175,1.840072,0.768767,1.060587,1.708085,1.688375
23.3677,squat,face,,0.015842,0.000000,,,,,,,,0.452187,0.351295,0.096509,0.580078,,rest,0,0,debug,0.561119,0.580001,0.191899,0.502441,5,0.533790,0.583314,0.940417,0.474953,0.629765,0.987463,1.462855,-0.0333,0.917560,1.708085,0.878216,0.966947,1.840072,0.756835,1.052952,1.648953,1.558600
23.4010,squat,face,,0.015842,0.000000,,,,,,,,0.457792,0.350816,,0.528320,,rest,0,0,debug,0.561119,0.580001,0.197303,0.474121,5,0.532182,0.573513,0.938264,0.468435,0.641202,0.954332,1.448373,-0.0333,0.899824,1.669107,0.841410,0.942041,1.840072,0.737220,1.052952,1.576596,0.929219
23.4344,squat,face,,0.015842,0.000000,,,,,,,,0.459053,0.350665,,0.559570,,rest,0,0,debug,0.561119,0.580001,0.205675,0.347168,5,0.530591,0.563370,0.937847,0.459605,0.641202,0.911843,1.448373,-0.0333,0.883519,1.612598,0.795026,0.923352,1.840072,0.711603,1.052952,1.245742,0.867062
23.4677,squat,face,,0.015842,0.000000,,,,,,,,0.461982,0.343826,,0.640625,,rest,0,0,debug,0.561119,0.580001,0.208602,0.304443,5,0.528738,0.554819,0.936667,0.450704,0.629765,0.883519,1.493797,-0.0333,0.872231,1.593774,0.740954,0.899824,1.840072,0.690958,1.060587,1.174307,0.799375
23.5010,squat,face,,0.015842,0.000000,,,,,,,,0.462286,0.344773,,0.688477,,rest,0,0,debug,0.561119,0.580001,0.210791,0.296143,5,0.525864,0.547833,0.935764,0.447944,0.610974,0.846979,1.509210,-0.0333,0.856903,1.612598,0.708160,0.894320,1.840072,0.658944,1.060587,1.146050,0.737220
23.5344,squat,face,,0.015842,0.000000,,,,,,,,0.462445,0.341270,,0.712891,,rest,0,0,debug,0.561119,0.580001,0.211835,0.307129,5,0.521367,0.543849,0.935625,0.445217,0.588168,0.803767,1.526079,-0.0333,0.846979,1.542162,0.671475,0.878216,1.840072,0.624387,1.060587,0.756835,0.694236
23.5677,squat,face,,0.015842,0.000000,,,,,,,,0.460044,0.339400,,0.649902,,rest,0,0,debug,0.561119,0.580001,0.216372,0.251221,5,0.516904,0.546392,0.933819,0.447944,0.562637,0.777525,1.542162,-0.0333,0.836601,1.630572,0.644025,0.861952,1.840072,0.593279,1.052952,0.700890,0.649744
23.6010,squat,face,,0.015842,0.000000,,,,,,,,0.459829,0.332624,,0.537109,,rest,0,0,debug,0.561119,0.580001,0.233707,0.174316,5,0.512504,0.549573,0.933333,0.489484,0.541512,0.749084,1.593774,-0.0333,0.817238,1.688375,0.608436,0.846979,1.840072,0.562637,1.052952,0.658944,0.624387
23.6344,squat,face,,0.015842,0.000000,,,,,,,,,,,,,rest,0,0,debug,0.561119,0.580001,,,,0.507594,0.551887,0.933125,0.479399,0.498053,0.697548,1.648953,-0.0667,0.785877,1.750427,0.558342,0.808208,1.840072,0.512256,1.000977,0.590881,0.578857
23.7010,squat,face,,0.015842,0.000000,,,,,,,,,,,,,rest,0,0,debug,0.561119,0.580001,,,,0.501646,0.563418,0.932639,0.465454,0.481202,0.674571,1.648953,-0.0333,0.768767,1.750427,0.539231,0.799375,1.840072,0.490891,0.973377,0.567312,0.558342
23.7344,squat,face,0.014974,0.015581,0.636227,0.525999,0.334156,0.091778,0.163160,0.636227,0.014974,4,,,,,,rest,0,0,debug,0.561119,0.580001,,,,0.501622,0.570708,0.929722,0.452294,0.470156,0.649744,1.669107,-0.0333,0.756835,1.750427,0.525398,0.790122,1.840072,0.479399,0.942041,0.551723,0.539231
23.8010,squat,face,0.016501,0.016051,0.643477,0.517353,0.323583,0.096344,0.171277,0.643477,0.016501,4,,,,,,rest,0,0,debug,0.561119,0.580001,,,,0.502242,0.581584,0.931597,0.447944,0.467149,0.629765,1.669107,-0.0333,0.760772,1.750427,0.525398,0.768767,1.840072,0.473197,0.923352,0.547593,0.533333
23.8344,squat,face,0.016427,0.016163,0.680361,0.534852,0.339422,0.096125,0.170888,0.680361,0.016427,4,,,,,,rest,0,0,debug,0.561119,0.580001,,,,0.503221,0.586087,0.929931,0.456328,0.474953,0.635628,1.669107,-0.0333,0.760772,1.729724,0.537251,0.764749,1.840072,0.481202,0.935160,0.556219,0.545551
23.8677,squat,face,0.013385,0.015330,0.627339,0.381732,0.486309,0.086771,0.154260,0.627339,0.013385,2,,,,,,rest,0,0,debug,0.561119,0.580001,,,,0.505286,0.590026,0.931597,0.482564,0.503193,0.677697,1.648953,-0.0667,0.781679,1.708085,0.569521,0.777525,1.840072,0.514056,0.960600,0.588168,0.576252
23.9344,squat,face,,0.015330,0.000000,,,,,,,,,,,,,rest,0,0,debug,0.561119,0.580001,,,,0.515082,0.599818,0.931944,0.498053,0.525398,0.700890,1.648953,-0.0333,0.785877,1.669107,0.595695,0.790122,1.840072,0.537251,0.973377,0.610974,0.600585
23.9677,squat,face,,0.015330,0.000000,,,,,,,,,,,,,rest,0,0,debug,0.561119,0.580001,,,,0.523808,0.604734,0.931944,0.463766,0.569521,0.752940,1.630572,-0.0667,0.795026,1.612598,0.649744,0.846979,1.840072,0.585812,0.973377,0.664934,0.658944
24.0344,squat,face,,0.015330,0.000000,,,,,,,,0.474890,0.320809,,0.675293,,rest,0,0,debug,0.561119,0.580001,0.236821,0.214844,5,0.542939,0.612003,0.931944,0.463766,0.569521,0.752940,1.630572,0.0000,0.795026,1.612598,0.649744,0.846979,1.840072,0.585812,0.973377,0.664934,0.658944
24.0677,squat,face,,0.015330,0.000000,,,,,,,,0.475544,0.327244,,0.657715,,rest,0,0,debug,0.561119,0.580001,0.225236,0.337402,5,0.551705,0.612337,0.933681,0.460846,0.593279,0.781679,1.612598,0.0000,0.799375,1.648953,0.684034,0.878216,1.817209,0.613541,0.973377,0.697548,0.697548
24.1011,squat,face,,0.015330,0.000000,,,,,,,,0.475361,0.332722,,0.699707,,rest,0,0,debug,0.561119,0.580001,0.213458,0.391357,5,0.559182,0.611208,0.933542,0.463766,0.616124,0.808208,1.612598,0.0000,0.808208,1.648953,0.722144,0.905393,1.817209,0.638400,0.973377,0.749084,0.733523
24.1344,squat,face,,0.015330,0.000000,,,,,,,,0.472329,0.339759,,0.561035,,rest,0,0,debug,0.561119,0.580001,0.204341,0.354492,5,0.566288,0.612114,0.933403,0.465454,0.629765,0.841410,1.612598,0.0000,0.822490,1.648953,0.752940,0.929219,1.817209,0.668407,0.973377,0.803767,0.764749
24.1677,squat,face,,0.015330,0.000000,,,,,,,,0.470826,0.341204,,0.513184,,rest,0,0,debug,0.561119,0.580001,0.205506,0.443604,5,0.571689,0.619319,0.935833,0.468435,0.644025,0.878216,1.612598,0.0000,0.851913,1.648953,0.785877,0.954332,1.840072,0.694236,0.980837,1.136515,0.803767
24.2011,squat,face,,0.015330,0.000000,,,,,,,,0.463802,0.343471,,0.507812,,rest,0,0,debug,0.561119,0.580001,0.202298,0.439697,5,0.576679,0.634251,0.936528,0.474953,0.646873,0.905393,1.612598,0.0000,0.888884,1.630572,0.817238,0.980837,1.840072,0.715084,0.994175,1.146050,0.851913
24.2344,squat,face,,0.015330,0.000000,,,,,,,,0.465427,0.349817,,0.536621,,rest,0,0,debug,0.561119,0.580001,0.192034,0.471191,5,0.582376,0.648679,0.937778,0.486228,0.641202,0.948147,1.612598,0.0000,0.935160,1.558600,0.851913,1.000977,1.840072,0.737220,1.022465,1.155103,0.935160
24.2677,squat,face,,0.015330,0.000000,,,,,,,,0.463570,0.359484,,0.581543,,rest,0,0,debug,0.561119,0.580001,0.182020,0.525391,5,0.586865,0.660422,0.940764,0.501469,0.629765,1.030173,1.648953,-0.0333,0.935160,1.729724,0.888884,1.000977,1.840072,0.764749,1.076760,1.612598,1.729724
24.3011,squat,face,,0.015330,0.000000,,,,,,,,0.461608,0.367163,,0.610352,,rest,0,0,debug,0.561119,0.580001,0.170937,0.517578,5,0.589145,0.668737,0.941042,0.512256,0.627067,1.076760,1.669107,-0.0333,0.935160,1.750427,0.905393,1.000977,1.840072,0.773409,1.076760,1.729724,1.708085
24.3344,squat,face,,0.015330,0.000000,,,,,,,,0.461642,0.370430,0.114930,0.574219,,rest,0,0,debug,0.561119,0.580001,0.170030,0.562988,5,0.591066,0.670376,0.940903,0.525398,0.629765,1.127747,1.669107,-0.0333,0.935160,1.771624,0.905393,1.008370,1.840072,0.777525,1.068888,1.817209,1.729724
24.3677,squat,face,,0.015330,0.000000,,,,,,,,,,,,,rest,0,0,debug,0.561119,0.580001,,,,0.592935,0.668050,0.940556,0.541512,0.638400,1.164298,1.688375,-0.0333,0.942041,1.771624,0.905393,1.008370,1.840072,0.773409,1.068888,1.865207,1.729724
24.4011,squat,face,0.002793,0.011569,0.582123,0.428951,0.477727,0.039636,0.070463,0.582123,0.002793,2,,0.374332,0.144079,0.497314,,rest,0,0,debug,0.561119,0.580001,0.155266,0.438965,5,0.595156,0.666357,0.940903,0.560482,0.644025,1.194168,1.688375,-0.0333,0.935160,1.794915,0.861952,1.000977,1.840072,0.760772,1.076760,1.889295,1.008370
24.4344,squat,face,,0.011569,0.000000,,,,,,,,,0.374969,,0.430664,,rest,0,0,debug,0.561119,0.580001,0.153705,0.281738,5,0.593694,0.664422,0.940833,0.583475,0.649744,1.194168,1.688375,-0.0333,0.935160,1.794915,0.856903,1.008370,1.840072,0.740954,1.076760,1.889295,0.911843
24.4677,squat,face,,0.011569,0.000000,,,,,,,,,0.379511,0.169937,0.591309,,rest,0,0,debug,0.561119,0.580001,0.155008,0.457275,5,0.588928,0.661435,0.940972,0.590881,0.653060,1.194168,1.688375,-0.0333,0.935160,1.794915,0.841410,1.000977,1.840072,0.733523,1.076760,1.889295,0.899824
24.5011,squat,face,,0.011569,0.000000,,,,,,,,,0.379263,0.175400,0.599121,,rest,0,0,debug,0.561119,0.580001,0.154030,0.542480,5,0.582615,0.658084,0.940000,0.598130,0.653060,1.183815,1.688375,-0.0333,0.935160,1.794915,0.808208,1.008370,1.840072,0.722144,1.068888,1.889295,0.861952
24.5344,squat,face,,0.011569,0.000000,,,,,,,,,0.379731,,0.570312,,rest,0,0,debug,0.561119,0.580001,0.147636,0.415771,5,0.576153,0.655420,0.940139,0.600585,0.653060,1.164298,1.708085,-0.0333,0.935160,1.794915,0.752940,1.008370,1.840072,0.711603,1.076760,1.889295,0.856903
24.5677,squat,face,,0.011569,0.000000,,,,,,,,,0.376830,0.222119,0.691895,,rest,0,0,debug,0.561119,0.580001,0.146837,0.601562,5,0.570633,0.655156,0.942431,0.600585,0.649744,1.174307,1.708085,-0.0333,0.935160,1.794915,0.744725,1.008370,1.840072,0.704263,1.076760,1.889295,0.883519
24.6011,squat,face,,0.011569,0.000000,,,,,,,,,0.374021,0.229360,0.577637,,rest,0,0,debug,0.561119,0.580001,0.150775,0.428223,5,0.566370,0.655617,0.942292,0.603062,0.649744,1.183815,1.729724,-0.0333,0.929219,1.794915,0.733523,1.008370,1.840072,0.697548,1.068888,1.889295,0.917560
24.6344,squat,face,,0.011569,0.000000,,,,,,,,,0.372406,0.232007,0.699219,,rest,0,0,debug,0.561119,0.580001,0.147868,0.566406,5,0.565912,0.652341,0.941806,0.603062,0.644025,1.213989,1.729724,-0.0333,0.935160,1.794915,0.722144,1.008370,1.840072,0.687710,1.068888,1.889295,0.935160
24.6677,squat,face,,0.011569,0.000000,,,,,,,,,0.370532,0.222619,0.682129,,rest,0,0,debug,0.561119,0.580001,0.149411,0.637695,5,0.565304,0.647195,0.941944,0.603062,0.646873,1.224876,1.729724,-0.0333,0.935160,1.794915,0.718596,1.000977,1.865207,0.684034,1.068888,1.889295,0.973377
24.7011,squat,face,,0.011569,0.000000,,,,,,,,,0.369244,0.219177,0.674805,,rest,0,0,debug,0.561119,0.580001,0.148533,0.631348,5,0.563302,0.642901,0.941667,0.600585,0.644025,1.235223,1.750427,-0.0333,0.935160,1.794915,0.733523,1.008370,1.865207,0.687710,1.076760,1.889295,0.987463
24.7344,squat,face,,0.011569,0.000000,,,,,,,,,0.369049,0.216697,0.695801,,rest,0,0,debug,0.561119,0.580001,0.147171,0.641602,5,0.561700,0.640181,0.941458,0.598130,0.644025,1.235223,1.750427,-0.0333,0.935160,1.794915,0.749084,1.008370,1.865207,0.684034,1.076760,1.889295,0.994175
24.7677,squat,face,,0.011569,0.000000,,,,,,,,,0.368867,0.228014,0.695801,,rest,0,0,debug,0.561119,0.580001,0.146931,0.643066,5,0.560589,0.637760,0.942222,0.595695,0.641202,1.245742,1.750427,-0.0333,0.935160,1.794915,0.737220,1.008370,1.865207,0.684034,1.076760,1.889295,0.987463
24.8011,squat,face,,0.011569,0.000000,,,,,,,,,0.368504,0.233036,0.685547,,rest,0,0,debug,0.561119,0.580001,0.148042,0.622070,5,0.558505,0.634541,0.941458,0.598130,0.641202,1.224876,1.729724,-0.0333,0.935160,1.794915,0.733523,1.000977,1.840072,0.680849,1.076760,1.889295,0.987463
24.8344,squat,face,,0.011569,0.000000,,,,,,,,,0.368338,0.233834,0.685059,,rest,0,0,debug,0.561119,0.580001,0.149866,0.611816,5,0.556137,0.631562,0.941389,0.595695,0.638400,1.213989,1.729724,-0.0333,0.935160,1.794915,0.733523,1.008370,1.840072,0.684034,1.068888,1.889295,0.942041
24.8678,squat,face,,0.011569,0.000000,,,,,,,,,0.368236,0.226989,0.677246,,rest,0,0,debug,0.561119,0.580001,0.147597,0.579590,5,0.553045,0.629218,0.941389,0.595695,0.638400,1.213989,1.729724,0.0000,0.935160,1.794915,0.733523,1.008370,1.840072,0.684034,1.068888,1.889295,0.942041
24.9011,squat,face,,0.011569,0.000000,,,,,,,,,0.368426,0.209591,0.686523,,rest,0,0,debug,0.561119,0.580001,0.147570,0.612305,5,0.549702,0.627482,0.941389,0.595695,0.641202,1.203997,1.729724,0.0000,0.935160,1.794915,0.718596,1.000977,1.865207,0.687710,1.068888,1.889295,0.935160
24.9344,squat,face,,0.011569,0.000000,,,,,,,,,0.369057,0.223904,0.689453,,rest,0,0,debug,0.561119,0.580001,0.148123,0.585938,5,0.546989,0.625613,0.940556,0.598130,0.641202,1.194168,1.729724,0.0000,0.935160,1.794915,0.711603,1.008370,1.840072,0.690958,1.076760,1.889295,0.954332
24.9678,squat,face,,0.011569,0.000000,,,,,,,,,0.370089,0.221999,0.691895,,rest,0,0,debug,0.561119,0.580001,0.147043,0.664551,5,0.544734,0.625230,0.939722,0.598130,0.644025,1.203997,1.708085,-0.0333,0.935160,1.794915,0.711603,1.008370,1.840072,0.700890,1.076760,1.889295,1.076760
25.0011,squat,face,,0.011569,0.000000,,,,,,,,,0.371005,,0.557617,,rest,0,0,debug,0.561119,0.580001,0.149341,0.494873,5,0.543557,0.624907,0.939792,0.595695,0.646873,1.213989,1.708085,-0.0333,0.935160,1.794915,0.715084,1.000977,1.840072,0.700890,1.076760,1.889295,1.612598
25.0344,squat,face,,0.011569,0.000000,,,,,,,,,0.371878,,0.533203,,rest,0,0,debug,0.561119,0.580001,0.156316,0.520508,5,0.542965,0.623024,0.939931,0.598130,0.646873,1.203997,1.688375,-0.0333,0.935160,1.794915,0.715084,1.008370,1.840072,0.718596,1.068888,1.889295,1.708085
25.0678,squat,face,,0.011569,0.000000,,,,,,,,,0.374357,0.196090,0.537598,,rest,0,0,debug,0.561119,0.580001,0.158504,0.527344,5,0.542988,0.619028,0.940278,0.593279,0.649744,1.194168,1.669107,-0.0333,0.935160,1.794915,0.827139,1.008370,1.840072,0.726241,1.068888,1.889295,1.729724
25.1011,squat,face,,0.011569,0.000000,,,,,,,,,0.372530,,0.410156,,rest,0,0,debug,0.561119,0.580001,0.158590,0.296143,5,0.541944,0.609891,0.939653,0.581156,0.658944,1.183815,1.612598,-0.0333,0.935160,1.771624,0.942041,1.008370,1.817209,0.737220,1.068888,1.889295,1.750427
25.1344,squat,face,,0.011569,0.000000,,,,,,,,,0.380927,0.166463,0.515625,,rest,0,0,debug,0.561119,0.580001,0.160390,0.424316,5,0.543414,0.600772,0.938750,0.560482,0.661926,1.164298,1.558600,-0.0333,0.935160,1.771624,0.954332,1.008370,1.794915,0.760772,1.076760,1.889295,1.750427
25.1678,squat,face,,0.011569,0.000000,,,,,,,,,0.382862,0.150056,0.627930,,rest,0,0,debug,0.561119,0.580001,0.159658,0.581543,5,0.546468,0.592864,0.938958,0.541512,0.655990,1.119122,1.526079,-0.0333,0.935160,1.771624,0.899824,1.008370,1.771624,0.777525,1.068888,1.865207,1.729724
25.2011,squat,face,,0.011569,0.000000,,,,,,,,0.461172,0.383255,0.139410,0.588867,,rest,0,0,debug,0.561119,0.580001,0.162425,0.553711,5,0.542515,0.583283,0.939306,0.527291,0.653060,1.093433,1.434173,-0.0333,0.935160,1.771624,0.851913,1.008370,1.729724,0.781679,1.076760,1.865207,1.593774
25.2344,squat,face,,0.011569,0.000000,,,,,,,,0.491424,0.383260,0.112080,0.667480,,rest,0,0,debug,0.561119,0.580001,0.171657,0.586426,5,0.539188,0.571227,0.939028,0.521650,0.646873,1.044894,1.352707,-0.0333,0.935160,1.750427,0.808208,1.008370,1.612598,0.768767,1.076760,1.865207,0.888884
25.2678,squat,face,,0.011569,0.000000,,,,,,,,0.495461,0.382570,0.108921,0.664062,,rest,0,0,debug,0.561119,0.580001,0.180582,0.507812,5,0.535748,0.558406,0.937847,0.515869,0.644025,1.000977,1.279198,-0.0333,0.935160,1.750427,0.756835,1.008370,1.127747,0.752940,1.068888,1.865207,0.817238
25.3011,squat,face,,0.011569,0.000000,,,,,,,,0.502580,0.379104,0.091115,0.672852,,rest,0,0,debug,0.561119,0.580001,0.176012,0.495850,5,0.532096,0.544472,0.936181,0.519797,0.644025,0.966947,1.076760,-0.0333,0.935160,1.750427,0.729864,1.000977,1.022465,0.729864,1.076760,1.865207,0.773409
25.3344,squat,face,,0.011569,0.000000,,,,,,,,0.504768,0.375274,0.065640,0.750488,,rest,0,0,debug,0.561119,0.580001,0.180085,0.451904,5,0.528923,0.531792,0.932361,0.529473,0.613541,0.917560,0.973377,-0.0333,0.929219,1.729724,0.704263,1.008370,0.954332,0.700890,1.068888,1.865207,0.729864
25.3678,squat,face,,0.011569,0.000000,,,,,,,,0.505073,0.366237,,0.721680,,rest,0,0,debug,0.561119,0.580001,0.180443,0.470947,5,0.526671,0.521049,0.931111,0.547593,0.569521,0.878216,0.883519,-0.0333,0.935160,1.708085,0.664934,1.008370,0.878216,0.674571,1.068888,1.865207,0.690958
25.4011,squat,face,0.010472,0.011240,0.595802,0.483868,0.399906,0.076750,0.136444,0.595802,0.010472,4,0.507768,0.360570,,0.698242,,rest,0,0,debug,0.561119,0.580001,0.177986,0.413818,5,0.524466,0.511005,0.929306,0.504929,0.519797,0.831844,0.817238,-0.0333,0.935160,1.688375,0.632489,1.008370,0.817238,0.638400,1.076760,1.840072,0.627067
25.4344,squat,face,0.010142,0.010910,0.579391,0.483736,0.399835,0.075529,0.134273,0.579391,0.010142,4,0.512280,0.358752,,0.691895,,rest,0,0,debug,0.561119,0.580001,0.188359,0.379639,5,0.521382,0.500051,0.924861,0.457961,0.473197,0.781679,0.752940,-0.0333,0.929219,1.558600,0.600585,0.980837,0.764749,0.603062,1.068888,1.794915,0.486228
25.4678,squat,face,0.014603,0.012018,0.633150,0.486391,0.378509,0.090631,0.161122,0.633150,0.014603,4,0.511842,0.350590,,0.643066,,rest,0,0,debug,0.561119,0.580001,0.195042,0.425781,5,0.514466,0.487771,0.924861,0.457961,0.473197,0.781679,0.752940,0.0000,0.929219,1.558600,0.600585,0.980837,0.764749,0.603062,1.068888,1.794915,0.486228
25.5011,squat,face,0.017320,0.013609,0.663649,0.482922,0.380679,0.098705,0.175476,0.663649,0.017320,4,0.510637,0.341907,,0.620117,,rest,0,0,debug,0.561119,0.580001,0.204507,0.403320,5,0.503337,0.473748,0.922014,0.412902,0.430252,0.737220,0.690958,0.0000,0.917560,0.653060,0.558342,0.942041,0.726241,0.565121,1.076760,1.708085,0.432797
25.5344,squat,face,0.017658,0.014823,0.630832,0.481128,0.370106,0.099662,0.177176,0.630832,0.017658,4,0.509540,0.329191,,0.537598,,rest,0,0,debug,0.561119,0.580001,0.221172,0.293701,5,0.491866,0.459002,0.922083,0.368080,0.384096,0.680849,0.641202,0.0000,0.899824,0.465454,0.521650,0.911843,0.687710,0.529473,1.076760,1.542162,0.384962
25.5678,squat,face,0.019576,0.016249,0.606765,0.477295,0.356051,0.104935,0.186552,0.606765,0.019576,4,0.504413,0.320287,,0.538086,,rest,0,0,debug,0.561119,0.580001,0.237329,0.312500,5,0.484378,0.448256,0.919167,0.324666,0.341789,0.610974,0.595695,0.0000,0.872231,0.420361,0.486228,0.878216,0.653060,0.496122,1.076760,1.183815,0.329049
25.6011,squat,face,0.021568,0.017845,0.672238,0.481291,0.343187,0.110145,0.195813,0.672238,0.021568,4,,,,,,rest,0,0,debug,0.561119,0.580001,,,,0.479850,0.440385,0.908819,0.256384,0.274088,0.487619,0.545551,-0.0333,0.803767,0.351889,0.431703,0.795026,0.595695,0.453498,1.076760,0.344086,0.259109
25.6345,squat,face,0.015250,0.017066,0.691572,0.472859,0.351058,0.092619,0.164656,0.691572,0.015250,4,,,,,,rest,0,0,debug,0.561119,0.580001,,,,0.474141,0.433246,0.903750,0.238361,0.254094,0.457961,0.525398,-0.0333,0.773409,0.328414,0.414236,0.768767,0.571747,0.438354,1.068888,0.323028,0.240376
25.6678,squat,face,0.014668,0.016347,0.715004,0.475430,0.330083,0.090834,0.161483,0.715004,0.014668,4,0.501263,0.272052,,0.469238,,rest,0,0,debug,0.561119,0.580001,0.247022,0.189209,5,0.463905,0.421123,0.898750,0.229802,0.244508,0.445217,0.512256,-0.0333,0.756835,0.313917,0.405705,0.760772,0.558342,0.432797,1.076760,1.119122,0.232516
25.7011,squat,face,0.011581,0.014917,0.681257,0.472663,0.331613,0.080712,0.143488,0.681257,0.011581,4,,,,,,rest,0,0,debug,0.561119,0.580001,,,,0.457943,0.410487,0.898125,0.232939,0.245681,0.449121,0.506679,-0.0333,0.756835,0.311056,0.405705,0.768767,0.558342,0.434266,1.068888,1.194168,0.235510
25.7345,squat,face,0.015706,0.015154,0.660145,0.477027,0.317788,0.093994,0.167100,0.660145,0.015706,4,,,,,,rest,0,0,debug,0.561119,0.580001,,,,0.458763,0.405293,0.902292,0.244508,0.256384,0.465454,0.512256,-0.0333,0.764749,0.319401,0.414236,0.781679,0.567312,0.442524,1.076760,1.392246,0.247103
25.7678,squat,face,0.017019,0.015714,0.677844,0.478169,0.317560,0.097843,0.173944,0.677844,0.017019,4,,,,,,rest,0,0,debug,0.561119,0.580001,,,,0.465278,0.407053,0.908403,0.263917,0.274531,0.492781,0.531396,-0.0333,0.795026,0.336840,0.429170,0.795026,0.593279,0.459605,1.076760,1.576596,0.265836
25.8011,squat,face,0.016180,0.015853,0.706243,0.473636,0.323235,0.095399,0.169599,0.706243,0.016180,4,,,,,,rest,0,0,debug,0.561119,0.580001,,,,0.476488,0.420182,0.910347,0.287964,0.298716,0.531396,0.562637,-0.0333,0.817238,0.360817,0.449121,0.808208,0.621734,0.479399,1.068888,1.558600,0.290909
25.8678,squat,face,0.018312,0.017107,0.646127,0.491281,0.341300,0.101490,0.180427,0.646127,0.018312,4,,,,,,rest,0,0,debug,0.561119,0.580001,,,,0.501888,0.463728,0.915139,0.346649,0.358042,0.638400,0.635628,-0.0333,0.841410,0.414236,0.504929,0.836601,0.700890,0.523517,1.076760,1.365330,0.351889
25.9011,squat,face,0.018866,0.017635,0.649895,0.499247,0.340354,0.103014,0.183136,0.649895,0.018866,4,,,,,,rest,0,0,debug,0.561119,0.580001,,,,0.511783,0.484010,0.917431,0.377860,0.391436,0.680849,0.671475,-0.0333,0.846979,0.446382,0.535285,0.851913,0.749084,0.545551,1.076760,1.291297,0.389353
25.9345,squat,face,0.018728,0.017963,0.656808,0.496730,0.343263,0.102639,0.182469,0.656808,0.018728,4,,,,,,rest,0,0,debug,0.561119,0.580001,,,,0.521150,0.501931,0.918125,0.408293,0.420361,0.715084,0.718596,-0.0333,0.841410,0.476279,0.560482,0.872231,0.817238,0.571747,1.068888,1.268110,0.421399
25.9678,squat,face,,0.017963,0.000000,,,,,,,,0.485082,0.324795,,0.527344,,rest,0,0,debug,0.561119,0.580001,0.227640,0.498047,5,0.533094,0.522093,0.918542,0.438354,0.446382,0.749084,0.764749,-0.0333,0.846979,0.503193,0.593279,0.911843,0.878216,0.598130,1.068888,1.339437,0.450704
26.0011,squat,face,0.012046,0.016188,0.613965,0.508974,0.343272,0.082315,0.146338,0.613965,0.012046,4,0.492185,0.329649,,0.562500,,rest,0,0,debug,0.561119,0.580001,0.245661,0.376221,5,0.544921,0.544106,0.921111,0.459605,0.468435,0.777525,0.831844,-0.0333,0.867062,0.506679,0.618731,0.966947,1.076760,0.624387,1.076760,1.405628,0.479399
26.0345,squat,face,,0.016188,0.000000,,,,,,,,0.495375,0.335332,,0.601562,,rest,0,0,debug,0.561119,0.580001,0.237758,0.488525,5,0.556456,0.569243,0.924583,0.468435,0.487619,0.808208,0.929219,-0.0333,0.899824,0.508692,0.641202,1.000977,1.669107,0.655990,1.076760,1.593774,0.517695
26.0678,squat,face,,0.016188,0.000000,,,,,,,,0.489220,0.342343,,0.623535,,rest,0,0,debug,0.561119,0.580001,0.222847,0.555664,5,0.566705,0.597053,0.927500,0.471455,0.503193,0.846979,1.314503,-0.0333,0.935160,0.768767,0.668407,1.008370,1.708085,0.680849,1.076760,1.669107,0.554109
26.1011,squat,face,,0.016188,0.000000,,,,,,,,0.488653,0.348086,,0.585938,,rest,0,0,debug,0.561119,0.580001,0.222701,0.526367,5,0.576221,0.626035,0.929444,0.474953,0.515869,0.888884,1.405628,-0.0333,0.935160,1.593774,0.697548,1.000977,1.771624,0.700890,1.076760,1.688375,0.605917
26.1345,squat,face,,0.016188,0.000000,,,,,,,,,0.356089,0.036201,0.575684,,rest,0,0,debug,0.561119,0.580001,0.216663,0.573242,5,0.584345,0.647552,0.933681,0.482564,0.539231,0.929219,1.493797,-0.0333,0.935160,1.729724,0.718596,1.000977,1.794915,0.722144,1.076760,1.750427,0.708160
26.1678,squat,face,,0.016188,0.000000,,,,,,,,,0.360318,0.038884,0.554688,,rest,0,0,debug,0.561119,0.580001,0.207603,0.531738,5,0.592717,0.662325,0.936458,0.496122,0.571747,0.994175,1.558600,-0.0333,0.935160,1.750427,0.737220,1.008370,1.817209,0.744725,1.076760,1.794915,0.781679
26.2011,squat,face,,0.016188,0.000000,,,,,,,,,0.364175,0.048845,0.681641,,rest,0,0,debug,0.561119,0.580001,0.203762,0.576172,5,0.600452,0.671442,0.938611,0.508692,0.618731,1.068888,1.593774,-0.0333,0.929219,1.771624,0.773409,1.000977,1.817209,0.764749,1.076760,1.840072,0.831844
26.2345,squat,face,,0.016188,0.000000,,,,,,,,,0.368089,0.068425,0.650879,,rest,0,0,debug,0.561119,0.580001,0.189906,0.608398,5,0.606817,0.677641,0.938611,0.508692,0.618731,1.068888,1.593774,0.0000,0.929219,1.771624,0.773409,1.000977,1.817209,0.764749,1.076760,1.840072,0.831844
26.2678,squat,face,,0.016188,0.000000,,,,,,,,,0.370536,0.078530,0.643066,,rest,0,0,debug,0.561119,0.580001,0.185531,0.588867,5,0.614002,0.682173,0.940417,0.549649,0.668407,1.164298,1.630572,-0.0333,0.935160,1.794915,0.822490,1.000977,1.840072,0.795026,1.076760,1.889295,0.905393
26.3011,squat,face,,0.016188,0.000000,,,,,,,,,0.374604,0.092902,0.676270,,rest,0,0,debug,0.561119,0.580001,0.184047,0.644531,5,0.616778,0.682045,0.939792,0.576252,0.674571,1.183815,1.630572,-0.0333,0.935160,1.794915,0.851913,1.008370,1.840072,0.803767,1.068888,1.889295,0.948147
26.3345,squat,face,,0.016188,0.000000,,,,,,,,,0.377302,0.094157,0.648438,,rest,0,0,debug,0.561119,0.580001,0.178732,0.634766,5,0.614491,0.678231,0.938819,0.598130,0.677697,1.194168,1.648953,-0.0333,0.935160,1.794915,0.861952,1.008370,1.840072,0.799375,1.068888,1.889295,0.960600
26.3678,squat,face,,0.016188,0.000000,,,,,,,,,0.379380,0.113135,0.580078,,rest,0,0,debug,0.561119,0.580001,0.169762,0.550293,5,0.610849,0.675687,0.939097,0.613541,0.677697,1.194168,1.648953,-0.0333,0.935160,1.794915,0.883519,1.008370,1.840072,0.799375,1.076760,1.889295,0.960600
26.4012,squat,face,,0.016188,0.000000,,,,,,,,,0.379142,0.128238,0.491211,,rest,0,0,debug,0.561119,0.580001,0.168537,0.410889,5,0.606704,0.673622,0.938889,0.624387,0.677697,1.203997,1.669107,-0.0333,0.935160,1.794915,0.878216,1.008370,1.840072,0.790122,1.076760,1.915808,0.973377
26.4345,squat,face,,0.016188,0.000000,,,,,,,,,0.378759,0.164895,0.474854,,rest,0,0,debug,0.561119,0.580001,0.164260,0.268799,5,0.601620,0.672744,0.939375,0.629765,0.677697,1.203997,1.688375,-0.0333,0.935160,1.794915,0.878216,1.008370,1.840072,0.768767,1.076760,1.889295,0.960600
26.4678,squat,face,,0.016188,0.000000,,,,,,,,,0.376061,0.161087,0.655762,,rest,0,0,debug,0.561119,0.580001,0.163378,0.574219,5,0.595087,0.671303,0.938333,0.627067,0.677697,1.194168,1.688375,-0.0333,0.935160,1.794915,0.867062,1.000977,1.840072,0.749084,1.068888,1.889295,0.948147
26.5012,squat,face,,0.016188,0.000000,,,,,,,,,0.371276,0.179105,0.644043,,rest,0,0,debug,0.561119,0.580001,0.159384,0.604004,5,0.589756,0.671291,0.940486,0.624387,0.674571,1.194168,1.708085,-0.0333,0.935160,1.794915,0.846979,1.008370,1.840072,0.733523,1.076760,1.889295,0.935160
26.5345,squat,face,,0.016188,0.000000,,,,,,,,,0.369385,0.184736,0.641602,,rest,0,0,debug,0.561119,0.580001,0.154729,0.520508,5,0.586087,0.673373,0.942014,0.618731,0.664934,1.203997,1.708085,-0.0333,0.935160,1.794915,0.841410,1.008370,1.840072,0.718596,1.076760,1.889295,0.942041
26.5678,squat,face,,0.016188,0.000000,,,,,,,,,0.367238,0.207122,0.611816,,rest,0,0,debug,0.561119,0.580001,0.156742,0.431396,5,0.582712,0.674410,0.942222,0.616124,0.661926,1.224876,1.729724,-0.0333,0.935160,1.794915,0.872231,1.008370,1.840072,0.704263,1.068888,1.889295,0.954332
26.6012,squat,face,,0.016188,0.000000,,,,,,,,,0.363190,0.200434,0.669922,,rest,0,0,debug,0.561119,0.580001,0.155802,0.520996,5,0.581387,0.674947,0.942292,0.610974,0.655990,1.235223,1.729724,-0.0333,0.935160,1.794915,0.905393,1.008370,1.840072,0.697548,1.068888,1.889295,0.935160
26.6345,squat,face,,0.016188,0.000000,,,,,,,,,0.360781,,0.519531,,rest,0,0,debug,0.561119,0.580001,0.153105,0.290771,5,0.579944,0.672633,0.941667,0.605917,0.646873,1.245742,1.750427,-0.0333,0.935160,1.794915,0.888884,1.000977,1.865207,0.694236,1.076760,1.889295,0.948147
26.6678,squat,face,,0.016188,0.000000,,,,,,,,,0.360913,,0.488770,,rest,0,0,debug,0.561119,0.580001,0.149101,0.281738,5,0.577937,0.667831,0.942083,0.600585,0.644025,1.257213,1.750427,-0.0333,0.935160,1.794915,0.836601,1.008370,1.865207,0.687710,1.068888,1.889295,0.948147
26.7012,squat,face,,0.016188,0.000000,,,,,,,,,,,,,rest,0,0,debug,0.561119,0.580001,,,,0.575735,0.662278,0.941806,0.595695,0.638400,1.279198,1.750427,-0.0667,0.935160,1.794915,0.929219,1.008370,1.865207,0.674571,1.076760,1.889295,1.044894
26.7678,squat,face,,0.016188,0.000000,,,,,,,,,0.359000,,0.472900,,rest,0,0,debug,0.561119,0.580001,0.140461,0.355713,5,0.574445,0.653093,0.941389,0.590881,0.635628,1.302796,1.750427,-0.0333,0.935160,1.794915,1.030173,1.008370,1.865207,0.674571,1.068888,1.889295,1.127747
26.8012,squat,face,,0.016188,0.000000,,,,,,,,,0.357046,,0.519043,,rest,0,0,debug,0.561119,0.580001,0.140738,0.391846,5,0.574382,0.649254,0.941944,0.588168,0.638400,1.302796,1.771624,-0.0333,0.935160,1.794915,1.030173,1.008370,1.865207,0.671475,1.076760,1.915808,1.462855
26.8345,squat,face,,0.016188,0.000000,,,,,,,,0.431849,0.355117,,0.539062,,rest,0,0,debug,0.561119,0.580001,0.143188,0.287842,5,0.573302,0.644243,0.942153,0.588168,0.635628,1.302796,1.750427,-0.0333,0.935160,1.794915,1.008370,1.000977,1.865207,0.674571,1.076760,1.889295,1.136515
26.8678,squat,face,,0.016188,0.000000,,,,,,,,0.434057,0.352762,,0.444092,,rest,0,0,debug,0.561119,0.580001,0.137001,0.255859,5,0.570358,0.639173,0.941042,0.585812,0.635628,1.291297,1.750427,-0.0333,0.935160,1.794915,0.917560,1.008370,1.865207,0.671475,1.068888,1.915808,1.076760
26.9012,squat,face,,0.016188,0.000000,,,,,,,,,,,,,rest,0,0,debug,0.561119,0.580001,,,,0.567261,0.634826,0.941319,0.583475,0.632489,1.291297,1.750427,-0.0333,0.942041,1.794915,0.861952,1.000977,1.865207,0.671475,1.068888,1.915808,1.037485
26.9345,squat,face,,0.016188,0.000000,,,,,,,,,0.355109,,0.478760,,rest,0,0,debug,0.561119,0.580001,0.141908,0.254639,5,0.564695,0.631349,0.940972,0.581156,0.632489,1.291297,1.750427,-0.0333,0.929219,1.794915,0.827139,1.000977,1.865207,0.668407,1.068888,1.915808,1.015369
26.9678,squat,face,,0.016188,0.000000,,,,,,,,,0.354889,,0.622559,,rest,0,0,debug,0.561119,0.580001,0.137882,0.376221,5,0.562548,0.628699,0.940625,0.581156,0.632489,1.291297,1.771624,-0.0333,0.935160,1.794915,0.795026,1.008370,1.865207,0.671475,1.068888,1.889295,1.044894
27.0345,squat,face,,0.016188,0.000000,,,,,,,,,0.354383,,0.593750,,rest,0,0,debug,0.561119,0.580001,0.141483,0.299805,5,0.559956,0.624789,0.941181,0.581156,0.629765,1.291297,1.771624,0.0000,0.935160,1.794915,0.795026,1.008370,1.865207,0.668407,1.068888,1.915808,1.037485
27.0678,squat,face,,0.016188,0.000000,,,,,,,,0.420527,0.354386,,0.538086,,rest,0,0,debug,0.561119,0.580001,0.140686,0.269287,5,0.558926,0.623741,0.941875,0.581156,0.632489,1.291297,1.771624,0.0000,0.935160,1.794915,0.812693,1.008370,1.865207,0.671475,1.068888,1.915808,1.052952
27.1012,squat,face,,0.016188,0.000000,,,,,,,,,0.355718,,0.480713,,rest,0,0,debug,0.561119,0.580001,0.140470,0.268311,5,0.558119,0.623216,0.940903,0.581156,0.629765,1.291297,1.771624,0.0000,0.935160,1.794915,0.781679,1.008370,1.865207,0.668407,1.068888,1.889295,1.044894
27.1345,squat,face,,0.016188,0.000000,,,,,,,,,0.355666,,0.504395,,rest,0,0,debug,0.561119,0.580001,0.139466,0.315674,5,0.557263,0.623340,0.941181,0.581156,0.629765,1.291297,1.771624,0.0000,0.942041,1.794915,0.785877,1.008370,1.865207,0.668407,1.068888,1.915808,1.044894
27.1679,squat,face,,0.016188,0.000000,,,,,,,,,0.355325,,0.555176,,rest,0,0,debug,0.561119,0.580001,0.139907,0.335449,5,0.556554,0.623700,0.941042,0.583475,0.632489,1.291297,1.771624,0.0000,0.935160,1.794915,0.773409,1.000977,1.865207,0.668407,1.068888,1.889295,1.044894
27.2012,squat,face,,0.016188,0.000000,,,,,,,,,0.354296,,0.491211,,rest,0,0,debug,0.561119,0.580001,0.140369,0.332764,5,0.556137,0.624029,0.941389,0.583475,0.629765,1.291297,1.771624,0.0000,0.935160,1.794915,0.764749,1.008370,1.865207,0.668407,1.068888,1.889295,1.044894
27.2345,squat,face,,0.016188,0.000000,,,,,,,,,0.354545,,0.534668,,rest,0,0,debug,0.561119,0.580001,0.140450,0.357422,5,0.555633,0.623806,0.940903,0.583475,0.629765,1.291297,1.771624,0.0000,0.929219,1.794915,0.817238,1.000977,1.865207,0.668407,1.076760,1.889295,1.037485
27.2679,squat,face,,0.016188,0.000000,,,,,,,,,0.354121,,0.583984,,rest,0,0,debug,0.561119,0.580001,0.138991,0.429688,5,0.555220,0.623592,0.940972,0.585812,0.632489,1.291297,1.771624,-0.0333,0.935160,1.794915,0.841410,1.008370,1.865207,0.668407,1.068888,1.889295,1.044894
27.3012,squat,face,,0.016188,0.000000,,,,,,,,,0.353609,,0.613281,,rest,0,0,debug,0.561119,0.580001,0.140326,0.423584,5,0.554659,0.623160,0.941597,0.583475,0.632489,1.291297,1.771624,-0.0333,0.929219,1.794915,0.831844,1.000977,1.865207,0.668407,1.068888,1.889295,1.030173
27.3345,squat,face,,0.016188,0.000000,,,,,,,,,0.353089,,0.536621,,rest,0,0,debug,0.561119,0.580001,0.140247,0.370361,5,0.553984,0.622666,0.941528,0.583475,0.632489,1.291297,1.771624,-0.0333,0.935160,1.794915,0.851913,1.008370,1.865207,0.671475,1.068888,1.889295,1.037485
27.3679,squat,face,,0.016188,0.000000,,,,,,,,,0.352168,0.240955,0.624512,,rest,0,0,debug,0.561119,0.580001,0.139013,0.484375,5,0.553665,0.622298,0.940764,0.583475,0.632489,1.291297,1.771624,-0.0333,0.935160,1.794915,0.846979,1.008370,1.865207,0.671475,1.068888,1.915808,1.037485
27.4012,squat,face,,0.016188,0.000000,,,,,,,,,0.352504,,0.579590,,rest,0,0,debug,0.561119,0.580001,0.140502,0.441895,5,0.553376,0.622002,0.941389,0.583475,0.635628,1.291297,1.771624,-0.0333,0.935160,1.794915,0.867062,1.008370,1.865207,0.671475,1.076760,1.889295,1.037485
27.4345,squat,face,,0.016188,0.000000,,,,,,,,,0.352307,,0.551758,,rest,0,0,debug,0.561119,0.580001,0.140603,0.404541,5,0.553124,0.621714,0.940556,0.583475,0.632489,1.291297,1.771624,-0.0333,0.935160,1.794915,0.851913,1.000977,1.865207,0.671475,1.076760,1.915808,1.037485
27.4679,squat,face,,0.016188,0.000000,,,,,,,,,0.351495,0.225183,0.621094,,rest,0,0,debug,0.561119,0.580001,0.139829,0.465576,5,0.552774,0.621570,0.941389,0.585812,0.632489,1.291297,1.771624,-0.0333,0.935160,1.794915,0.872231,1.008370,1.865207,0.671475,1.068888,1.889295,1.044894
27.5012,squat,face,,0.016188,0.000000,,,,,,,,,0.350846,0.230340,0.647949,,rest,0,0,debug,0.561119,0.580001,0.138427,0.511230,5,0.552495,0.621424,0.941111,0.585812,0.635628,1.291297,1.771624,-0.0333,0.935160,1.794915,0.867062,1.008370,1.865207,0.674571,1.076760,1.915808,1.044894
27.5345,squat,face,,0.016188,0.000000,,,,,,,,,0.351278,0.214924,0.628418,,rest,0,0,debug,0.561119,0.580001,0.137727,0.466797,5,0.552338,0.621659,0.941042,0.585812,0.635628,1.291297,1.771624,-0.0333,0.935160,1.794915,0.867062,1.008370,1.865207,0.674571,1.076760,1.915808,1.044894
27.5679,squat,face,,0.016188,0.000000,,,,,,,,,0.350587,0.204673,0.643066,,rest,0,0,debug,0.561119,0.580001,0.136700,0.518066,5,0.551978,0.621706,0.941042,0.585812,0.635628,1.302796,1.771624,-0.0333,0.935160,1.794915,0.878216,1.008370,1.865207,0.674571,1.076760,1.889295,1.044894
27.6012,squat,face,,0.016188,0.000000,,,,,,,,,0.351010,0.224188,0.674805,,rest,0,0,debug,0.561119,0.580001,0.135613,0.560059,5,0.551727,0.622002,0.940417,0.585812,0.635628,1.291297,1.771624,-0.0333,0.935160,1.794915,0.888884,1.000977,1.865207,0.674571,1.068888,1.889295,1.068888
27.6345,squat,face,,0.016188,0.000000,,,,,,,,,0.350274,0.230381,0.648438,,rest,0,0,debug,0.561119,0.580001,0.135120,0.553711,5,0.551615,0.622082,0.941389,0.585812,0.635628,1.302796,1.771624,-0.0333,0.935160,1.794915,0.888884,1.008370,1.865207,0.674571,1.068888,1.889295,1.052952
27.6679,squat,face,,0.016188,0.000000,,,,,,,,,0.350322,0.241215,0.649414,,rest,0,0,debug,0.561119,0.580001,0.134781,0.562988,5,0.551490,0.622305,0.941250,0.585812,0.635628,1.291297,1.771624,-0.0333,0.929219,1.794915,0.872231,1.008370,1.865207,0.674571,1.076760,1.915808,1.044894
27.7012,squat,face,,0.016188,0.000000,,,,,,,,,0.350519,0.232180,0.635254,,rest,0,0,debug,0.561119,0.580001,0.134292,0.522949,5,0.551275,0.622147,0.941458,0.585812,0.635628,1.302796,1.771624,-0.0333,0.935160,1.794915,0.888884,1.000977,1.865207,0.674571,1.068888,1.889295,1.044894
27.7345,squat,face,,0.016188,0.000000,,,,,,,,,0.350390,0.218872,0.618652,,rest,0,0,debug,0.561119,0.580001,0.134809,0.507324,5,0.551089,0.622074,0.941667,0.588168,0.635628,1.291297,1.771624,-0.0333,0.935160,1.794915,0.894320,1.008370,1.865207,0.674571,1.076760,1.889295,1.052952
27.7679,squat,face,,0.016188,0.000000,,,,,,,,,0.350570,0.241327,0.667480,,rest,0,0,debug,0.561119,0.580001,0.134896,0.552734,5,0.550925,0.622032,0.941736,0.588168,0.635628,1.291297,1.771624,-0.0333,0.929219,1.794915,0.905393,1.000977,1.865207,0.674571,1.076760,1.889295,1.052952
27.8012,squat,face,,0.016188,0.000000,,,,,,,,,0.350531,0.237437,0.656250,,rest,0,0,debug,0.561119,0.580001,0.134966,0.519531,5,0.550723,0.621911,0.941667,0.585812,0.635628,1.291297,1.771624,-0.0333,0.935160,1.794915,0.899824,1.008370,1.865207,0.674571,1.068888,1.889295,1.044894
27.8345,squat,face,,0.016188,0.000000,,,,,,,,,0.350271,0.242845,0.657715,,rest,0,0,debug,0.561119,0.580001,0.134945,0.539062,5,0.550465,0.621722,0.941944,0.585812,0.638400,1.291297,1.771624,-0.0333,0.929219,1.794915,0.894320,1.008370,1.865207,0.674571,1.076760,1.915808,1.044894
27.8679,squat,face,,0.016188,0.000000,,,,,,,,,0.349858,0.231478,0.651855,,rest,0,0,debug,0.561119,0.580001,0.135512,0.558105,5,0.550168,0.621662,0.941458,0.588168,0.635628,1.302796,1.771624,-0.0333,0.935160,1.794915,0.888884,1.008370,1.865207,0.674571,1.068888,1.915808,1.044894
27.9012,squat,face,,0.016188,0.000000,,,,,,,,,0.350213,0.236387,0.662109,,rest,0,0,debug,0.561119,0.580001,0.135605,0.561035,5,0.549989,0.621659,0.941250,0.588168,0.635628,1.291297,1.771624,-0.0333,0.929219,1.794915,0.899824,1.000977,1.865207,0.674571,1.076760,1.889295,1.037485
27.9346,squat,face,,0.016188,0.000000,,,,,,,,,0.350013,0.241600,0.657227,,rest,0,0,debug,0.561119,0.580001,0.135422,0.555664,5,0.549717,0.621573,0.941944,0.588168,0.635628,1.302796,1.771624,-0.0333,0.935160,1.794915,0.894320,1.000977,1.865207,0.674571,1.068888,1.915808,1.044894
27.9679,squat,face,,0.016188,0.000000,,,,,,,,,0.349720,0.222941,0.650879,,rest,0,0,debug,0.561119,0.580001,0.136588,0.556152,5,0.549630,0.621430,0.941597,0.588168,0.635628,1.291297,1.771624,-0.0333,0.935160,1.794915,0.899824,1.008370,1.865207,0.674571,1.076760,1.889295,1.044894
28.0012,squat,face,,0.016188,0.000000,,,,,,,,,0.349837,0.222839,0.660645,,rest,0,0,debug,0.561119,0.580001,0.136843,0.570801,5,0.549432,0.621149,0.941597,0.585812,0.635628,1.291297,1.771624,-0.0333,0.935160,1.794915,0.894320,1.000977,1.865207,0.674571,1.076760,1.915808,1.037485
28.0346,squat,face,,0.016188,0.000000,,,,,,,,,0.349760,0.219079,0.654297,,rest,0,0,debug,0.561119,0.580001,0.135433,0.543457,5,0.549182,0.620953,0.941597,0.588168,0.635628,1.291297,1.771624,-0.0333,0.935160,1.794915,0.905393,1.008370,1.865207,0.674571,1.076760,1.915808,1.037485
28.0679,squat,face,,0.016188,0.000000,,,,,,,,,0.349934,0.218576,0.655762,,rest,0,0,debug,0.561119,0.580001,0.136960,0.532715,5,0.549026,0.620746,0.941181,0.588168,0.635628,1.291297,1.771624,-0.0333,0.935160,1.794915,0.888884,1.008370,1.865207,0.674571,1.060587,1.915808,1.044894
28.1012,squat,face,,0.016188,0.000000,,,,,,,,,0.349564,0.241539,0.673340,,rest,0,0,debug,0.561119,0.580001,0.136389,0.560547,5,0.548850,0.620491,0.941944,0.588168,0.635628,1.291297,1.771624,-0.0333,0.935160,1.794915,0.888884,1.008370,1.865207,0.674571,1.068888,1.889295,1.044894
28.1346,squat,face,,0.016188,0.000000,,,,,,,,,0.350138,0.241672,0.657227,,rest,0,0,debug,0.561119,0.580001,0.135228,0.550781,5,0.548775,0.620479,0.941319,0.588168,0.635628,1.291297,1.771624,-0.0333,0.935160,1.794915,0.888884,1.008370,1.865207,0.674571,1.076760,1.915808,1.044894
28.1679,squat,face,,0.016188,0.000000,,,,,,,,,0.350415,0.223119,0.667969,,rest,0,0,debug,0.561119,0.580001,0.135673,0.541992,5,0.548674,0.620240,0.941042,0.588168,0.635628,1.291297,1.771624,-0.0333,0.935160,1.794915,0.888884,1.008370,1.865207,0.674571,1.076760,1.889295,1.037485
28.2012,squat,face,,0.016188,0.000000,,,,,,,,,0.350260,0.241097,0.671387,,rest,0,0,debug,0.561119,0.580001,0.137021,0.560059,5,0.548444,0.620160,0.941250,0.588168,0.635628,1.291297,1.771624,-0.0333,0.929219,1.794915,0.905393,1.000977,1.865207,0.674571,1.068888,1.889295,1.030173
28.2346,squat,face,,0.016188,0.000000,,,,,,,,,0.349770,0.223097,0.663086,,rest,0,0,debug,0.561119,0.580001,0.137454,0.552246,5,0.548243,0.620027,0.941181,0.588168,0.635628,1.291297,1.771624,-0.0333,0.935160,1.794915,0.899824,1.000977,1.865207,0.677697,1.068888,1.889295,1.044894
28.2679,squat,face,,0.016188,0.000000,,,,,,,,,0.350070,0.225012,0.672363,,rest,0,0,debug,0.561119,0.580001,0.136657,0.565918,5,0.548038,0.619693,0.940903,0.590881,0.638400,1.291297,1.771624,-0.0333,0.935160,1.794915,0.899824,1.008370,1.865207,0.677697,1.068888,1.889295,1.022465
28.3012,squat,face,,0.016188,0.000000,,,,,,,,,0.350111,0.222567,0.663574,,rest,0,0,debug,0.561119,0.580001,0.137881,0.529297,5,0.547734,0.619338,0.940972,0.588168,0.638400,1.291297,1.771624,-0.0333,0.935160,1.794915,0.888884,1.000977,1.865207,0.674571,1.068888,1.915808,1.037485
28.3346,squat,face,,0.016188,0.000000,,,,,,,,,0.350344,0.220130,0.657227,,rest,0,0,debug,0.561119,0.580001,0.137996,0.512207,5,0.547499,0.619099,0.941597,0.588168,0.638400,1.291297,1.771624,-0.0333,0.929219,1.794915,0.899824,1.008370,1.865207,0.677697,1.068888,1.889295,1.037485
28.3679,squat,face,,0.016188,0.000000,,,,,,,,,0.350450,0.226937,0.663574,,rest,0,0,debug,0.561119,0.580001,0.138786,0.520996,5,0.547218,0.618819,0.942153,0.588168,0.635628,1.291297,1.771624,-0.0333,0.935160,1.794915,0.899824,1.000977,1.865207,0.677697,1.084739,1.889295,1.037485
28.4012,squat,face,,0.016188,0.000000,,,,,,,,,0.350623,0.231837,0.657715,,rest,0,0,debug,0.561119,0.580001,0.137788,0.505371,5,0.546982,0.618580,0.941667,0.588168,0.638400,1.291297,1.771624,-0.0333,0.935160,1.794915,0.911843,1.008370,1.865207,0.677697,1.068888,1.889295,1.037485
28.4346,squat,face,,0.016188,0.000000,,,,,,,,,0.351038,0.242911,0.655762,,rest,0,0,debug,0.561119,0.580001,0.138122,0.477295,5,0.546761,0.618241,0.941389,0.588168,0.638400,1.291297,1.771624,-0.0333,0.929219,1.794915,0.911843,1.008370,1.865207,0.677697,1.076760,1.915808,1.030173
28.4679,squat,face,,0.016188,0.000000,,,,,,,,,0.351030,0.242103,0.677734,,rest,0,0,debug,0.561119,0.580001,0.138886,0.533691,5,0.546501,0.618032,0.941667,0.588168,0.635628,1.291297,1.771624,-0.0333,0.929219,1.794915,0.905393,1.000977,1.865207,0.674571,1.068888,1.889295,1.030173
28.5012,squat,face,,0.016188,0.000000,,,,,,,,,0.351128,0.231776,0.673340,,rest,0,0,debug,0.561119,0.580001,0.138482,0.499512,5,0.546336,0.617785,0.941250,0.588168,0.635628,1.291297,1.771624,-0.0333,0.929219,1.794915,0.894320,1.008370,1.865207,0.677697,1.068888,1.915808,1.022465
28.5346,squat,face,,0.016188,0.000000,,,,,,,,,0.351243,0.231347,0.676270,,rest,0,0,debug,0.561119,0.580001,0.138021,0.494629,5,0.546132,0.617599,0.941597,0.588168,0.638400,1.291297,1.771624,-0.0333,0.935160,1.794915,0.899824,1.008370,1.865207,0.677697,1.076760,1.915808,1.022465
28.5679,squat,face,,0.016188,0.000000,,,,,,,,,0.351270,0.224570,0.683105,,rest,0,0,debug,0.561119,0.580001,0.139034,0.493408,5,0.546036,0.617633,0.941319,0.590881,0.638400,1.291297,1.771624,-0.0333,0.929219,1.794915,0.929219,1.000977,1.865207,0.677697,1.076760,1.889295,1.022465
28.6012,squat,face,,0.016188,0.000000,,,,,,,,,0.351274,,0.669434,,rest,0,0,debug,0.561119,0.580001,0.138904,0.440186,5,0.545950,0.617676,0.940972,0.588168,0.635628,1.291297,1.771624,-0.0333,0.935160,1.794915,0.905393,1.008370,1.865207,0.677697,1.076760,1.915808,1.030173
28.6346,squat,face,,0.016188,0.000000,,,,,,,,,0.351428,0.206392,0.663086,,rest,0,0,debug,0.561119,0.580001,0.139447,0.432129,5,0.545842,0.617745,0.941667,0.590881,0.638400,1.291297,1.771624,-0.0333,0.929219,1.794915,0.917560,1.000977,1.865207,0.677697,1.068888,1.889295,1.022465
28.6679,squat,face,,0.016188,0.000000,,,,,,,,,0.352008,,0.670898,,rest,0,0,debug,0.561119,0.580001,0.138141,0.455078,5,0.545626,0.617728,0.941458,0.590881,0.638400,1.279198,1.771624,-0.0333,0.935160,1.794915,0.905393,1.000977,1.865207,0.677697,1.068888,1.889295,1.037485
28.7013,squat,face,,0.016188,0.000000,,,,,,,,,0.352573,0.220298,0.699707,,rest,0,0,debug,0.561119,0.580001,0.137371,0.502441,5,0.545239,0.617529,0.941736,0.590881,0.641202,1.291297,1.771624,-0.0333,0.935160,1.794915,0.917560,1.000977,1.865207,0.677697,1.068888,1.889295,1.037485
28.7346,squat,face,,0.016188,0.000000,,,,,,,,,0.352431,0.218207,0.693359,,rest,0,0,debug,0.561119,0.580001,0.138936,0.485352,5,0.545021,0.617615,0.941181,0.590881,0.641202,1.291297,1.750427,-0.0333,0.935160,1.794915,0.911843,1.008370,1.865207,0.677697,1.076760,1.889295,1.037485
28.7679,squat,face,,0.016188,0.000000,,,,,,,,,0.352412,,0.529785,,rest,0,0,debug,0.561119,0.580001,0.142276,0.287109,5,0.544602,0.617533,0.941319,0.593279,0.641202,1.279198,1.750427,-0.0333,0.935160,1.794915,0.917560,1.008370,1.865207,0.680849,1.068888,1.889295,1.030173
28.8013,squat,face,,0.016188,0.000000,,,,,,,,,0.488612,0.301267,0.617676,,rest,0,0,debug,0.561119,0.580001,0.144767,0.409668,2,0.543955,0.617389,0.941319,0.595695,0.644025,1.268110,1.750427,-0.0667,0.935160,1.794915,0.841410,1.000977,1.840072,0.680849,1.068888,1.915808,0.987463
28.8679,squat,face,0.004045,0.009995,0.640625,0.557930,0.446024,0.047699,0.084799,0.640625,0.004045,4,0.510183,0.487453,,0.562500,,rest,0,0,debug,0.561119,0.580001,0.144639,0.302002,2,0.541897,0.618093,0.941319,0.595695,0.644025,1.268110,1.750427,0.0000,0.935160,1.794915,0.841410,1.000977,1.840072,0.680849,1.068888,1.915808,0.987463
28.9013,squat,face,,0.009995,0.000000,,,,,,,,0.509916,0.521459,0.246918,0.515625,,rest,0,0,debug,0.561119,0.580001,0.133262,0.365234,4,0.540355,0.618171,0.941458,0.603062,0.649744,1.245742,1.750427,-0.0333,0.935160,1.794915,0.768767,1.008370,1.840072,0.694236,1.068888,1.889295,1.022465
28.9346,squat,face,0.005196,0.008555,0.662360,0.552204,0.438193,0.054065,0.096115,0.662360,0.005196,4,0.492733,0.515809,0.280965,0.587402,,rest,0,0,debug,0.561119,0.580001,0.136274,0.506348,4,0.540186,0.619017,0.940833,0.603062,0.653060,1.245742,1.729724,-0.0333,0.935160,1.794915,0.764749,1.008370,1.840072,0.697548,1.068888,1.889295,1.060587
28.9679,squat,face,0.004405,0.007310,0.624805,0.548841,0.435566,0.049777,0.088492,0.624805,0.004405,4,0.492322,0.509405,0.470497,0.604980,,rest,0,0,debug,0.561119,0.580001,0.142824,0.528809,4,0.540507,0.620113,0.940833,0.603062,0.653060,1.245742,1.729724,0.0000,0.935160,1.794915,0.764749,1.008370,1.840072,0.697548,1.068888,1.889295,1.060587
29.0013,squat,face,0.004910,0.006590,0.795802,0.545958,0.431642,0.052552,0.093425,0.795802,0.004910,4,0.483737,0.496659,,0.559570,,rest,0,0,debug,0.561119,0.580001,0.142846,0.511230,4,0.541503,0.617923,0.940556,0.610974,0.658944,1.245742,1.708085,0.0000,0.935160,1.771624,0.773409,1.000977,1.840072,0.708160,1.068888,1.889295,1.174307
29.0346,squat,face,0.005072,0.006134,0.797334,0.538219,0.428154,0.053413,0.094956,0.797334,0.005072,4,0.482498,0.490913,0.646113,0.672363,,rest,0,0,debug,0.561119,0.580001,0.145990,0.496582,4,0.541901,0.615031,0.940764,0.616124,0.668407,1.245742,1.708085,0.0000,0.935160,1.794915,0.808208,1.000977,1.840072,0.722144,1.076760,1.889295,1.593774
29.0679,squat,face,0.005703,0.006005,0.830921,0.530540,0.420734,0.056639,0.100691,0.830921,0.005703,4,0.480795,0.477634,,0.610352,,rest,0,0,debug,0.561119,0.580001,0.151102,0.400635,4,0.542835,0.612328,0.941042,0.621734,0.671475,1.245742,1.688375,0.0000,0.929219,1.771624,0.856903,1.000977,1.840072,0.740954,1.076760,1.889295,1.648953
29.1013,squat,face,0.005780,0.005937,0.829156,0.521530,0.417458,0.057018,0.101366,0.829156,0.005780,4,0.477679,0.514009,,0.633301,,rest,0,0,debug,0.561119,0.580001,0.055941,0.210693,4,0.544083,0.608248,0.941389,0.624387,0.671475,1.245742,1.669107,0.0000,0.929219,1.771624,0.899824,1.000977,1.817209,0.760772,1.076760,1.889295,1.688375
29.1346,squat,face,0.006665,0.006156,0.805862,0.516086,0.410715,0.061229,0.108851,0.805862,0.006665,4,0.469794,0.523686,0.394592,0.566406,,rest,0,0,debug,0.561119,0.580001,0.049477,0.289795,4,0.545986,0.602557,0.940278,0.632489,0.677697,1.245742,1.630572,0.0000,0.935160,1.771624,1.000977,1.000977,1.817209,0.790122,1.068888,1.889295,1.729724
29.1679,squat,face,0.006856,0.006366,0.768331,0.506472,0.405219,0.062100,0.110400,0.768331,0.006856,4,0.464521,0.537451,,0.489990,,rest,0,0,debug,0.561119,0.580001,0.073673,0.199951,4,0.549958,0.597657,0.941458,0.629765,0.684034,1.245742,1.612598,0.0000,0.935160,1.771624,1.015369,1.000977,1.794915,0.808208,1.076760,1.915808,1.729724
29.2013,squat,face,0.007627,0.006744,0.823839,0.502145,0.400011,0.065499,0.116443,0.823839,0.007627,4,0.458446,0.485578,0.628258,0.595703,,rest,0,0,debug,0.561119,0.580001,0.154283,0.368896,4,0.554424,0.592641,0.940903,0.629765,0.687710,1.257213,1.593774,0.0000,0.935160,1.794915,1.044894,1.008370,1.794915,0.817238,1.068888,1.889295,1.750427
29.2346,squat,face,0.007858,0.007078,0.821168,0.493005,0.394436,0.066483,0.118191,0.821168,0.007858,4,0.455750,0.486531,0.503189,0.649902,,rest,0,0,debug,0.561119,0.580001,0.164144,0.459229,4,0.557675,0.588393,0.940278,0.627067,0.694236,1.245742,1.576596,0.0000,0.935160,1.794915,1.084739,1.000977,1.794915,0.827139,1.068888,1.889295,1.750427
29.2679,squat,face,0.008535,0.007515,0.888567,0.486234,0.387909,0.069287,0.123177,0.888567,0.008535,4,0.451430,0.472559,,0.710938,,rest,0,0,debug,0.561119,0.580001,0.160553,0.353027,4,0.558835,0.584703,0.940208,0.613541,0.694236,1.235223,1.558600,0.0000,0.929219,1.771624,1.060587,1.008370,1.771624,0.827139,1.068888,1.889295,1.729724
29.3013,squat,face,0.009792,0.008198,0.841722,0.481024,0.374962,0.074216,0.131939,0.841722,0.009792,4,0.447976,0.485802,,0.530762,,rest,0,0,debug,0.561119,0.580001,0.175273,0.342285,4,0.557573,0.581472,0.938194,0.590881,0.690958,1.203997,1.558600,0.0000,0.935160,1.794915,0.973377,1.008370,1.750427,0.822490,1.076760,1.889295,1.669107
29.3346,squat,face,0.009920,0.008715,0.809490,0.477541,0.369735,0.074700,0.132800,0.809490,0.009920,4,0.448891,0.470044,,0.479248,,rest,0,0,debug,0.561119,0.580001,0.178743,0.272217,4,0.554160,0.578634,0.937361,0.558342,0.680849,1.155103,1.542162,0.0000,0.929219,1.794915,0.923352,1.008370,1.729724,0.812693,1.068888,1.889295,0.785877
29.3679,squat,face,0.011037,0.009411,0.839108,0.475355,0.362291,0.078792,0.140074,0.839108,0.011037,4,0.441739,0.469552,,0.472412,,rest,0,0,debug,0.561119,0.580001,0.178346,0.184814,4,0.547965,0.576130,0.934444,0.508692,0.658944,1.101668,1.526079,0.0000,0.929219,1.794915,0.878216,1.008370,1.708085,0.795026,1.076760,1.889295,0.567312
29.4013,squat,face,0.013081,0.010512,0.890488,0.470072,0.346007,0.085780,0.152498,0.890488,0.013081,4,0.434586,0.449713,,0.562012,,rest,0,0,debug,0.561119,0.580001,0.187335,0.421143,4,0.538493,0.574863,0.934792,0.314496,0.571747,1.037485,1.526079,0.0000,0.935160,1.794915,0.836601,1.008370,1.708085,0.781679,1.068888,1.889295,0.322418
29.4346,squat,face,0.014555,0.011725,0.869963,0.467583,0.334777,0.090483,0.160859,0.869963,0.014555,4,0.423597,0.453522,,0.587402,,rest,0,0,debug,0.561119,0.580001,0.192248,0.468018,4,0.533010,0.572929,0.939028,0.258716,0.517695,1.008370,1.526079,0.0000,0.935160,1.794915,0.795026,1.000977,1.729724,0.760772,1.076760,1.889295,0.269474
29.4680,squat,face,0.016320,0.013104,0.819680,0.466934,0.324649,0.095813,0.170334,0.819680,0.016320,4,0.418400,0.448124,0.265554,0.603516,,rest,0,0,debug,0.561119,0.580001,0.213918,0.390137,4,0.533726,0.572010,0.935139,0.249999,0.512256,0.994175,1.526079,0.0000,0.935160,1.771624,0.756835,1.008370,1.729724,0.733523,1.068888,1.915808,0.257675
29.5013,squat,face,0.017123,0.014309,0.850379,0.464418,0.314656,0.098140,0.174471,0.850379,0.017123,4,0.414779,0.433947,,0.592773,,rest,0,0,debug,0.561119,0.580001,0.213159,0.381592,4,0.537005,0.571805,0.930000,0.369940,0.504929,0.987463,1.509210,0.0000,0.929219,1.771624,0.733523,1.008370,1.708085,0.708160,1.076760,1.915808,0.394757
29.5346,squat,face,0.018903,0.015688,0.869402,0.466536,0.300615,0.103117,0.183319,0.869402,0.018903,4,0.409847,0.437451,,0.616699,,rest,0,0,debug,0.561119,0.580001,0.229409,0.388428,4,0.543565,0.572338,0.932778,0.396899,0.503193,0.980837,1.509210,0.0000,0.929219,1.771624,0.711603,1.008370,1.729724,0.684034,1.068888,1.915808,0.411575
29.5680,squat,face,0.020796,0.017220,0.863202,0.466553,0.286668,0.108156,0.192277,0.863202,0.020796,4,0.398630,0.427274,,0.648438,,rest,0,0,debug,0.561119,0.580001,0.239847,0.365234,4,0.548331,0.571744,0.933958,0.414236,0.508692,0.966947,1.509210,0.0000,0.935160,1.771624,0.694236,1.000977,1.750427,0.661926,1.076760,1.915808,0.432797
29.6013,squat,face,0.022269,0.018735,0.895682,0.464223,0.272803,0.111921,0.198970,0.895682,0.022269,4,0.384788,0.426248,,0.591797,,rest,0,0,debug,0.561119,0.580001,0.254772,0.340088,4,0.549531,0.570532,0.936806,0.417618,0.494686,0.960600,1.509210,0.0000,0.935160,1.750427,0.674571,1.008370,1.771624,0.635628,1.068888,1.889295,0.438354
29.6346,squat,face,0.024564,0.020484,0.895682,0.465939,0.266064,0.117547,0.208973,0.895682,0.024564,4,0.378936,0.422142,,0.647461,,rest,0,0,debug,0.561119,0.580001,0.258600,0.295898,4,0.551098,0.570136,0.937708,0.429170,0.489484,0.960600,1.509210,0.0000,0.929219,1.750427,0.661926,1.000977,1.771624,0.616124,1.068888,1.915808,0.453498
29.6680,squat,face,0.024967,0.021829,0.859517,0.467745,0.262020,0.118507,0.210680,0.859517,0.024967,4,0.490287,0.306178,,0.805176,,rest,0,0,debug,0.561119,0.580001,0.264423,0.399902,5,0.553893,0.570991,0.937569,0.439485,0.499512,0.966947,1.526079,-0.0333,0.929219,1.750427,0.635628,1.000977,1.794915,0.588168,1.068888,1.915808,0.508692
29.7013,squat,face,0.026592,0.023258,0.859233,0.470109,0.249246,0.122302,0.217426,0.859233,0.026592,4,0.487031,0.299132,,0.821777,,rest,0,0,debug,0.561119,0.580001,0.272912,0.437012,5,0.557361,0.572283,0.937292,0.440998,0.501469,0.966947,1.526079,-0.0333,0.935160,1.750427,0.621734,1.008370,1.794915,0.578857,1.076760,1.889295,0.523517
29.7346,squat,face,0.028355,0.024787,0.876115,0.466322,0.241061,0.126292,0.224520,0.876115,0.028355,4,0.486414,0.299136,,0.782715,,rest,0,0,debug,0.561119,0.580001,0.277089,0.437988,5,0.561462,0.574989,0.937292,0.440998,0.501469,0.966947,1.526079,0.0000,0.935160,1.750427,0.621734,1.008370,1.794915,0.578857,1.076760,1.889295,0.523517
29.7680,squat,face,0.031480,0.026795,0.904362,0.464421,0.227247,0.133070,0.236570,0.904362,0.031480,4,0.485271,0.296161,,0.812500,,rest,0,0,debug,0.561119,0.580001,0.274487,0.414307,5,0.565567,0.578753,0.937778,0.440998,0.503193,0.966947,1.526079,0.0000,0.929219,1.750427,0.605917,1.000977,1.794915,0.567312,1.076760,1.889295,0.533333
29.8013,squat,face,0.031964,0.028346,0.904902,0.467182,0.226048,0.134089,0.238381,0.904902,0.031964,4,0.482172,0.294368,,0.849121,,rest,0,0,debug,0.561119,0.580001,0.277071,0.399414,5,0.569003,0.581796,0.937431,0.440998,0.503193,0.960600,1.526079,0.0000,0.935160,1.750427,0.593279,1.008370,1.794915,0.562637,1.076760,1.889295,0.535285
29.8346,squat,face,0.032455,0.029579,0.884436,0.468195,0.222597,0.135115,0.240204,0.884436,0.032455,4,0.481290,0.291015,,0.846191,,rest,0,0,debug,0.561119,0.580001,0.283103,0.404053,5,0.573302,0.585296,0.937639,0.440998,0.506679,0.960600,1.542162,0.0000,0.935160,1.750427,0.590881,1.000977,1.794915,0.558342,1.068888,1.889295,0.537251
29.8680,squat,face,0.034534,0.031065,0.871085,0.468571,0.217081,0.139376,0.247779,0.871085,0.034534,4,0.479740,0.289974,,0.829102,,rest,0,0,debug,0.561119,0.580001,0.286281,0.404053,5,0.577515,0.588771,0.937708,0.442524,0.503193,0.960600,1.526079,0.0000,0.929219,1.750427,0.588168,1.008370,1.794915,0.554109,1.068888,1.889295,0.533333
29.9013,squat,face,0.034805,0.032187,0.871645,0.470837,0.212471,0.139920,0.248747,0.871645,0.034805,4,0.477591,0.287203,,0.816406,,rest,0,0,debug,0.561119,0.580001,0.289839,0.417236,5,0.582130,0.593053,0.937847,0.445217,0.503193,0.960600,1.542162,0.0000,0.935160,1.750427,0.585812,1.000977,1.794915,0.551723,1.076760,1.889295,0.529473
29.9346,squat,face,0.036922,0.033608,0.870524,0.467305,0.207459,0.144114,0.256203,0.870524,0.036922,4,0.476246,0.289337,,0.792969,,rest,0,0,debug,0.561119,0.580001,0.290144,0.402588,5,0.587084,0.597553,0.938403,0.445217,0.504929,0.960600,1.542162,0.0000,0.929219,1.750427,0.583475,1.008370,1.817209,0.549649,1.084739,1.889295,0.533333
29.9680,squat,face,0.036424,0.034453,0.868278,0.469866,0.205839,0.143139,0.254469,0.868278,0.036424,4,0.476205,0.288555,,0.790527,,rest,0,0,debug,0.561119,0.580001,0.290922,0.398682,5,0.592195,0.601788,0.938472,0.445217,0.503193,0.960600,1.542162,0.0000,0.935160,1.750427,0.583475,1.008370,1.817209,0.549649,1.076760,1.889295,0.529473
30.0013,squat,face,0.036597,0.035096,0.864332,0.471133,0.206779,0.143477,0.255071,0.864332,0.036597,4,0.475971,0.288413,,0.783203,,rest,0,0,debug,0.561119,0.580001,0.291808,0.400391,5,0.597495,0.606271,0.938472,0.445217,0.503193,0.954332,1.542162,0.0000,0.935160,1.750427,0.581156,1.008370,1.794915,0.547593,1.076760,1.889295,0.529473
30.0346,squat,face,0.036762,0.035596,0.905981,0.469827,0.199568,0.143801,0.255646,0.905981,0.036762,4,0.477398,0.288991,,0.803711,,rest,0,0,debug,0.561119,0.580001,0.284500,0.395508,5,0.603391,0.613678,0.938403,0.442524,0.499512,0.966947,1.558600,0.0000,0.935160,1.729724,0.573991,1.015369,1.817209,0.547593,1.084739,1.889295,0.543524
